name,iso,id,country,admin_level,category,range_type,range,population,under_5_population,under_5_population_share,under_5_population_interval,under_5_population_interval_share,school_age_population,school_age_population_share,school_age_population_interval,school_age_population_interval_share,adults_population,adults_population_share,adults_population_interval,adults_population_interval_share,women_childbearing_population,women_childbearing_population_share,women_childbearing_population_interval,women_childbearing_population_interval_share,elderly_population,elderly_population_share,elderly_population_interval,elderly_population_interval_share,population_share,population_interval,population_interval_share
Meherpur,,16705992B11914188004823,BGD,ADM2,primary_healthcare,TIME,600,168380,11848,24.5,11848,24.5,52050,24.5,52050,24.5,155326,24.52,155326,24.52,52244,24.53,52244,24.53,14371,24.54,14371,24.54,24.52,168380,24.52
Meherpur,,16705992B11914188004823,BGD,ADM2,primary_healthcare,TIME,1200,367684,25888,53.53,14040,29.03,113726,53.53,61676,29.03,339196,53.54,183870,29.02,114051,53.55,61807,29.02,31364,53.55,16993,29.01,53.54,199304,29.02
Meherpur,,16705992B11914188004823,BGD,ADM2,primary_healthcare,TIME,1800,473267,33320,68.89,7432,15.37,146376,68.9,32650,15.37,436596,68.92,97400,15.37,146805,68.93,32754,15.38,40372,68.93,9008,15.38,68.92,105583,15.37
Meherpur,,16705992B11914188004823,BGD,ADM2,primary_healthcare,TIME,2400,576606,40604,83.95,7284,15.06,178372,83.95,31996,15.06,531935,83.96,95339,15.05,178841,83.97,32036,15.04,49181,83.97,8809,15.04,83.96,103339,15.05
Meherpur,,16705992B11914188004823,BGD,ADM2,primary_healthcare,TIME,3000,631250,44462,91.93,3858,7.98,195313,91.93,16941,7.97,582353,91.92,50418,7.96,195768,91.92,16927,7.95,53835,91.92,4654,7.95,91.92,54644,7.96
Meherpur,,16705992B11914188004823,BGD,ADM2,primary_healthcare,TIME,3600,641374,45174,93.4,712,1.47,198444,93.4,3131,1.47,591692,93.4,9339,1.47,198909,93.39,3141,1.47,54699,93.39,864,1.48,93.4,10124,1.47
Meherpur,,16705992B11914188004823,BGD,ADM2,primary_healthcare,TIME,4200,646523,45537,94.15,363,0.75,200036,94.15,1592,0.75,596441,94.15,4749,0.75,200506,94.14,1597,0.75,55138,94.14,439,0.75,94.15,5149,0.75
Meherpur,,16705992B11914188004823,BGD,ADM2,primary_healthcare,TIME,4800,649872,45772,94.64,235,0.49,201071,94.64,1035,0.49,599531,94.63,3090,0.49,201545,94.63,1039,0.49,55424,94.63,286,0.49,94.63,3349,0.49
Meherpur,,16705992B11914188004823,BGD,ADM2,primary_healthcare,TIME,5400,650137,45791,94.68,19,0.04,201153,94.68,82,0.04,599776,94.67,245,0.04,201628,94.67,83,0.04,55447,94.67,23,0.04,94.67,265,0.04
Meherpur,,16705992B11914188004823,BGD,ADM2,primary_healthcare,TIME,6000,652145,45932,94.97,141,0.29,201774,94.97,621,0.29,601628,94.97,1852,0.29,202251,94.96,623,0.29,55618,94.96,171,0.29,94.96,2008,0.29
Meherpur,,16705992B11914188004823,BGD,ADM2,primary_healthcare,TIME,6600,653280,46012,95.13,80,0.17,202125,95.13,351,0.17,602674,95.13,1046,0.17,202603,95.13,352,0.17,55715,95.13,97,0.17,95.13,1135,0.17
Meherpur,,16705992B11914188004823,BGD,ADM2,primary_healthcare,TIME,7200,654166,46074,95.26,62,0.13,202398,95.26,273,0.13,603492,95.26,818,0.13,202878,95.26,275,0.13,55791,95.26,76,0.13,95.26,886,0.13
Barguna,,16705992B13795829103768,BGD,ADM2,primary_healthcare,TIME,600,133243,10978,14.82,10978,14.82,44947,14.81,44947,14.81,121107,14.82,121107,14.82,38682,14.82,38682,14.82,13178,14.82,13178,14.82,14.82,133243,14.82
Barguna,,16705992B13795829103768,BGD,ADM2,primary_healthcare,TIME,1200,342422,28219,38.08,17241,23.27,115503,38.05,70556,23.24,311243,38.08,190136,23.26,99414,38.09,60732,23.27,33857,38.07,20679,23.25,38.08,209179,23.26
Barguna,,16705992B13795829103768,BGD,ADM2,primary_healthcare,TIME,1800,511840,42177,56.92,13958,18.84,172660,56.87,57157,18.83,465229,56.92,153986,18.84,148595,56.94,49181,18.84,50614,56.91,16757,18.84,56.92,169418,18.84
Barguna,,16705992B13795829103768,BGD,ADM2,primary_healthcare,TIME,2400,622953,51327,69.27,9150,12.35,210224,69.25,37564,12.37,566201,69.28,100972,12.35,180824,69.29,32229,12.35,61625,69.29,11011,12.38,69.28,111113,12.36
Barguna,,16705992B13795829103768,BGD,ADM2,primary_healthcare,TIME,3000,676203,55708,75.18,4381,5.91,228255,75.19,18031,5.94,614583,75.2,48382,5.92,196266,75.2,15442,5.92,66909,75.23,5284,5.94,75.2,53250,5.92
Barguna,,16705992B13795829103768,BGD,ADM2,primary_healthcare,TIME,3600,766053,63123,85.19,7415,10.01,258692,85.21,30437,10.03,696265,85.19,81682,9.99,222331,85.19,26065,9.99,75780,85.21,8871,9.97,85.19,89850,9.99
Barguna,,16705992B13795829103768,BGD,ADM2,primary_healthcare,TIME,4200,794554,65474,88.36,2351,3.17,268308,88.38,9616,3.17,722173,88.36,25908,3.17,230605,88.36,8274,3.17,78596,88.37,2816,3.17,88.36,28501,3.17
Barguna,,16705992B13795829103768,BGD,ADM2,primary_healthcare,TIME,4800,816687,67298,90.82,1824,2.46,275770,90.84,7462,2.46,742292,90.82,20119,2.46,237032,90.82,6427,2.46,80784,90.83,2188,2.46,90.83,22133,2.46
Barguna,,16705992B13795829103768,BGD,ADM2,primary_healthcare,TIME,5400,877189,72286,97.55,4988,6.73,296176,97.56,20406,6.72,797288,97.55,54996,6.73,254599,97.55,17567,6.73,86762,97.56,5978,6.72,97.55,60502,6.73
Barguna,,16705992B13795829103768,BGD,ADM2,primary_healthcare,TIME,6000,882502,72724,98.14,438,0.59,297968,98.15,1792,0.59,802118,98.15,4830,0.59,256142,98.14,1543,0.59,87287,98.15,525,0.59,98.15,5313,0.59
Barguna,,16705992B13795829103768,BGD,ADM2,primary_healthcare,TIME,6600,887214,73112,98.67,388,0.52,299556,98.67,1588,0.52,806401,98.67,4283,0.52,257510,98.67,1368,0.52,87753,98.67,466,0.52,98.67,4712,0.52
Barguna,,16705992B13795829103768,BGD,ADM2,primary_healthcare,TIME,7200,889313,73285,98.9,173,0.23,300264,98.9,708,0.23,808308,98.9,1907,0.23,258120,98.9,610,0.23,87961,98.9,208,0.23,98.9,2099,0.23
Jhalokati,,16705992B14602656752780,BGD,ADM2,primary_healthcare,TIME,600,78629,6147,11.84,6147,11.84,28726,11.81,28726,11.81,70905,11.77,70905,11.77,22642,11.74,22642,11.74,8339,11.65,8339,11.65,11.76,78629,11.76
Jhalokati,,16705992B14602656752780,BGD,ADM2,primary_healthcare,TIME,1200,356287,27667,53.31,21520,41.46,129721,53.31,100995,41.51,320942,53.29,250037,41.52,102721,53.28,80079,41.54,38132,53.26,29793,41.61,53.29,277658,41.53
Jhalokati,,16705992B14602656752780,BGD,ADM2,primary_healthcare,TIME,1800,423173,32860,63.31,5193,10.01,154065,63.32,24344,10.01,381190,63.3,60248,10.0,122004,63.29,19283,10.0,45293,63.26,7161,10.0,63.29,66886,10.0
Jhalokati,,16705992B14602656752780,BGD,ADM2,primary_healthcare,TIME,2400,516730,40113,77.29,7253,13.97,188083,77.3,34018,13.98,465444,77.29,84254,13.99,148987,77.28,26983,14.0,55328,77.28,10035,14.02,77.28,93557,13.99
Jhalokati,,16705992B14602656752780,BGD,ADM2,primary_healthcare,TIME,3000,572181,44427,85.6,4314,8.31,208238,85.59,20155,8.28,515406,85.58,49962,8.3,164970,85.57,15983,8.29,61251,85.55,5923,8.27,85.58,55451,8.29
Jhalokati,,16705992B14602656752780,BGD,ADM2,primary_healthcare,TIME,3600,658239,51097,98.45,6670,12.85,239542,98.45,31304,12.87,592902,98.45,77496,12.87,189791,98.45,24821,12.88,70485,98.45,9234,12.9,98.45,86058,12.87
Jhalokati,,16705992B14602656752780,BGD,ADM2,primary_healthcare,TIME,4200,658257,51098,98.45,1,0.0,239548,98.45,6,0.0,592919,98.45,17,0.0,189796,98.45,5,0.0,70487,98.45,2,0.0,98.45,18,0.0
Jhalokati,,16705992B14602656752780,BGD,ADM2,primary_healthcare,TIME,4800,658456,51114,98.49,16,0.03,239620,98.48,72,0.03,593098,98.48,179,0.03,189853,98.48,57,0.03,70508,98.48,21,0.03,98.48,199,0.03
Jhalokati,,16705992B14602656752780,BGD,ADM2,primary_healthcare,TIME,5400,668604,51900,100.0,786,1.51,243311,100.0,3691,1.52,602237,100.0,9139,1.52,192780,100.0,2927,1.52,71597,100.0,1089,1.52,100.0,10148,1.52
Jhalokati,,16705992B14602656752780,BGD,ADM2,primary_healthcare,TIME,6000,668604,51900,100.0,0,0.0,243311,100.0,0,0.0,602237,100.0,0,0.0,192780,100.0,0,0.0,71597,100.0,0,0.0,100.0,0,0.0
Jhalokati,,16705992B14602656752780,BGD,ADM2,primary_healthcare,TIME,6600,668604,51900,100.0,0,0.0,243311,100.0,0,0.0,602237,100.0,0,0.0,192780,100.0,0,0.0,71597,100.0,0,0.0,100.0,0,0.0
Jhalokati,,16705992B14602656752780,BGD,ADM2,primary_healthcare,TIME,7200,668604,51900,100.0,0,0.0,243311,100.0,0,0.0,602237,100.0,0,0.0,192780,100.0,0,0.0,71597,100.0,0,0.0,100.0,0,0.0
Chuadanga,,16705992B19758630986204,BGD,ADM2,primary_healthcare,TIME,1200,12148,893,0.98,893,0.98,3928,0.98,3928,0.98,11251,0.98,11251,0.98,3683,0.98,3683,0.98,991,0.98,991,0.98,0.98,12148,0.98
Chuadanga,,16705992B19758630986204,BGD,ADM2,primary_healthcare,TIME,1800,306529,22551,24.84,21658,23.85,99163,24.84,95235,23.86,283862,24.84,272611,23.85,92874,24.84,89191,23.85,25065,24.84,24074,23.86,24.84,294381,23.85
Chuadanga,,16705992B19758630986204,BGD,ADM2,primary_healthcare,TIME,2400,768420,56548,62.28,33997,37.44,248581,62.27,149418,37.43,711587,62.27,427725,37.43,232802,62.26,139928,37.42,62844,62.29,37779,37.45,62.27,461891,37.43
Chuadanga,,16705992B19758630986204,BGD,ADM2,primary_healthcare,TIME,3000,1124547,82739,91.13,26191,28.85,363762,91.12,115181,28.85,1041418,91.13,329831,28.86,340744,91.13,107942,28.87,91925,91.11,29081,28.82,91.13,356127,28.86
Chuadanga,,16705992B19758630986204,BGD,ADM2,primary_healthcare,TIME,3600,1182286,86985,95.8,4246,4.68,382436,95.8,18674,4.68,1094897,95.81,53479,4.68,358248,95.81,17504,4.68,96637,95.78,4712,4.67,95.81,57739,4.68
Chuadanga,,16705992B19758630986204,BGD,ADM2,primary_healthcare,TIME,4200,1210577,89066,98.09,2081,2.29,391586,98.09,9150,2.29,1121099,98.1,26202,2.29,366823,98.1,8575,2.29,98947,98.07,2310,2.29,98.1,28291,2.29
Chuadanga,,16705992B19758630986204,BGD,ADM2,primary_healthcare,TIME,4800,1212758,89226,98.27,160,0.18,392292,98.27,706,0.18,1123119,98.28,2020,0.18,367484,98.28,661,0.18,99125,98.25,178,0.18,98.27,2181,0.18
Chuadanga,,16705992B19758630986204,BGD,ADM2,primary_healthcare,TIME,5400,1219323,89709,98.8,483,0.53,394416,98.8,2124,0.53,1129199,98.81,6080,0.53,369473,98.81,1989,0.53,99662,98.78,537,0.53,98.81,6565,0.53
Chuadanga,,16705992B19758630986204,BGD,ADM2,primary_healthcare,TIME,6000,1219440,89718,98.81,9,0.01,394454,98.81,38,0.01,1129307,98.82,108,0.01,369508,98.82,35,0.01,99672,98.79,10,0.01,98.82,117,0.01
Chuadanga,,16705992B19758630986204,BGD,ADM2,primary_healthcare,TIME,6600,1219441,89718,98.81,0,0.0,394454,98.81,0,0.0,1129308,98.82,1,0.0,369508,98.82,0,0.0,99672,98.79,0,0.0,98.82,1,0.0
Chuadanga,,16705992B19758630986204,BGD,ADM2,primary_healthcare,TIME,7200,1219459,89719,98.81,1,0.0,394460,98.81,6,0.0,1129325,98.82,17,0.0,369514,98.82,6,0.0,99674,98.79,2,0.0,98.82,18,0.0
Kushtia,,16705992B21124734124900,BGD,ADM2,primary_healthcare,TIME,600,371134,28030,17.82,28030,17.82,120883,17.82,120883,17.82,342251,17.82,342251,17.82,110627,17.82,110627,17.82,31785,17.83,31785,17.83,17.82,371134,17.82
Kushtia,,16705992B21124734124900,BGD,ADM2,primary_healthcare,TIME,1200,679003,51282,32.6,23252,14.78,221160,32.61,100277,14.78,626161,32.61,283910,14.78,202396,32.6,91769,14.78,58153,32.62,26368,14.79,32.61,307869,14.79
Kushtia,,16705992B21124734124900,BGD,ADM2,primary_healthcare,TIME,1800,958652,72445,46.06,21163,13.45,312333,46.05,91173,13.44,884058,46.04,257897,13.43,285740,46.02,83344,13.42,82093,46.05,23940,13.43,46.04,279649,13.43
Kushtia,,16705992B21124734124900,BGD,ADM2,primary_healthcare,TIME,2400,1386493,104759,66.6,32314,20.54,451678,66.6,139345,20.55,1278629,66.59,394571,20.55,413325,66.58,127585,20.55,118710,66.59,36617,20.54,66.59,427841,20.55
Kushtia,,16705992B21124734124900,BGD,ADM2,primary_healthcare,TIME,3000,1674310,126472,80.41,21713,13.8,545372,80.41,93694,13.81,1544070,80.41,265441,13.82,499190,80.41,85865,13.83,143338,80.41,24628,13.82,80.41,287817,13.82
Kushtia,,16705992B21124734124900,BGD,ADM2,primary_healthcare,TIME,3600,1912003,144417,91.82,17945,11.41,622765,91.82,77393,11.41,1763272,91.82,219202,11.42,570077,91.82,70887,11.42,163688,91.82,20350,11.42,91.82,237693,11.42
Kushtia,,16705992B21124734124900,BGD,ADM2,primary_healthcare,TIME,4200,1931367,145888,92.75,1471,0.94,629091,92.75,6326,0.93,1781131,92.75,17859,0.93,575845,92.75,5768,0.93,165344,92.75,1656,0.93,92.75,19364,0.93
Kushtia,,16705992B21124734124900,BGD,ADM2,primary_healthcare,TIME,4800,1954009,147598,93.84,1710,1.09,636461,93.84,7370,1.09,1802011,93.84,20880,1.09,582598,93.84,6753,1.09,167283,93.84,1939,1.09,93.84,22642,1.09
Kushtia,,16705992B21124734124900,BGD,ADM2,primary_healthcare,TIME,5400,1965709,148483,94.4,885,0.56,640275,94.4,3814,0.56,1812801,94.4,10790,0.56,586085,94.4,3487,0.56,168285,94.4,1002,0.56,94.4,11700,0.56
Kushtia,,16705992B21124734124900,BGD,ADM2,primary_healthcare,TIME,6000,2021548,152706,97.09,4223,2.68,658477,97.09,18202,2.68,1864296,97.08,51495,2.68,602726,97.08,16641,2.68,173066,97.08,4781,2.68,97.08,55839,2.68
Kushtia,,16705992B21124734124900,BGD,ADM2,primary_healthcare,TIME,6600,2024028,152894,97.21,188,0.12,659285,97.21,808,0.12,1866582,97.2,2286,0.12,603465,97.2,739,0.12,173279,97.2,213,0.12,97.2,2480,0.12
Kushtia,,16705992B21124734124900,BGD,ADM2,primary_healthcare,TIME,7200,2026387,153072,97.32,178,0.11,660053,97.32,768,0.11,1868757,97.32,2175,0.11,604168,97.31,703,0.11,173481,97.32,202,0.11,97.32,2359,0.11
Khulna,,16705992B21968895988188,BGD,ADM2,primary_healthcare,TIME,600,1336115,93178,57.61,93178,57.61,430156,57.65,430156,57.65,1231864,57.71,1231864,57.71,400070,57.68,400070,57.68,114702,57.59,114702,57.59,57.7,1336115,57.7
Khulna,,16705992B21968895988188,BGD,ADM2,primary_healthcare,TIME,1200,1657427,115736,71.56,22558,13.95,533968,71.56,103812,13.91,1527939,71.58,296075,13.87,496360,71.57,96290,13.88,142453,71.52,27751,13.93,71.57,321312,13.88
Khulna,,16705992B21968895988188,BGD,ADM2,primary_healthcare,TIME,1800,1839871,128515,79.46,12779,7.9,592875,79.45,58907,7.89,1696025,79.45,168086,7.87,551020,79.45,54660,7.88,158238,79.45,15785,7.93,79.45,182444,7.88
Khulna,,16705992B21968895988188,BGD,ADM2,primary_healthcare,TIME,2400,2008417,140288,86.74,11773,7.28,647193,86.73,54318,7.28,1851382,86.73,155357,7.28,601484,86.72,50464,7.28,172746,86.73,14508,7.28,86.73,168546,7.28
Khulna,,16705992B21968895988188,BGD,ADM2,primary_healthcare,TIME,3000,2098217,146554,90.62,6266,3.87,676125,90.61,28932,3.88,1934155,90.61,82773,3.88,628393,90.6,26909,3.88,180474,90.61,7728,3.88,90.61,89800,3.88
Khulna,,16705992B21968895988188,BGD,ADM2,primary_healthcare,TIME,3600,2122909,148276,91.68,1722,1.06,684074,91.68,7949,1.07,1956921,91.67,22766,1.07,635787,91.67,7394,1.07,182594,91.68,2120,1.06,91.67,24692,1.07
Khulna,,16705992B21968895988188,BGD,ADM2,primary_healthcare,TIME,4200,2242686,156637,96.85,8361,5.17,722671,96.85,38597,5.17,2067325,96.85,110404,5.17,671685,96.85,35898,5.18,192904,96.85,10310,5.18,96.85,119777,5.17
Khulna,,16705992B21968895988188,BGD,ADM2,primary_healthcare,TIME,4800,2251556,157255,97.23,618,0.38,725526,97.23,2855,0.38,2075503,97.23,8178,0.38,674341,97.23,2656,0.38,193665,97.23,761,0.38,97.23,8870,0.38
Khulna,,16705992B21968895988188,BGD,ADM2,primary_healthcare,TIME,5400,2255348,157520,97.4,265,0.16,726747,97.4,1221,0.16,2078999,97.39,3496,0.16,675476,97.39,1135,0.16,193991,97.4,326,0.16,97.39,3792,0.16
Khulna,,16705992B21968895988188,BGD,ADM2,primary_healthcare,TIME,6000,2262386,158010,97.7,490,0.3,729012,97.7,2265,0.3,2085489,97.7,6490,0.3,677583,97.7,2107,0.3,194595,97.7,604,0.3,97.7,7038,0.3
Khulna,,16705992B21968895988188,BGD,ADM2,primary_healthcare,TIME,6600,2263791,158108,97.76,98,0.06,729465,97.76,453,0.06,2086784,97.76,1295,0.06,678004,97.76,421,0.06,194716,97.76,121,0.06,97.76,1405,0.06
Khulna,,16705992B21968895988188,BGD,ADM2,primary_healthcare,TIME,7200,2266442,158293,97.88,185,0.11,730318,97.87,853,0.11,2089228,97.87,2444,0.11,678798,97.87,794,0.11,194943,97.88,227,0.11,97.87,2651,0.11
Joypurhat,,16705992B2288856744536,BGD,ADM2,primary_healthcare,TIME,600,125479,8679,13.5,8679,13.5,37514,13.5,37514,13.5,115631,13.51,115631,13.51,38334,13.51,38334,13.51,10830,13.52,10830,13.52,13.51,125479,13.51
Joypurhat,,16705992B2288856744536,BGD,ADM2,primary_healthcare,TIME,1200,325191,22501,34.99,13822,21.49,97252,35.0,59738,21.5,299672,35.01,184041,21.5,99338,35.01,61004,21.5,28063,35.02,17233,21.51,35.01,199712,21.5
Joypurhat,,16705992B2288856744536,BGD,ADM2,primary_healthcare,TIME,1800,493522,34164,53.13,11663,18.14,147638,53.13,50386,18.13,454800,53.13,155128,18.12,150748,53.13,51410,18.12,42582,53.14,14519,18.12,53.14,168331,18.12
Joypurhat,,16705992B2288856744536,BGD,ADM2,primary_healthcare,TIME,2400,729689,50520,78.56,16356,25.43,218311,78.56,70673,25.43,672445,78.56,217645,25.43,222893,78.56,72145,25.43,62952,78.56,20370,25.42,78.56,236167,25.43
Joypurhat,,16705992B2288856744536,BGD,ADM2,primary_healthcare,TIME,3000,857774,59386,92.35,8866,13.79,256625,92.35,38314,13.79,790480,92.35,118035,13.79,262020,92.35,39127,13.79,74003,92.35,11051,13.79,92.35,128085,13.79
Joypurhat,,16705992B2288856744536,BGD,ADM2,primary_healthcare,TIME,3600,928806,64307,100.0,4921,7.65,277886,100.0,21261,7.65,855942,100.0,65462,7.65,283718,100.0,21698,7.65,80129,100.0,6126,7.65,100.0,71032,7.65
Joypurhat,,16705992B2288856744536,BGD,ADM2,primary_healthcare,TIME,4200,928806,64307,100.0,0,0.0,277886,100.0,0,0.0,855942,100.0,0,0.0,283718,100.0,0,0.0,80129,100.0,0,0.0,100.0,0,0.0
Joypurhat,,16705992B2288856744536,BGD,ADM2,primary_healthcare,TIME,4800,928806,64307,100.0,0,0.0,277886,100.0,0,0.0,855942,100.0,0,0.0,283718,100.0,0,0.0,80129,100.0,0,0.0,100.0,0,0.0
Joypurhat,,16705992B2288856744536,BGD,ADM2,primary_healthcare,TIME,5400,928806,64307,100.0,0,0.0,277886,100.0,0,0.0,855942,100.0,0,0.0,283718,100.0,0,0.0,80129,100.0,0,0.0,100.0,0,0.0
Joypurhat,,16705992B2288856744536,BGD,ADM2,primary_healthcare,TIME,6000,928806,64307,100.0,0,0.0,277886,100.0,0,0.0,855942,100.0,0,0.0,283718,100.0,0,0.0,80129,100.0,0,0.0,100.0,0,0.0
Joypurhat,,16705992B2288856744536,BGD,ADM2,primary_healthcare,TIME,6600,928806,64307,100.0,0,0.0,277886,100.0,0,0.0,855942,100.0,0,0.0,283718,100.0,0,0.0,80129,100.0,0,0.0,100.0,0,0.0
Joypurhat,,16705992B2288856744536,BGD,ADM2,primary_healthcare,TIME,7200,928806,64307,100.0,0,0.0,277886,100.0,0,0.0,855942,100.0,0,0.0,283718,100.0,0,0.0,80129,100.0,0,0.0,100.0,0,0.0
Bandarban,,16705992B23463827258150,BGD,ADM2,primary_healthcare,TIME,600,22620,2603,4.32,2603,4.32,9952,4.48,9952,4.48,21508,4.24,21508,4.24,5981,4.22,5981,4.22,1289,4.15,1289,4.15,4.23,22620,4.23
Bandarban,,16705992B23463827258150,BGD,ADM2,primary_healthcare,TIME,1200,36975,4238,7.03,1635,2.71,15990,7.19,6038,2.72,35147,6.92,13639,2.69,9769,6.9,3788,2.68,2117,6.82,828,2.67,6.92,14355,2.69
Bandarban,,16705992B23463827258150,BGD,ADM2,primary_healthcare,TIME,1800,201568,22930,38.03,18692,31.0,84288,37.91,68298,30.72,191500,37.72,156353,30.8,53169,37.56,43400,30.66,11645,37.53,9528,30.71,37.71,164593,30.8
Bandarban,,16705992B23463827258150,BGD,ADM2,primary_healthcare,TIME,2400,253273,28641,47.51,5711,9.47,105639,47.51,21351,9.6,240574,47.39,49074,9.67,67018,47.34,13849,9.78,14679,47.31,3034,9.78,47.39,51705,9.67
Bandarban,,16705992B23463827258150,BGD,ADM2,primary_healthcare,TIME,3000,300157,33718,55.93,5077,8.42,124965,56.21,19326,8.69,285048,56.15,44474,8.76,79713,56.31,12695,8.97,17456,56.26,2777,8.95,56.16,46884,8.77
Bandarban,,16705992B23463827258150,BGD,ADM2,primary_healthcare,TIME,3600,378181,42603,70.66,8885,14.74,157759,70.96,32794,14.75,359181,70.76,74133,14.6,100301,70.85,20588,14.54,21958,70.77,4502,14.51,70.76,78024,14.6
Bandarban,,16705992B23463827258150,BGD,ADM2,primary_healthcare,TIME,4200,391068,44022,73.02,1419,2.35,163099,73.36,5340,2.4,371411,73.17,12230,2.41,103761,73.3,3460,2.44,22715,73.21,757,2.44,73.17,12887,2.41
Bandarban,,16705992B23463827258150,BGD,ADM2,primary_healthcare,TIME,4800,392261,44157,73.24,135,0.22,163591,73.58,492,0.22,372544,73.39,1133,0.22,104076,73.52,315,0.22,22785,73.44,70,0.23,73.39,1193,0.22
Bandarban,,16705992B23463827258150,BGD,ADM2,primary_healthcare,TIME,5400,397555,44758,74.24,601,1.0,165778,74.56,2187,0.98,377573,74.38,5029,0.99,105471,74.5,1395,0.99,23091,74.42,306,0.99,74.38,5294,0.99
Bandarban,,16705992B23463827258150,BGD,ADM2,primary_healthcare,TIME,6000,405248,45630,75.68,872,1.45,168949,75.99,3171,1.43,384880,75.82,7307,1.44,107499,75.94,2028,1.43,23537,75.86,446,1.44,75.82,7693,1.44
Bandarban,,16705992B23463827258150,BGD,ADM2,primary_healthcare,TIME,6600,426474,48044,79.69,2414,4.0,177811,79.98,8862,3.99,405045,79.79,20165,3.97,113098,79.89,5599,3.96,24764,79.82,1227,3.95,79.79,21226,3.97
Bandarban,,16705992B23463827258150,BGD,ADM2,primary_healthcare,TIME,7200,426914,48094,79.77,50,0.08,177993,80.06,182,0.08,405464,79.88,419,0.08,113214,79.97,116,0.08,24790,79.9,26,0.08,79.88,440,0.08
Jessore,,16705992B28022870637862,BGD,ADM2,primary_healthcare,TIME,600,960975,70695,31.46,70695,31.46,314225,31.47,314225,31.47,886924,31.49,886924,31.49,290101,31.49,290101,31.49,81567,31.46,81567,31.46,31.49,960975,31.49
Jessore,,16705992B28022870637862,BGD,ADM2,primary_healthcare,TIME,1200,2182937,160575,71.46,89880,40.0,713850,71.49,399625,40.02,2014640,71.52,1127716,40.04,659008,71.54,368907,40.05,185373,71.49,103806,40.03,71.52,1221962,40.04
Jessore,,16705992B28022870637862,BGD,ADM2,primary_healthcare,TIME,1800,2901738,213600,95.06,53025,23.6,949311,95.07,235461,23.58,2677924,95.07,663284,23.55,875801,95.07,216793,23.53,246513,95.07,61140,23.58,95.07,718801,23.55
Jessore,,16705992B28022870637862,BGD,ADM2,primary_healthcare,TIME,2400,3029326,223003,99.25,9403,4.18,991075,99.25,41764,4.18,2795668,99.25,117744,4.18,914297,99.25,38496,4.18,257355,99.25,10842,4.18,99.25,127588,4.18
Jessore,,16705992B28022870637862,BGD,ADM2,primary_healthcare,TIME,3000,3041407,223903,99.65,900,0.4,995055,99.65,3980,0.4,2806808,99.65,11140,0.4,917929,99.65,3632,0.39,258391,99.65,1036,0.4,99.65,12081,0.4
Jessore,,16705992B28022870637862,BGD,ADM2,primary_healthcare,TIME,3600,3042485,223983,99.68,80,0.04,995409,99.68,354,0.04,2807802,99.68,994,0.04,918254,99.68,325,0.04,258483,99.68,92,0.04,99.68,1078,0.04
Jessore,,16705992B28022870637862,BGD,ADM2,primary_healthcare,TIME,4200,3052166,224697,100.0,714,0.32,998578,100.0,3169,0.32,2816735,100.0,8933,0.32,921174,100.0,2920,0.32,259306,100.0,823,0.32,100.0,9681,0.32
Jessore,,16705992B28022870637862,BGD,ADM2,primary_healthcare,TIME,4800,3052166,224697,100.0,0,0.0,998578,100.0,0,0.0,2816735,100.0,0,0.0,921174,100.0,0,0.0,259306,100.0,0,0.0,100.0,0,0.0
Jessore,,16705992B28022870637862,BGD,ADM2,primary_healthcare,TIME,5400,3052166,224697,100.0,0,0.0,998578,100.0,0,0.0,2816735,100.0,0,0.0,921174,100.0,0,0.0,259306,100.0,0,0.0,100.0,0,0.0
Jessore,,16705992B28022870637862,BGD,ADM2,primary_healthcare,TIME,6000,3052166,224697,100.0,0,0.0,998578,100.0,0,0.0,2816735,100.0,0,0.0,921174,100.0,0,0.0,259306,100.0,0,0.0,100.0,0,0.0
Jessore,,16705992B28022870637862,BGD,ADM2,primary_healthcare,TIME,6600,3052166,224697,100.0,0,0.0,998578,100.0,0,0.0,2816735,100.0,0,0.0,921174,100.0,0,0.0,259306,100.0,0,0.0,100.0,0,0.0
Jessore,,16705992B28022870637862,BGD,ADM2,primary_healthcare,TIME,7200,3052166,224697,100.0,0,0.0,998578,100.0,0,0.0,2816735,100.0,0,0.0,921174,100.0,0,0.0,259306,100.0,0,0.0,100.0,0,0.0
Brahamanbaria,,16705992B2831557138260,BGD,ADM2,primary_healthcare,TIME,1200,14967,1769,0.46,1769,0.46,6566,0.46,6566,0.46,13837,0.46,13837,0.46,4144,0.46,4144,0.46,1247,0.46,1247,0.46,0.46,14967,0.46
Brahamanbaria,,16705992B2831557138260,BGD,ADM2,primary_healthcare,TIME,1800,228806,27148,7.04,25379,6.58,100513,7.06,93947,6.6,211549,7.06,197712,6.6,63265,7.07,59121,6.61,19047,7.07,17800,6.61,7.06,213839,6.6
Brahamanbaria,,16705992B2831557138260,BGD,ADM2,primary_healthcare,TIME,2400,959577,114208,29.62,87060,22.58,421953,29.63,321440,22.57,887272,29.62,675723,22.56,265034,29.63,201769,22.56,79812,29.62,60765,22.55,29.62,730771,22.56
Brahamanbaria,,16705992B2831557138260,BGD,ADM2,primary_healthcare,TIME,3000,2122296,252704,65.55,138496,35.92,933366,65.55,511413,35.92,1962404,65.52,1075132,35.89,586082,65.53,321048,35.9,176494,65.49,96682,35.88,65.52,1162719,35.89
Brahamanbaria,,16705992B2831557138260,BGD,ADM2,primary_healthcare,TIME,3600,2449663,291684,75.66,38980,10.11,1077333,75.66,143967,10.11,2265108,75.62,302704,10.11,676484,75.64,90402,10.11,203718,75.6,27224,10.1,75.62,327367,10.11
Brahamanbaria,,16705992B2831557138260,BGD,ADM2,primary_healthcare,TIME,4200,2758458,328483,85.2,36799,9.54,1213177,85.2,135844,9.54,2550643,85.16,285535,9.53,761736,85.17,85252,9.53,229393,85.12,25675,9.53,85.15,308795,9.53
Brahamanbaria,,16705992B2831557138260,BGD,ADM2,primary_healthcare,TIME,4800,2930107,348938,90.51,20455,5.31,1288689,90.5,75512,5.3,2709362,90.46,158719,5.3,809124,90.47,47388,5.3,243665,90.42,14272,5.3,90.45,171649,5.3
Brahamanbaria,,16705992B2831557138260,BGD,ADM2,primary_healthcare,TIME,5400,3079078,366673,95.11,17735,4.6,1354186,95.1,65497,4.6,2847117,95.06,137755,4.6,850259,95.07,41135,4.6,256047,95.02,12382,4.59,95.05,148971,4.6
Brahamanbaria,,16705992B2831557138260,BGD,ADM2,primary_healthcare,TIME,6000,3079886,366769,95.13,96,0.02,1354542,95.13,356,0.03,2847864,95.08,747,0.02,850482,95.1,223,0.02,256115,95.04,68,0.03,95.08,808,0.02
Brahamanbaria,,16705992B2831557138260,BGD,ADM2,primary_healthcare,TIME,6600,3081772,366994,95.19,225,0.06,1355372,95.19,830,0.06,2849608,95.14,1744,0.06,851003,95.15,521,0.06,256272,95.1,157,0.06,95.14,1886,0.06
Brahamanbaria,,16705992B2831557138260,BGD,ADM2,primary_healthcare,TIME,7200,3086460,367552,95.34,558,0.14,1357432,95.33,2060,0.14,2853943,95.28,4335,0.14,852297,95.3,1294,0.14,256661,95.24,389,0.14,95.28,4688,0.14
Narayanganj,,16705992B28796010313895,BGD,ADM2,primary_healthcare,TIME,600,1674107,137406,44.9,137406,44.9,593906,44.94,593906,44.94,1589719,45.02,1589719,45.02,507982,45.01,507982,45.01,97484,44.89,97484,44.89,45.01,1674107,45.01
Narayanganj,,16705992B28796010313895,BGD,ADM2,primary_healthcare,TIME,1200,3295264,270993,88.55,133587,43.65,1170487,88.56,576581,43.63,3129019,88.61,1539300,43.59,1000041,88.61,492059,43.6,192022,88.42,94538,43.53,88.59,1621157,43.59
Narayanganj,,16705992B28796010313895,BGD,ADM2,primary_healthcare,TIME,1800,3575236,294141,96.11,23148,7.56,1270292,96.11,99805,7.55,3394622,96.13,265603,7.52,1084893,96.12,84852,7.52,208582,96.04,16560,7.62,96.12,279972,7.53
Narayanganj,,16705992B28796010313895,BGD,ADM2,primary_healthcare,TIME,2400,3646374,300004,98.03,5863,1.92,1295597,98.03,25305,1.91,3462164,98.04,67542,1.91,1106487,98.04,21594,1.91,212735,97.95,4153,1.91,98.03,71138,1.91
Narayanganj,,16705992B28796010313895,BGD,ADM2,primary_healthcare,TIME,3000,3671429,302069,98.7,2065,0.67,1304509,98.7,8912,0.67,3485955,98.71,23791,0.67,1114093,98.71,7606,0.67,214195,98.62,1460,0.67,98.71,25055,0.67
Narayanganj,,16705992B28796010313895,BGD,ADM2,primary_healthcare,TIME,3600,3673402,302232,98.75,163,0.05,1305211,98.75,702,0.05,3487820,98.77,1865,0.05,1114690,98.77,597,0.05,214317,98.68,122,0.06,98.76,1973,0.05
Narayanganj,,16705992B28796010313895,BGD,ADM2,primary_healthcare,TIME,4200,3684566,303152,99.05,920,0.3,1309194,99.06,3983,0.3,3498268,99.06,10448,0.3,1118037,99.06,3347,0.3,215120,99.05,803,0.37,99.06,11164,0.3
Narayanganj,,16705992B28796010313895,BGD,ADM2,primary_healthcare,TIME,4800,3685701,303245,99.09,93,0.03,1309597,99.09,403,0.03,3499346,99.09,1078,0.03,1118382,99.09,345,0.03,215187,99.08,67,0.03,99.09,1135,0.03
Narayanganj,,16705992B28796010313895,BGD,ADM2,primary_healthcare,TIME,5400,3719452,306042,100.0,2797,0.91,1321658,100.0,12061,0.91,3531368,100.0,32022,0.91,1128618,100.0,10236,0.91,217180,100.0,1993,0.92,100.0,33751,0.91
Narayanganj,,16705992B28796010313895,BGD,ADM2,primary_healthcare,TIME,6000,3719452,306042,100.0,0,0.0,1321658,100.0,0,0.0,3531368,100.0,0,0.0,1128618,100.0,0,0.0,217180,100.0,0,0.0,100.0,0,0.0
Narayanganj,,16705992B28796010313895,BGD,ADM2,primary_healthcare,TIME,6600,3719452,306042,100.0,0,0.0,1321658,100.0,0,0.0,3531368,100.0,0,0.0,1128618,100.0,0,0.0,217180,100.0,0,0.0,100.0,0,0.0
Narayanganj,,16705992B28796010313895,BGD,ADM2,primary_healthcare,TIME,7200,3719485,306045,100.0,3,0.0,1321669,100.0,11,0.0,3531399,100.0,31,0.0,1128628,100.0,10,0.0,217182,100.0,2,0.0,100.0,33,0.0
Lakshmipur,,16705992B31973889793084,BGD,ADM2,primary_healthcare,TIME,1800,50583,5161,2.5,5161,2.5,21272,2.5,21272,2.5,46590,2.5,46590,2.5,14731,2.5,14731,2.5,4389,2.5,4389,2.5,2.5,50583,2.5
Lakshmipur,,16705992B31973889793084,BGD,ADM2,primary_healthcare,TIME,2400,207216,21149,10.26,15988,7.76,87199,10.26,65927,7.76,190865,10.25,144275,7.75,60344,10.25,45613,7.75,17972,10.24,13583,7.74,10.25,156633,7.75
Lakshmipur,,16705992B31973889793084,BGD,ADM2,primary_healthcare,TIME,3000,692408,70618,34.26,49469,24.0,291213,34.26,204014,24.0,637718,34.26,446853,24.0,201665,34.25,141321,24.0,60106,34.25,42134,24.01,34.26,485192,24.0
Lakshmipur,,16705992B31973889793084,BGD,ADM2,primary_healthcare,TIME,3600,1225861,125071,60.68,54453,26.42,515637,60.66,224424,26.4,1129081,60.65,491363,26.39,357013,60.64,155348,26.39,106369,60.61,46263,26.36,60.65,533453,26.39
Lakshmipur,,16705992B31973889793084,BGD,ADM2,primary_healthcare,TIME,4200,1372097,139976,67.91,14905,7.23,577108,67.89,61471,7.23,1263757,67.89,134676,7.23,399610,67.88,42597,7.24,119073,67.85,12704,7.24,67.88,146236,7.23
Lakshmipur,,16705992B31973889793084,BGD,ADM2,primary_healthcare,TIME,4800,1490641,151883,73.69,11907,5.78,626565,73.71,49457,5.82,1372760,73.74,109003,5.86,434228,73.76,34618,5.88,129541,73.81,10468,5.96,73.75,118544,5.86
Lakshmipur,,16705992B31973889793084,BGD,ADM2,primary_healthcare,TIME,5400,1536214,156536,75.95,4653,2.26,645738,75.96,19173,2.26,1414739,76.0,41979,2.25,447499,76.01,13271,2.25,133493,76.06,3952,2.25,76.0,45573,2.25
Lakshmipur,,16705992B31973889793084,BGD,ADM2,primary_healthcare,TIME,6000,1579058,160901,78.06,4365,2.12,663741,78.08,18003,2.12,1454193,78.12,39454,2.12,459980,78.13,12481,2.12,137217,78.19,3724,2.12,78.12,42844,2.12
Lakshmipur,,16705992B31973889793084,BGD,ADM2,primary_healthcare,TIME,6600,1591800,162195,78.69,1294,0.63,669088,78.71,5347,0.63,1465924,78.75,11731,0.63,463694,78.76,3714,0.63,138328,78.82,1111,0.63,78.75,12742,0.63
Lakshmipur,,16705992B31973889793084,BGD,ADM2,primary_healthcare,TIME,7200,1612017,164248,79.69,2053,1.0,677568,79.71,8480,1.0,1484535,79.75,18611,1.0,469586,79.76,5892,1.0,140091,79.82,1763,1.0,79.75,20217,1.0
Naogaon,,16705992B34203284467157,BGD,ADM2,primary_healthcare,TIME,600,302889,21650,11.05,21650,11.05,93458,11.05,93458,11.05,279745,11.06,279745,11.06,92865,11.06,92865,11.06,25513,11.06,25513,11.06,11.06,302889,11.06
Naogaon,,16705992B34203284467157,BGD,ADM2,primary_healthcare,TIME,1200,554159,39611,20.22,17961,9.17,170993,20.22,77535,9.17,511815,20.23,232070,9.17,169902,20.23,77037,9.17,46678,20.24,21165,9.18,20.23,251270,9.17
Naogaon,,16705992B34203284467157,BGD,ADM2,primary_healthcare,TIME,1800,1042637,74532,38.04,34921,17.83,321737,38.04,150744,17.82,962972,38.06,451157,17.83,319666,38.06,149764,17.83,87820,38.08,41142,17.84,38.06,488478,17.83
Naogaon,,16705992B34203284467157,BGD,ADM2,primary_healthcare,TIME,2400,1382377,98831,50.45,24299,12.4,426623,50.44,104886,12.4,1276761,50.46,313789,12.4,423823,50.47,104157,12.4,116429,50.49,28609,12.41,50.47,339740,12.4
Naogaon,,16705992B34203284467157,BGD,ADM2,primary_healthcare,TIME,3000,1697348,121393,61.96,22562,11.52,523983,61.95,97360,11.51,1567695,61.96,290934,11.5,520370,61.96,96547,11.5,142931,61.98,26502,11.49,61.96,314971,11.5
Naogaon,,16705992B34203284467157,BGD,ADM2,primary_healthcare,TIME,3600,2110858,150956,77.05,29563,15.09,651600,77.04,127617,15.09,1949614,77.06,381919,15.1,647151,77.06,126781,15.1,177756,77.08,34825,15.1,77.06,413510,15.1
Naogaon,,16705992B34203284467157,BGD,ADM2,primary_healthcare,TIME,4200,2274889,162692,83.04,11736,5.99,702286,83.04,50686,5.99,2101131,83.05,151517,5.99,697439,83.05,50288,5.99,191553,83.07,13797,5.98,83.05,164031,5.99
Naogaon,,16705992B34203284467157,BGD,ADM2,primary_healthcare,TIME,4800,2692097,192529,98.27,29837,15.23,831169,98.28,128883,15.24,2486512,98.28,385381,15.23,825351,98.28,127912,15.23,226644,98.28,35091,15.22,98.28,417208,15.23
Naogaon,,16705992B34203284467157,BGD,ADM2,primary_healthcare,TIME,5400,2692843,192584,98.3,55,0.03,831403,98.3,234,0.03,2487201,98.31,689,0.03,825579,98.31,228,0.03,226706,98.31,62,0.03,98.31,746,0.03
Naogaon,,16705992B34203284467157,BGD,ADM2,primary_healthcare,TIME,6000,2694402,192695,98.36,111,0.06,831884,98.36,481,0.06,2488642,98.36,1441,0.06,826058,98.36,479,0.06,226837,98.37,131,0.06,98.36,1559,0.06
Naogaon,,16705992B34203284467157,BGD,ADM2,primary_healthcare,TIME,6600,2696945,192877,98.45,182,0.09,832669,98.45,785,0.09,2490990,98.46,2348,0.09,826837,98.46,779,0.09,227052,98.46,215,0.09,98.46,2543,0.09
Naogaon,,16705992B34203284467157,BGD,ADM2,primary_healthcare,TIME,7200,2698173,192965,98.5,88,0.04,833048,98.5,379,0.04,2492124,98.5,1134,0.04,827214,98.5,377,0.04,227155,98.5,103,0.04,98.5,1228,0.04
Rangpur,,16705992B34260815515495,BGD,ADM2,primary_healthcare,TIME,600,693423,57700,21.31,57700,21.31,238932,21.34,238932,21.34,642073,21.41,642073,21.41,201605,21.43,201605,21.43,56773,21.49,56773,21.49,21.41,693423,21.41
Rangpur,,16705992B34260815515495,BGD,ADM2,primary_healthcare,TIME,1200,1521016,126673,46.78,68973,25.47,524405,46.84,285473,25.5,1408466,46.96,766393,25.55,442163,47.0,240558,25.57,124447,47.11,67674,25.62,46.97,827593,25.56
Rangpur,,16705992B34260815515495,BGD,ADM2,primary_healthcare,TIME,1800,2195025,183060,67.61,56387,20.83,757506,67.67,233101,20.82,2032804,67.77,624338,20.82,637971,67.81,195808,20.81,179391,67.91,54944,20.8,67.78,674009,20.81
Rangpur,,16705992B34260815515495,BGD,ADM2,primary_healthcare,TIME,2400,2799890,233792,86.35,50732,18.74,967069,86.39,209563,18.72,2593188,86.46,560384,18.68,813621,86.48,175650,18.67,228604,86.55,49213,18.63,86.46,604865,18.68
Rangpur,,16705992B34260815515495,BGD,ADM2,primary_healthcare,TIME,3000,3070782,256362,94.68,22570,8.34,1060469,94.73,93400,8.34,2844033,94.82,250845,8.36,892371,94.85,78750,8.37,250770,94.94,22166,8.39,94.83,270892,8.37
Rangpur,,16705992B34260815515495,BGD,ADM2,primary_healthcare,TIME,3600,3193694,266629,98.47,10267,3.79,1102904,98.52,42435,3.79,2957859,98.61,113826,3.79,928093,98.65,35722,3.8,260817,98.74,10047,3.8,98.62,122912,3.8
Rangpur,,16705992B34260815515495,BGD,ADM2,primary_healthcare,TIME,4200,3235932,270564,99.93,3935,1.45,1118671,99.93,15767,1.41,2997295,99.93,39436,1.31,940150,99.93,12057,1.28,263950,99.93,3133,1.19,99.93,42238,1.3
Rangpur,,16705992B34260815515495,BGD,ADM2,primary_healthcare,TIME,4800,3235932,270564,99.93,0,0.0,1118671,99.93,0,0.0,2997295,99.93,0,0.0,940150,99.93,0,0.0,263950,99.93,0,0.0,99.93,0,0.0
Rangpur,,16705992B34260815515495,BGD,ADM2,primary_healthcare,TIME,5400,3235932,270564,99.93,0,0.0,1118671,99.93,0,0.0,2997295,99.93,0,0.0,940150,99.93,0,0.0,263950,99.93,0,0.0,99.93,0,0.0
Rangpur,,16705992B34260815515495,BGD,ADM2,primary_healthcare,TIME,6000,3238251,270762,100.0,198,0.07,1119478,100.0,807,0.07,2999440,100.0,2145,0.07,940825,100.0,675,0.07,264142,100.0,192,0.07,100.0,2319,0.07
Rangpur,,16705992B34260815515495,BGD,ADM2,primary_healthcare,TIME,6600,3238251,270762,100.0,0,0.0,1119478,100.0,0,0.0,2999440,100.0,0,0.0,940825,100.0,0,0.0,264142,100.0,0,0.0,100.0,0,0.0
Rangpur,,16705992B34260815515495,BGD,ADM2,primary_healthcare,TIME,7200,3238251,270762,100.0,0,0.0,1119478,100.0,0,0.0,2999440,100.0,0,0.0,940825,100.0,0,0.0,264142,100.0,0,0.0,100.0,0,0.0
Cox's Bazar,,16705992B34517682786426,BGD,ADM2,primary_healthcare,TIME,600,256301,29844,9.2,29844,9.2,118486,9.19,118486,9.19,243906,9.2,243906,9.2,67941,9.2,67941,9.2,14399,9.2,14399,9.2,9.2,256301,9.2
Cox's Bazar,,16705992B34517682786426,BGD,ADM2,primary_healthcare,TIME,1200,806501,93931,28.96,64087,19.76,373162,28.96,254676,19.76,767511,28.95,523605,19.75,213800,28.95,145859,19.75,45299,28.95,30900,19.75,28.95,550200,19.75
Cox's Bazar,,16705992B34517682786426,BGD,ADM2,primary_healthcare,TIME,1800,1523732,177469,54.71,83538,25.75,705076,54.71,331914,25.76,1450069,54.7,682558,25.75,403937,54.7,190137,25.75,85582,54.7,40283,25.75,54.7,717231,25.75
Cox's Bazar,,16705992B34517682786426,BGD,ADM2,primary_healthcare,TIME,2400,2177055,253547,78.17,76078,23.46,1007389,78.17,302313,23.46,2071805,78.16,621736,23.45,577153,78.15,173216,23.46,122280,78.15,36698,23.45,78.16,653323,23.45
Cox's Bazar,,16705992B34517682786426,BGD,ADM2,primary_healthcare,TIME,3000,2290838,266797,82.25,13250,4.09,1059992,82.25,52603,4.08,2180086,82.24,108281,4.08,607315,82.24,30162,4.08,128672,82.23,6392,4.09,82.24,113783,4.08
Cox's Bazar,,16705992B34517682786426,BGD,ADM2,primary_healthcare,TIME,3600,2528729,294504,90.8,27707,8.54,1170077,90.79,110085,8.54,2406476,90.78,226390,8.54,670380,90.78,63065,8.54,142034,90.77,13362,8.54,90.78,237891,8.54
Cox's Bazar,,16705992B34517682786426,BGD,ADM2,primary_healthcare,TIME,4200,2660219,309791,95.51,15287,4.71,1230828,95.51,60751,4.71,2531601,95.5,125125,4.72,705266,95.5,34886,4.72,149427,95.5,7393,4.72,95.5,131490,4.72
Cox's Bazar,,16705992B34517682786426,BGD,ADM2,primary_healthcare,TIME,4800,2687365,312948,96.48,3157,0.97,1243380,96.48,12552,0.97,2557434,96.48,25833,0.97,712468,96.48,7202,0.98,150954,96.48,1527,0.98,96.48,27146,0.97
Cox's Bazar,,16705992B34517682786426,BGD,ADM2,primary_healthcare,TIME,5400,2696699,314018,96.81,1070,0.33,1247660,96.81,4280,0.33,2566311,96.81,8877,0.33,714961,96.81,2493,0.34,151483,96.81,529,0.34,96.81,9334,0.34
Cox's Bazar,,16705992B34517682786426,BGD,ADM2,primary_healthcare,TIME,6000,2711703,315766,97.35,1748,0.54,1254605,97.35,6945,0.54,2580590,97.35,14279,0.54,718939,97.35,3978,0.54,152325,97.35,842,0.54,97.35,15004,0.54
Cox's Bazar,,16705992B34517682786426,BGD,ADM2,primary_healthcare,TIME,6600,2743943,319521,98.51,3755,1.16,1269522,98.51,14917,1.16,2611272,98.51,30682,1.16,727486,98.51,8547,1.16,154136,98.51,1811,1.16,98.51,32240,1.16
Cox's Bazar,,16705992B34517682786426,BGD,ADM2,primary_healthcare,TIME,7200,2743992,319527,98.51,6,0.0,1269545,98.51,23,0.0,2611318,98.51,46,0.0,727499,98.51,13,0.0,154139,98.51,3,0.0,98.51,49,0.0
Khagrachhari,,16705992B35326431749719,BGD,ADM2,primary_healthcare,TIME,1200,0,0,0.0,0,0.0,0,0.0,0,0.0,0,0.0,0,0.0,0,0.0,0,0.0,0,0.0,0,0.0,0.0,0,0.0
Khagrachhari,,16705992B35326431749719,BGD,ADM2,primary_healthcare,TIME,1800,22978,2217,3.25,2217,3.25,9054,3.25,9054,3.25,21474,3.25,21474,3.25,6283,3.25,6283,3.25,1683,3.25,1683,3.25,3.25,22978,3.25
Khagrachhari,,16705992B35326431749719,BGD,ADM2,primary_healthcare,TIME,2400,42563,4057,5.94,1840,2.69,16729,6.0,7675,2.75,39809,6.02,18335,2.77,11754,6.08,5471,2.83,3087,5.95,1404,2.71,6.01,19585,2.77
Khagrachhari,,16705992B35326431749719,BGD,ADM2,primary_healthcare,TIME,3000,76668,7332,10.74,3275,4.8,30154,10.82,13425,4.82,71692,10.84,31883,4.82,21119,10.92,9365,4.84,5575,10.75,2488,4.8,10.83,34105,4.82
Khagrachhari,,16705992B35326431749719,BGD,ADM2,primary_healthcare,TIME,3600,150846,14501,21.24,7169,10.5,59392,21.31,29238,10.49,141007,21.32,69315,10.48,41378,21.39,20259,10.47,11018,21.25,5443,10.5,21.32,74178,10.48
Khagrachhari,,16705992B35326431749719,BGD,ADM2,primary_healthcare,TIME,4200,224691,21624,31.67,7123,10.43,88452,31.73,29060,10.42,210024,31.76,69017,10.44,61535,31.81,20157,10.42,16424,31.68,5406,10.43,31.75,73845,10.44
Khagrachhari,,16705992B35326431749719,BGD,ADM2,primary_healthcare,TIME,4800,368651,35495,51.99,13871,20.32,145150,52.07,56698,20.34,344576,52.1,134552,20.35,100940,52.17,39405,20.37,26958,52.0,10534,20.32,52.1,143960,20.34
Khagrachhari,,16705992B35326431749719,BGD,ADM2,primary_healthcare,TIME,5400,404853,38995,57.11,3500,5.13,159418,57.19,14268,5.12,378404,57.22,33828,5.12,110821,57.28,9881,5.11,29615,57.13,2657,5.13,57.21,36202,5.12
Khagrachhari,,16705992B35326431749719,BGD,ADM2,primary_healthcare,TIME,6000,463664,44684,65.45,5689,8.33,182603,65.5,23185,8.32,433358,65.53,54954,8.31,126874,65.58,16053,8.3,33933,65.46,4318,8.33,65.52,58811,8.31
Khagrachhari,,16705992B35326431749719,BGD,ADM2,primary_healthcare,TIME,6600,499868,48186,70.58,3502,5.13,196876,70.62,14273,5.12,467187,70.64,33829,5.12,136756,70.69,9882,5.11,36592,70.59,2659,5.13,70.64,36204,5.12
Khagrachhari,,16705992B35326431749719,BGD,ADM2,primary_healthcare,TIME,7200,508361,49008,71.78,822,1.2,200224,71.83,3348,1.2,475122,71.84,7935,1.2,139074,71.89,2318,1.2,37215,71.79,623,1.2,71.84,8493,1.2
Rangamati,,16705992B35610473312733,BGD,ADM2,primary_healthcare,TIME,600,26895,2376,3.91,2376,3.91,10047,3.91,10047,3.91,25310,3.92,25310,3.92,7359,3.91,7359,3.91,1795,3.92,1795,3.92,3.92,26895,3.92
Rangamati,,16705992B35610473312733,BGD,ADM2,primary_healthcare,TIME,1200,102018,9007,14.83,6631,10.92,38134,14.85,28087,10.94,96007,14.85,70697,10.94,27970,14.87,20611,10.96,6809,14.86,5014,10.94,14.85,75123,10.94
Rangamati,,16705992B35610473312733,BGD,ADM2,primary_healthcare,TIME,1800,162890,14389,23.7,5382,8.86,60867,23.71,22733,8.85,153291,23.72,57284,8.86,44605,23.71,16635,8.84,10874,23.73,4065,8.87,23.72,60872,8.86
Rangamati,,16705992B35610473312733,BGD,ADM2,primary_healthcare,TIME,2400,200340,17701,29.15,3312,5.45,74850,29.15,13983,5.45,188532,29.17,35241,5.45,54832,29.15,10227,5.44,13375,29.19,2501,5.46,29.17,37450,5.45
Rangamati,,16705992B35610473312733,BGD,ADM2,primary_healthcare,TIME,3000,218266,19296,31.78,1595,2.63,81612,31.79,6762,2.63,205412,31.78,16880,2.61,59808,31.79,4976,2.65,14560,31.77,1185,2.59,31.78,17926,2.61
Rangamati,,16705992B35610473312733,BGD,ADM2,primary_healthcare,TIME,3600,256557,22657,37.31,3361,5.54,96070,37.42,14458,5.63,241467,37.36,36055,5.58,70592,37.53,10784,5.73,17096,37.31,2536,5.53,37.35,38291,5.58
Rangamati,,16705992B35610473312733,BGD,ADM2,primary_healthcare,TIME,4200,274479,24232,39.91,1575,2.59,102789,40.03,6719,2.62,258335,39.97,16868,2.61,75558,40.17,4966,2.64,18290,39.91,1194,2.61,39.96,17922,2.61
Rangamati,,16705992B35610473312733,BGD,ADM2,primary_healthcare,TIME,4800,276846,24442,40.25,210,0.35,103673,40.38,884,0.34,260562,40.31,2227,0.34,76204,40.51,646,0.34,18448,40.26,158,0.34,40.31,2367,0.34
Rangamati,,16705992B35610473312733,BGD,ADM2,primary_healthcare,TIME,5400,287330,25369,41.78,927,1.53,107587,41.9,3914,1.52,270429,41.84,9867,1.53,79066,42.03,2862,1.52,19149,41.79,701,1.53,41.84,10484,1.53
Rangamati,,16705992B35610473312733,BGD,ADM2,primary_healthcare,TIME,6000,287547,25388,41.81,19,0.03,107668,41.93,81,0.03,270632,41.87,203,0.03,79126,42.06,60,0.03,19163,41.82,14,0.03,41.87,217,0.03
Rangamati,,16705992B35610473312733,BGD,ADM2,primary_healthcare,TIME,6600,291335,25723,42.36,335,0.55,109082,42.48,1414,0.55,274197,42.42,3565,0.55,80160,42.61,1034,0.55,19416,42.37,253,0.55,42.42,3788,0.55
Rangamati,,16705992B35610473312733,BGD,ADM2,primary_healthcare,TIME,7200,309457,27326,45.0,1603,2.64,115848,45.12,6766,2.64,291251,45.06,17054,2.64,85107,45.24,4947,2.63,20627,45.01,1211,2.64,45.06,18122,2.64
Bhola,,16705992B37732832620169,BGD,ADM2,primary_healthcare,TIME,600,353783,36817,18.98,36817,18.98,147927,18.94,147927,18.94,327131,18.92,327131,18.92,95325,18.89,95325,18.89,29419,18.86,29419,18.86,18.91,353783,18.91
Bhola,,16705992B37732832620169,BGD,ADM2,primary_healthcare,TIME,1200,551862,57426,29.61,20609,10.63,230740,29.55,82813,10.6,510285,29.51,183154,10.59,148700,29.46,53375,10.57,45893,29.42,16474,10.56,29.51,198079,10.59
Bhola,,16705992B37732832620169,BGD,ADM2,primary_healthcare,TIME,1800,848814,88308,45.53,30882,15.92,354863,45.44,124123,15.89,784852,45.39,274567,15.88,228728,45.32,80028,15.86,70601,45.26,24708,15.84,45.38,296952,15.88
Bhola,,16705992B37732832620169,BGD,ADM2,primary_healthcare,TIME,2400,987718,102763,52.98,14455,7.45,412943,52.88,58080,7.44,913292,52.82,128440,7.43,266155,52.73,37427,7.41,82152,52.66,11551,7.4,52.81,138904,7.43
Bhola,,16705992B37732832620169,BGD,ADM2,primary_healthcare,TIME,3000,1204845,125359,64.63,22596,11.65,503730,64.5,90787,11.63,1114063,64.43,200771,11.61,324659,64.32,58504,11.59,100207,64.23,18055,11.57,64.42,217127,11.61
Bhola,,16705992B37732832620169,BGD,ADM2,primary_healthcare,TIME,3600,1278878,133063,68.6,7704,3.97,534686,68.47,30956,3.96,1182519,68.39,68456,3.96,344607,68.27,19948,3.95,106363,68.18,6156,3.95,68.37,74033,3.96
Bhola,,16705992B37732832620169,BGD,ADM2,primary_healthcare,TIME,4200,1320252,137369,70.82,4306,2.22,551985,70.68,17299,2.22,1220776,70.61,38257,2.21,355755,70.48,11148,2.21,109804,70.38,3441,2.21,70.59,41374,2.21
Bhola,,16705992B37732832620169,BGD,ADM2,primary_healthcare,TIME,4800,1376051,143176,73.82,5807,2.99,575316,73.67,23331,2.99,1272371,73.59,51595,2.98,370790,73.46,15035,2.98,114444,73.36,4640,2.97,73.57,55799,2.98
Bhola,,16705992B37732832620169,BGD,ADM2,primary_healthcare,TIME,5400,1382766,143874,74.18,698,0.36,578124,74.03,2808,0.36,1278580,73.95,6209,0.36,372599,73.82,1809,0.36,115002,73.72,558,0.36,73.93,6715,0.36
Bhola,,16705992B37732832620169,BGD,ADM2,primary_healthcare,TIME,6000,1387901,144409,74.45,535,0.28,580271,74.31,2147,0.27,1283328,74.22,4748,0.27,373983,74.09,1384,0.27,115429,73.99,427,0.27,74.2,5135,0.27
Bhola,,16705992B37732832620169,BGD,ADM2,primary_healthcare,TIME,6600,1392140,144850,74.68,441,0.23,582043,74.53,1772,0.23,1287248,74.45,3920,0.23,375125,74.32,1142,0.23,115782,74.22,353,0.23,74.43,4239,0.23
Bhola,,16705992B37732832620169,BGD,ADM2,primary_healthcare,TIME,7200,1410012,146708,75.64,1858,0.96,589513,75.49,7470,0.96,1303773,75.41,16525,0.96,379942,75.27,4817,0.95,117269,75.17,1487,0.95,75.39,17872,0.96
Natore,,16705992B43065208682222,BGD,ADM2,primary_healthcare,TIME,600,257752,19496,13.81,19496,13.81,82695,13.8,82695,13.8,238132,13.79,238132,13.79,78181,13.79,78181,13.79,21635,13.8,21635,13.8,13.8,257752,13.8
Natore,,16705992B43065208682222,BGD,ADM2,primary_healthcare,TIME,1200,508593,38465,27.24,18969,13.43,163162,27.23,80467,13.43,469880,27.22,231748,13.42,154269,27.22,76088,13.42,42691,27.23,21056,13.43,27.22,250841,13.43
Natore,,16705992B43065208682222,BGD,ADM2,primary_healthcare,TIME,1800,875471,66199,46.88,27734,19.64,280831,46.86,117669,19.64,808833,46.85,338953,19.64,265565,46.85,111296,19.63,73485,46.87,30794,19.64,46.86,366878,19.64
Natore,,16705992B43065208682222,BGD,ADM2,primary_healthcare,TIME,2400,1287491,97328,68.92,31129,22.04,412977,68.91,132146,22.05,1189515,68.91,380682,22.05,390567,68.9,125002,22.05,108047,68.91,34562,22.04,68.91,412020,22.05
Natore,,16705992B43065208682222,BGD,ADM2,primary_healthcare,TIME,3000,1713050,129488,91.7,32160,22.77,549437,91.69,136460,22.77,1582684,91.68,393169,22.78,519671,91.68,129104,22.78,143766,91.7,35719,22.78,91.68,425559,22.78
Natore,,16705992B43065208682222,BGD,ADM2,primary_healthcare,TIME,3600,1827498,138122,97.81,8634,6.11,586130,97.81,36693,6.12,1688436,97.81,105752,6.13,554404,97.81,34733,6.13,153357,97.81,9591,6.12,97.81,114448,6.13
Natore,,16705992B43065208682222,BGD,ADM2,primary_healthcare,TIME,4200,1858068,140426,99.44,2304,1.63,595933,99.45,9803,1.64,1716686,99.44,28250,1.64,563683,99.44,9279,1.64,155916,99.44,2559,1.63,99.44,30570,1.64
Natore,,16705992B43065208682222,BGD,ADM2,primary_healthcare,TIME,4800,1858798,140482,99.48,56,0.04,596167,99.48,234,0.04,1717360,99.48,674,0.04,563904,99.48,221,0.04,155978,99.48,62,0.04,99.48,730,0.04
Natore,,16705992B43065208682222,BGD,ADM2,primary_healthcare,TIME,5400,1859171,140510,99.5,28,0.02,596286,99.5,119,0.02,1717705,99.5,345,0.02,564017,99.5,113,0.02,156009,99.5,31,0.02,99.5,373,0.02
Natore,,16705992B43065208682222,BGD,ADM2,primary_healthcare,TIME,6000,1859482,140533,99.52,23,0.02,596386,99.52,100,0.02,1717992,99.52,287,0.02,564112,99.52,95,0.02,156035,99.52,26,0.02,99.52,311,0.02
Natore,,16705992B43065208682222,BGD,ADM2,primary_healthcare,TIME,6600,1861079,140654,99.61,121,0.09,596898,99.61,512,0.09,1719468,99.61,1476,0.09,564596,99.61,484,0.09,156169,99.61,134,0.09,99.61,1597,0.09
Natore,,16705992B43065208682222,BGD,ADM2,primary_healthcare,TIME,7200,1861114,140657,99.61,3,0.0,596909,99.61,11,0.0,1719500,99.61,32,0.0,564607,99.61,11,0.0,156172,99.61,3,0.0,99.61,35,0.0
Thakurgaon,,16705992B44482388014877,BGD,ADM2,primary_healthcare,TIME,1200,4392,391,0.29,391,0.29,1606,0.29,1606,0.29,4106,0.29,4106,0.29,1268,0.29,1268,0.29,321,0.29,321,0.29,0.29,4392,0.29
Thakurgaon,,16705992B44482388014877,BGD,ADM2,primary_healthcare,TIME,1800,138031,12326,9.05,11935,8.76,50482,9.04,48876,8.76,129033,9.04,124927,8.75,39859,9.04,38591,8.75,10077,9.03,9756,8.74,9.04,133639,8.75
Thakurgaon,,16705992B44482388014877,BGD,ADM2,primary_healthcare,TIME,2400,576032,51408,37.73,39082,28.69,210617,37.73,160135,28.69,538452,37.73,409419,28.69,166340,37.73,126481,28.69,42085,37.72,32008,28.69,37.73,438001,28.69
Thakurgaon,,16705992B44482388014877,BGD,ADM2,primary_healthcare,TIME,3000,929395,82936,60.88,31528,23.14,339806,60.87,129189,23.14,868755,60.87,330303,23.14,268379,60.87,102039,23.14,67910,60.87,25825,23.15,60.87,353363,23.14
Thakurgaon,,16705992B44482388014877,BGD,ADM2,primary_healthcare,TIME,3600,1071080,95578,70.16,12642,9.28,391606,70.15,51800,9.28,1001194,70.15,132439,9.28,309293,70.15,40914,9.28,78265,70.15,10355,9.28,70.15,141685,9.28
Thakurgaon,,16705992B44482388014877,BGD,ADM2,primary_healthcare,TIME,4200,1153197,102904,75.53,7326,5.38,421628,75.53,30022,5.38,1077951,75.53,76757,5.38,333005,75.53,23712,5.38,84266,75.53,6001,5.38,75.53,82117,5.38
Thakurgaon,,16705992B44482388014877,BGD,ADM2,primary_healthcare,TIME,4800,1282561,114446,84.01,11542,8.47,468923,84.0,47295,8.47,1198873,84.0,120922,8.47,370361,84.0,37356,8.47,93721,84.0,9455,8.47,84.0,129364,8.47
Thakurgaon,,16705992B44482388014877,BGD,ADM2,primary_healthcare,TIME,5400,1284065,114581,84.1,135,0.1,469472,84.1,549,0.1,1200278,84.1,1405,0.1,370795,84.1,434,0.1,93831,84.1,110,0.1,84.1,1504,0.1
Thakurgaon,,16705992B44482388014877,BGD,ADM2,primary_healthcare,TIME,6000,1286101,114762,84.24,181,0.13,470217,84.24,745,0.13,1202181,84.24,1903,0.13,371383,84.24,588,0.13,93980,84.23,149,0.13,84.24,2036,0.13
Thakurgaon,,16705992B44482388014877,BGD,ADM2,primary_healthcare,TIME,6600,1303607,116324,85.38,1562,1.15,476617,85.38,6400,1.15,1218545,85.38,16364,1.15,376438,85.38,5055,1.15,95259,85.38,1279,1.15,85.38,17506,1.15
Thakurgaon,,16705992B44482388014877,BGD,ADM2,primary_healthcare,TIME,7200,1491528,133091,97.69,16767,12.31,545320,97.69,68703,12.31,1394202,97.69,175657,12.31,430703,97.69,54265,12.31,108993,97.69,13734,12.31,97.69,187921,12.31
Pirojpur,,16705992B46028667424095,BGD,ADM2,primary_healthcare,TIME,600,54650,4385,4.93,4385,4.93,19287,4.93,19287,4.93,49364,4.93,49364,4.93,15538,4.93,15538,4.93,5713,4.93,5713,4.93,4.93,54650,4.93
Pirojpur,,16705992B46028667424095,BGD,ADM2,primary_healthcare,TIME,1200,208890,16760,18.85,12375,13.92,73718,18.84,54431,13.91,188686,18.84,139322,13.91,59395,18.85,43857,13.92,21837,18.86,16124,13.92,18.85,154240,13.92
Pirojpur,,16705992B46028667424095,BGD,ADM2,primary_healthcare,TIME,1800,452655,36344,40.87,19584,22.02,159820,40.85,86102,22.01,408900,40.84,220214,21.99,128695,40.83,69300,21.99,47296,40.84,25459,21.99,40.84,243765,21.99
Pirojpur,,16705992B46028667424095,BGD,ADM2,primary_healthcare,TIME,2400,607576,48777,54.85,12433,13.98,214548,54.84,54728,13.99,548844,54.81,139944,13.98,172752,54.81,44057,13.98,63485,54.83,16189,13.98,54.81,154921,13.98
Pirojpur,,16705992B46028667424095,BGD,ADM2,primary_healthcare,TIME,3000,759753,60933,68.52,12156,13.67,268078,68.53,53530,13.68,686333,68.54,137489,13.73,216032,68.54,43280,13.73,79364,68.54,15879,13.71,68.54,152177,13.73
Pirojpur,,16705992B46028667424095,BGD,ADM2,primary_healthcare,TIME,3600,816083,65456,73.61,4523,5.09,287967,73.61,19889,5.08,737217,73.63,50884,5.08,232047,73.63,16015,5.08,85249,73.62,5885,5.08,73.63,56330,5.08
Pirojpur,,16705992B46028667424095,BGD,ADM2,primary_healthcare,TIME,4200,851427,68292,76.8,2836,3.19,300442,76.8,12475,3.19,769143,76.82,31926,3.19,242097,76.81,10050,3.19,88945,76.81,3696,3.19,76.81,35344,3.19
Pirojpur,,16705992B46028667424095,BGD,ADM2,primary_healthcare,TIME,4800,862190,69156,77.77,864,0.97,304240,77.77,3798,0.97,778864,77.79,9721,0.97,245157,77.79,3060,0.97,90070,77.78,1125,0.97,77.79,10763,0.97
Pirojpur,,16705992B46028667424095,BGD,ADM2,primary_healthcare,TIME,5400,1098529,88128,99.11,18972,21.34,387708,99.11,83468,21.34,992361,99.11,213497,21.32,312358,99.11,67201,21.32,114761,99.11,24691,21.32,99.11,236339,21.32
Pirojpur,,16705992B46028667424095,BGD,ADM2,primary_healthcare,TIME,6000,1098687,88141,99.12,13,0.01,387764,99.12,56,0.01,992504,99.12,143,0.01,312403,99.12,45,0.01,114777,99.12,16,0.01,99.12,158,0.01
Pirojpur,,16705992B46028667424095,BGD,ADM2,primary_healthcare,TIME,6600,1102034,88409,99.42,268,0.3,388945,99.43,1181,0.3,995527,99.42,3023,0.3,313354,99.42,951,0.3,115127,99.42,350,0.3,99.42,3347,0.3
Pirojpur,,16705992B46028667424095,BGD,ADM2,primary_healthcare,TIME,7200,1102388,88438,99.46,29,0.03,389070,99.46,125,0.03,995847,99.46,320,0.03,313455,99.46,101,0.03,115164,99.46,37,0.03,99.46,354,0.03
Pabna,,16705992B46384724638491,BGD,ADM2,primary_healthcare,TIME,600,348983,30507,12.31,30507,12.31,122340,12.3,122340,12.3,322699,12.28,322699,12.28,101998,12.28,101998,12.28,29013,12.28,29013,12.28,12.28,348983,12.28
Pabna,,16705992B46384724638491,BGD,ADM2,primary_healthcare,TIME,1200,1007673,88103,35.54,57596,23.23,353286,35.51,230946,23.21,931782,35.47,609083,23.19,294501,35.46,192503,23.18,83773,35.45,54760,23.17,35.47,658690,23.18
Pabna,,16705992B46384724638491,BGD,ADM2,primary_healthcare,TIME,1800,1581990,138297,55.79,50194,20.25,554589,55.74,201303,20.23,1462843,55.68,531061,20.22,462369,55.67,167868,20.21,131522,55.66,47749,20.21,55.68,574317,20.21
Pabna,,16705992B46384724638491,BGD,ADM2,primary_healthcare,TIME,2400,2031272,177544,71.62,39247,15.83,712016,71.56,157427,15.82,1878285,71.5,415442,15.81,593709,71.48,131340,15.81,168876,71.47,37354,15.81,71.5,449282,15.81
Pabna,,16705992B46384724638491,BGD,ADM2,primary_healthcare,TIME,3000,2553038,223113,90.0,45569,18.38,894840,89.93,182824,18.37,2360745,89.86,482460,18.37,746226,89.84,152517,18.36,212265,89.83,43389,18.36,89.86,521766,18.36
Pabna,,16705992B46384724638491,BGD,ADM2,primary_healthcare,TIME,3600,2709372,236775,95.51,13662,5.51,949637,95.44,54797,5.51,2505303,95.37,144558,5.5,791918,95.34,45692,5.5,225263,95.33,12998,5.5,95.36,156334,5.5
Pabna,,16705992B46384724638491,BGD,ADM2,primary_healthcare,TIME,4200,2722137,237889,95.96,1114,0.45,954106,95.89,4469,0.45,2517106,95.82,11803,0.45,795650,95.79,3732,0.45,226325,95.78,1062,0.45,95.81,12765,0.45
Pabna,,16705992B46384724638491,BGD,ADM2,primary_healthcare,TIME,4800,2727173,238329,96.14,440,0.18,955872,96.07,1766,0.18,2521763,95.99,4657,0.18,797122,95.97,1472,0.18,226744,95.96,419,0.18,95.99,5036,0.18
Pabna,,16705992B46384724638491,BGD,ADM2,primary_healthcare,TIME,5400,2732686,238782,96.32,453,0.18,957744,96.26,1872,0.19,2526854,96.19,5091,0.19,798748,96.16,1626,0.2,227208,96.15,464,0.2,96.18,5513,0.19
Pabna,,16705992B46384724638491,BGD,ADM2,primary_healthcare,TIME,6000,2819570,246015,99.24,7233,2.92,987446,99.24,29702,2.99,2607118,99.24,80264,3.06,824318,99.24,25570,3.08,234508,99.24,7300,3.09,99.24,86884,3.06
Pabna,,16705992B46384724638491,BGD,ADM2,primary_healthcare,TIME,6600,2820259,246075,99.26,60,0.02,987688,99.27,242,0.02,2607755,99.27,637,0.02,824519,99.27,201,0.02,234565,99.27,57,0.02,99.27,689,0.02
Pabna,,16705992B46384724638491,BGD,ADM2,primary_healthcare,TIME,7200,2820437,246091,99.27,16,0.01,987750,99.27,62,0.01,2607920,99.27,165,0.01,824571,99.27,52,0.01,234580,99.27,15,0.01,99.27,178,0.01
Netrakona,,16705992B47191620994273,BGD,ADM2,primary_healthcare,TIME,600,483611,52713,19.99,52713,19.99,194441,20.0,194441,20.0,442551,20.01,442551,20.01,126695,20.01,126695,20.01,44842,20.05,44842,20.05,20.01,483611,20.01
Netrakona,,16705992B47191620994273,BGD,ADM2,primary_healthcare,TIME,1200,1099639,119870,45.45,67157,25.46,442145,45.47,247704,25.47,1006287,45.49,563736,25.49,288082,45.49,161387,25.49,101953,45.58,57111,25.53,45.5,616028,25.49
Netrakona,,16705992B47191620994273,BGD,ADM2,primary_healthcare,TIME,1800,1663860,181317,68.75,61447,23.3,668895,68.79,226750,23.32,1522628,68.84,516341,23.34,435980,68.85,147898,23.36,154247,68.95,52294,23.38,68.85,564221,23.35
Netrakona,,16705992B47191620994273,BGD,ADM2,primary_healthcare,TIME,2400,2021915,220579,83.64,39262,14.89,813397,83.65,144502,14.86,1850518,83.66,327890,14.82,529791,83.66,93811,14.81,187213,83.69,32966,14.74,83.66,358055,14.82
Netrakona,,16705992B47191620994273,BGD,ADM2,primary_healthcare,TIME,3000,2241476,244645,92.76,24066,9.12,901980,92.76,88583,9.11,2051565,92.75,201047,9.09,587309,92.75,57518,9.08,207445,92.74,20232,9.04,92.75,219561,9.08
Netrakona,,16705992B47191620994273,BGD,ADM2,primary_healthcare,TIME,3600,2358288,257379,97.59,12734,4.83,948951,97.59,46971,4.83,2158462,97.58,106897,4.83,617911,97.58,30602,4.83,218274,97.58,10829,4.84,97.58,116812,4.83
Netrakona,,16705992B47191620994273,BGD,ADM2,primary_healthcare,TIME,4200,2373349,259009,98.21,1630,0.62,954984,98.21,6033,0.62,2172248,98.2,13786,0.62,621873,98.2,3962,0.63,219667,98.2,1393,0.62,98.2,15061,0.62
Netrakona,,16705992B47191620994273,BGD,ADM2,primary_healthcare,TIME,4800,2375742,259270,98.31,261,0.1,955946,98.31,962,0.1,2174437,98.3,2189,0.1,622500,98.3,627,0.1,219889,98.3,222,0.1,98.3,2393,0.1
Netrakona,,16705992B47191620994273,BGD,ADM2,primary_healthcare,TIME,5400,2381222,259867,98.53,597,0.23,958148,98.53,2202,0.23,2179451,98.53,5014,0.23,623935,98.53,1435,0.23,220398,98.53,509,0.23,98.53,5480,0.23
Netrakona,,16705992B47191620994273,BGD,ADM2,primary_healthcare,TIME,6000,2381844,259935,98.56,68,0.03,958398,98.56,250,0.03,2180021,98.56,570,0.03,624099,98.56,164,0.03,220455,98.55,57,0.03,98.56,622,0.03
Netrakona,,16705992B47191620994273,BGD,ADM2,primary_healthcare,TIME,6600,2382391,259994,98.58,59,0.02,958618,98.58,220,0.02,2180521,98.58,500,0.02,624242,98.58,143,0.02,220506,98.57,51,0.02,98.58,547,0.02
Netrakona,,16705992B47191620994273,BGD,ADM2,primary_healthcare,TIME,7200,2389059,260721,98.86,727,0.28,961298,98.86,2680,0.28,2186622,98.85,6101,0.28,625989,98.85,1747,0.28,221125,98.85,619,0.28,98.85,6668,0.28
Sylhet,,16705992B47932115867008,BGD,ADM2,primary_healthcare,TIME,600,877327,91836,20.62,91836,20.62,376707,20.65,376707,20.65,822836,20.65,822836,20.65,244583,20.65,244583,20.65,61354,20.6,61354,20.6,20.64,877327,20.64
Sylhet,,16705992B47932115867008,BGD,ADM2,primary_healthcare,TIME,1200,1836384,192347,43.19,100511,22.57,788425,43.22,411718,22.57,1722182,43.21,899346,22.57,511913,43.22,267330,22.57,128567,43.17,67213,22.57,43.21,959057,22.57
Sylhet,,16705992B47932115867008,BGD,ADM2,primary_healthcare,TIME,1800,2954784,309573,69.51,117226,26.32,1268463,69.53,480038,26.31,2770892,69.53,1048710,26.32,823646,69.54,311733,26.32,207006,69.51,78439,26.34,69.53,1118400,26.32
Sylhet,,16705992B47932115867008,BGD,ADM2,primary_healthcare,TIME,2400,3619657,379373,85.18,69800,15.67,1553946,85.18,285483,15.65,3394317,85.17,623425,15.64,1008813,85.17,185167,15.63,253655,85.18,46649,15.66,85.17,664873,15.65
Sylhet,,16705992B47932115867008,BGD,ADM2,primary_healthcare,TIME,3000,4030494,422429,94.85,43056,9.67,1730366,94.85,176420,9.67,3779607,94.84,385290,9.67,1123298,94.84,114485,9.67,282416,94.84,28761,9.66,94.84,410837,9.67
Sylhet,,16705992B47932115867008,BGD,ADM2,primary_healthcare,TIME,3600,4173371,437381,98.21,14952,3.36,1791630,98.2,61264,3.36,3913565,98.2,133958,3.36,1163146,98.2,39848,3.36,292453,98.21,10037,3.37,98.2,142877,3.36
Sylhet,,16705992B47932115867008,BGD,ADM2,primary_healthcare,TIME,4200,4206850,440883,98.99,3502,0.79,1805996,98.99,14366,0.79,3944961,98.99,31396,0.79,1172483,98.99,9337,0.79,294797,98.99,2344,0.79,98.99,33479,0.79
Sylhet,,16705992B47932115867008,BGD,ADM2,primary_healthcare,TIME,4800,4209634,441174,99.06,291,0.07,1807191,99.06,1195,0.07,3947573,99.06,2612,0.07,1173260,99.06,777,0.07,294992,99.06,195,0.07,99.06,2784,0.07
Sylhet,,16705992B47932115867008,BGD,ADM2,primary_healthcare,TIME,5400,4210549,441270,99.08,96,0.02,1807584,99.08,393,0.02,3948431,99.08,858,0.02,1173515,99.08,255,0.02,295056,99.08,64,0.02,99.08,915,0.02
Sylhet,,16705992B47932115867008,BGD,ADM2,primary_healthcare,TIME,6000,4212266,441450,99.12,180,0.04,1808321,99.12,737,0.04,3950040,99.12,1609,0.04,1173993,99.12,478,0.04,295176,99.12,120,0.04,99.12,1717,0.04
Sylhet,,16705992B47932115867008,BGD,ADM2,primary_healthcare,TIME,6600,4212306,441454,99.12,4,0.0,1808338,99.12,17,0.0,3950078,99.12,38,0.0,1174004,99.12,11,0.0,295179,99.12,3,0.0,99.12,40,0.0
Sylhet,,16705992B47932115867008,BGD,ADM2,primary_healthcare,TIME,7200,4213257,441554,99.14,100,0.02,1808746,99.14,408,0.02,3950970,99.14,892,0.02,1174270,99.14,266,0.02,295245,99.14,66,0.02,99.14,951,0.02
Rajbari,,16705992B48875454234518,BGD,ADM2,primary_healthcare,TIME,600,61720,5169,5.4,5169,5.4,21658,5.4,21658,5.4,56389,5.4,56389,5.4,17850,5.4,17850,5.4,5812,5.41,5812,5.41,5.4,61720,5.4
Rajbari,,16705992B48875454234518,BGD,ADM2,primary_healthcare,TIME,1200,233036,19521,20.4,14352,15.0,81794,20.39,60136,14.99,212916,20.4,156527,15.0,67395,20.41,49545,15.0,21943,20.43,16131,15.02,20.41,171316,15.0
Rajbari,,16705992B48875454234518,BGD,ADM2,primary_healthcare,TIME,1800,478950,40172,41.98,20651,21.58,168375,41.98,86581,21.59,437663,41.94,224747,21.54,138473,41.93,71078,21.52,45034,41.93,23091,21.5,41.94,245914,21.53
Rajbari,,16705992B48875454234518,BGD,ADM2,primary_healthcare,TIME,2400,654988,54938,57.42,14766,15.43,230266,57.41,61891,15.43,598524,57.35,160861,15.41,189367,57.34,50894,15.41,61587,57.35,16553,15.41,57.35,176038,15.41
Rajbari,,16705992B48875454234518,BGD,ADM2,primary_healthcare,TIME,3000,737604,61861,64.65,6923,7.24,259276,64.65,29010,7.23,674010,64.59,75486,7.23,213258,64.57,23891,7.23,69364,64.59,7777,7.24,64.59,82616,7.23
Rajbari,,16705992B48875454234518,BGD,ADM2,primary_healthcare,TIME,3600,839857,70413,73.59,8552,8.94,295127,73.59,35851,8.94,767449,73.54,93439,8.95,242844,73.53,29586,8.96,78977,73.54,9613,8.95,73.54,102253,8.95
Rajbari,,16705992B48875454234518,BGD,ADM2,primary_healthcare,TIME,4200,963308,80752,84.39,10339,10.81,338448,84.39,43321,10.8,880240,84.35,112791,10.81,278549,84.34,35705,10.81,90603,84.36,11626,10.83,84.35,123451,10.81
Rajbari,,16705992B48875454234518,BGD,ADM2,primary_healthcare,TIME,4800,971844,81467,85.14,715,0.75,341443,85.14,2995,0.75,888039,85.1,7799,0.75,281018,85.09,2469,0.75,91407,85.11,804,0.75,85.1,8536,0.75
Rajbari,,16705992B48875454234518,BGD,ADM2,primary_healthcare,TIME,5400,983143,82413,86.13,946,0.99,345408,86.12,3965,0.99,898362,86.09,10323,0.99,284285,86.08,3267,0.99,92471,86.1,1064,0.99,86.09,11299,0.99
Rajbari,,16705992B48875454234518,BGD,ADM2,primary_healthcare,TIME,6000,1097842,91984,96.13,9571,10.0,385548,96.13,40140,10.01,1003193,96.13,104831,10.05,317497,96.13,33212,10.06,103237,96.13,10766,10.02,96.13,114699,10.04
Rajbari,,16705992B48875454234518,BGD,ADM2,primary_healthcare,TIME,6600,1099676,92137,96.29,153,0.16,386192,96.29,644,0.16,1004868,96.29,1675,0.16,318027,96.29,530,0.16,103409,96.29,172,0.16,96.29,1834,0.16
Rajbari,,16705992B48875454234518,BGD,ADM2,primary_healthcare,TIME,7200,1103320,92442,96.61,305,0.32,387471,96.61,1279,0.32,1008198,96.61,3330,0.32,319081,96.61,1054,0.32,103753,96.61,344,0.32,96.61,3644,0.32
Patuakhali,,16705992B49808088196813,BGD,ADM2,primary_healthcare,TIME,600,289463,25452,17.66,25452,17.66,105903,17.65,105903,17.65,264101,17.63,264101,17.63,81826,17.62,81826,17.62,27625,17.61,27625,17.61,17.63,289463,17.63
Patuakhali,,16705992B49808088196813,BGD,ADM2,primary_healthcare,TIME,1200,501189,43997,30.52,18545,12.87,183144,30.53,77241,12.87,457238,30.52,193137,12.89,141758,30.52,59932,12.9,47871,30.52,20246,12.91,30.52,211726,12.89
Patuakhali,,16705992B49808088196813,BGD,ADM2,primary_healthcare,TIME,1800,585350,51361,35.63,7364,5.11,213900,35.65,30756,5.13,534008,35.65,76770,5.12,165579,35.65,23821,5.13,55921,35.65,8050,5.13,35.65,84161,5.13
Patuakhali,,16705992B49808088196813,BGD,ADM2,primary_healthcare,TIME,2400,838126,73518,51.0,22157,15.37,306036,51.01,92136,15.36,764594,51.04,230586,15.39,237130,51.05,71551,15.4,80088,51.06,24167,15.41,51.04,252776,15.39
Patuakhali,,16705992B49808088196813,BGD,ADM2,primary_healthcare,TIME,3000,1016536,89170,61.86,15652,10.86,371166,61.87,65130,10.86,927352,61.9,162758,10.86,287608,61.92,50478,10.87,97136,61.93,17048,10.87,61.9,178410,10.86
Patuakhali,,16705992B49808088196813,BGD,ADM2,primary_healthcare,TIME,3600,1173118,102898,71.39,13728,9.52,428292,71.39,57126,9.52,1070192,71.44,142840,9.53,331921,71.46,44313,9.54,112103,71.47,14967,9.54,71.44,156582,9.54
Patuakhali,,16705992B49808088196813,BGD,ADM2,primary_healthcare,TIME,4200,1348238,118282,82.06,15384,10.67,492387,82.07,64095,10.68,1229963,82.1,159771,10.66,381431,82.12,49510,10.66,128821,82.13,16718,10.66,82.1,175120,10.66
Patuakhali,,16705992B49808088196813,BGD,ADM2,primary_healthcare,TIME,4800,1417027,124330,86.25,6048,4.2,517554,86.27,25167,4.19,1292725,86.29,62762,4.19,400877,86.3,19446,4.19,135386,86.32,6565,4.19,86.29,68789,4.19
Patuakhali,,16705992B49808088196813,BGD,ADM2,primary_healthcare,TIME,5400,1483777,130176,90.31,5846,4.06,541853,90.32,24299,4.05,1353613,90.35,60888,4.06,419779,90.37,18902,4.07,141771,90.39,6385,4.07,90.36,66750,4.06
Patuakhali,,16705992B49808088196813,BGD,ADM2,primary_healthcare,TIME,6000,1504669,132013,91.58,1837,1.27,549497,91.59,7644,1.27,1372674,91.63,19061,1.27,425685,91.64,5906,1.27,143765,91.66,1994,1.27,91.63,20892,1.27
Patuakhali,,16705992B49808088196813,BGD,ADM2,primary_healthcare,TIME,6600,1510038,132485,91.91,472,0.33,551461,91.92,1964,0.33,1377573,91.95,4899,0.33,427202,91.97,1517,0.33,144278,91.99,513,0.33,91.96,5369,0.33
Patuakhali,,16705992B49808088196813,BGD,ADM2,primary_healthcare,TIME,7200,1511320,132598,91.99,113,0.08,551930,92.0,469,0.08,1378742,92.03,1169,0.08,427565,92.05,363,0.08,144400,92.06,122,0.08,92.03,1282,0.08
Gazipur,,16705992B50862305652789,BGD,ADM2,primary_healthcare,TIME,600,2039794,149552,34.22,149552,34.22,652754,34.21,652754,34.21,1941951,34.3,1941951,34.3,642086,34.36,642086,34.36,113800,34.25,113800,34.25,34.3,2039794,34.3
Gazipur,,16705992B50862305652789,BGD,ADM2,primary_healthcare,TIME,1200,4306044,315370,72.17,165818,37.95,1379914,72.33,727160,38.11,4100757,72.43,2158806,38.13,1351401,72.32,709315,37.96,238971,71.93,125171,37.68,72.4,2266250,38.1
Gazipur,,16705992B50862305652789,BGD,ADM2,primary_healthcare,TIME,1800,5647402,414674,94.9,99304,22.73,1811214,94.93,431300,22.61,5376523,94.96,1275766,22.53,1774230,94.94,422829,22.63,315057,94.83,76086,22.9,94.95,1341358,22.55
Gazipur,,16705992B50862305652789,BGD,ADM2,primary_healthcare,TIME,2400,5861882,430658,98.56,15984,3.66,1880495,98.56,69281,3.63,5580360,98.56,203837,3.6,1841693,98.55,67463,3.61,327377,98.54,12320,3.71,98.56,214480,3.61
Gazipur,,16705992B50862305652789,BGD,ADM2,primary_healthcare,TIME,3000,5947464,436972,100.0,6314,1.44,1907921,100.0,27426,1.44,5661760,100.0,81400,1.44,1868702,100.0,27009,1.45,332230,100.0,4853,1.46,100.0,85582,1.44
Gazipur,,16705992B50862305652789,BGD,ADM2,primary_healthcare,TIME,3600,5947464,436972,100.0,0,0.0,1907921,100.0,0,0.0,5661760,100.0,0,0.0,1868702,100.0,0,0.0,332230,100.0,0,0.0,100.0,0,0.0
Gazipur,,16705992B50862305652789,BGD,ADM2,primary_healthcare,TIME,4200,5947464,436972,100.0,0,0.0,1907921,100.0,0,0.0,5661760,100.0,0,0.0,1868702,100.0,0,0.0,332230,100.0,0,0.0,100.0,0,0.0
Gazipur,,16705992B50862305652789,BGD,ADM2,primary_healthcare,TIME,4800,5947464,436972,100.0,0,0.0,1907921,100.0,0,0.0,5661760,100.0,0,0.0,1868702,100.0,0,0.0,332230,100.0,0,0.0,100.0,0,0.0
Gazipur,,16705992B50862305652789,BGD,ADM2,primary_healthcare,TIME,5400,5947464,436972,100.0,0,0.0,1907921,100.0,0,0.0,5661760,100.0,0,0.0,1868702,100.0,0,0.0,332230,100.0,0,0.0,100.0,0,0.0
Gazipur,,16705992B50862305652789,BGD,ADM2,primary_healthcare,TIME,6000,5947464,436972,100.0,0,0.0,1907921,100.0,0,0.0,5661760,100.0,0,0.0,1868702,100.0,0,0.0,332230,100.0,0,0.0,100.0,0,0.0
Gazipur,,16705992B50862305652789,BGD,ADM2,primary_healthcare,TIME,6600,5947464,436972,100.0,0,0.0,1907921,100.0,0,0.0,5661760,100.0,0,0.0,1868702,100.0,0,0.0,332230,100.0,0,0.0,100.0,0,0.0
Gazipur,,16705992B50862305652789,BGD,ADM2,primary_healthcare,TIME,7200,5947464,436972,100.0,0,0.0,1907921,100.0,0,0.0,5661760,100.0,0,0.0,1868702,100.0,0,0.0,332230,100.0,0,0.0,100.0,0,0.0
Rajshahi,,16705992B51815672792645,BGD,ADM2,primary_healthcare,TIME,600,675794,46801,23.33,46801,23.33,217506,23.34,217506,23.34,629880,23.36,629880,23.36,208099,23.36,208099,23.36,51200,23.35,51200,23.35,23.35,675794,23.35
Rajshahi,,16705992B51815672792645,BGD,ADM2,primary_healthcare,TIME,1200,1010953,70020,34.9,23219,11.57,325391,34.92,107885,11.58,942266,34.94,312386,11.58,311301,34.94,103202,11.58,76595,34.93,25395,11.58,34.94,335159,11.58
Rajshahi,,16705992B51815672792645,BGD,ADM2,primary_healthcare,TIME,1800,1439851,99732,49.71,29712,14.81,463436,49.74,138045,14.82,1342014,49.76,399748,14.82,443367,49.76,132066,14.82,109100,49.75,32505,14.82,49.76,428898,14.82
Rajshahi,,16705992B51815672792645,BGD,ADM2,primary_healthcare,TIME,2400,1770785,122692,61.15,22960,11.44,569990,61.17,106554,11.44,1650437,61.2,308423,11.44,545249,61.2,101882,11.44,134201,61.2,25101,11.45,61.2,330934,11.44
Rajshahi,,16705992B51815672792645,BGD,ADM2,primary_healthcare,TIME,3000,2035195,140999,70.28,18307,9.12,655077,70.31,85087,9.13,1896881,70.33,246444,9.14,626671,70.34,81422,9.14,154234,70.33,20033,9.14,70.33,264410,9.14
Rajshahi,,16705992B51815672792645,BGD,ADM2,primary_healthcare,TIME,3600,2204186,152714,76.12,11715,5.84,709450,76.14,54373,5.84,2054368,76.17,157487,5.84,678700,76.18,52029,5.84,167060,76.18,12826,5.85,76.17,168991,5.84
Rajshahi,,16705992B51815672792645,BGD,ADM2,primary_healthcare,TIME,4200,2536780,175781,87.61,23067,11.5,816542,87.64,107092,11.49,2364349,87.67,309981,11.49,781100,87.67,102400,11.49,192275,87.68,25215,11.5,87.67,332594,11.49
Rajshahi,,16705992B51815672792645,BGD,ADM2,primary_healthcare,TIME,4800,2763642,191490,95.44,15709,7.83,889533,95.47,72991,7.83,2575789,95.51,211440,7.84,850959,95.51,69859,7.84,209472,95.52,17197,7.84,95.51,226862,7.84
Rajshahi,,16705992B51815672792645,BGD,ADM2,primary_healthcare,TIME,5400,2767069,191727,95.56,237,0.12,890636,95.59,1103,0.12,2578983,95.63,3194,0.12,852014,95.63,1055,0.12,209731,95.64,259,0.12,95.63,3427,0.12
Rajshahi,,16705992B51815672792645,BGD,ADM2,primary_healthcare,TIME,6000,2768583,191832,95.61,105,0.05,891123,95.64,487,0.05,2580394,95.68,1411,0.05,852480,95.68,466,0.05,209846,95.69,115,0.05,95.68,1514,0.05
Rajshahi,,16705992B51815672792645,BGD,ADM2,primary_healthcare,TIME,6600,2774272,192226,95.81,394,0.2,892954,95.84,1831,0.2,2585696,95.87,5302,0.2,854232,95.88,1752,0.2,210277,95.89,431,0.2,95.88,5689,0.2
Rajshahi,,16705992B51815672792645,BGD,ADM2,primary_healthcare,TIME,7200,2776515,192381,95.89,155,0.08,893676,95.91,722,0.08,2587787,95.95,2091,0.08,854923,95.96,691,0.08,210447,95.96,170,0.08,95.95,2243,0.08
Mymensingh,,16705992B54511139091050,BGD,ADM2,primary_healthcare,TIME,600,820949,83217,14.38,83217,14.38,317965,14.38,317965,14.38,753429,14.37,753429,14.37,224299,14.37,224299,14.37,73942,14.37,73942,14.37,14.37,820949,14.37
Mymensingh,,16705992B54511139091050,BGD,ADM2,primary_healthcare,TIME,1200,2154477,218380,37.72,135163,23.35,834380,37.73,516415,23.35,1977400,37.72,1223971,23.35,588684,37.71,364385,23.34,193930,37.7,119988,23.33,37.71,1333528,23.34
Mymensingh,,16705992B54511139091050,BGD,ADM2,primary_healthcare,TIME,1800,3491248,353876,61.13,135496,23.41,1351951,61.13,517571,23.4,3204189,61.12,1226789,23.4,953875,61.11,365191,23.4,314370,61.11,120440,23.41,61.12,1336771,23.4
Mymensingh,,16705992B54511139091050,BGD,ADM2,primary_healthcare,TIME,2400,5024227,509176,87.96,155300,26.83,1945330,87.96,593379,26.83,4611100,87.95,1406911,26.83,1372799,87.95,418924,26.84,452430,87.95,138060,26.84,87.95,1532979,26.84
Mymensingh,,16705992B54511139091050,BGD,ADM2,primary_healthcare,TIME,3000,5541334,561523,97.0,52347,9.04,2145419,97.0,200089,9.05,5085706,97.0,474606,9.05,1514204,97.0,141405,9.06,498975,97.0,46545,9.05,97.0,517107,9.05
Mymensingh,,16705992B54511139091050,BGD,ADM2,primary_healthcare,TIME,3600,5565303,563973,97.42,2450,0.42,2154741,97.42,9322,0.42,5107697,97.42,21991,0.42,1520723,97.42,6519,0.42,501141,97.42,2166,0.42,97.42,23969,0.42
Mymensingh,,16705992B54511139091050,BGD,ADM2,primary_healthcare,TIME,4200,5691682,576769,99.63,12796,2.21,2203631,99.63,48890,2.21,5223687,99.64,115990,2.21,1555260,99.64,34537,2.21,512519,99.63,11378,2.21,99.63,126379,2.21
Mymensingh,,16705992B54511139091050,BGD,ADM2,primary_healthcare,TIME,4800,5692686,576871,99.65,102,0.02,2204020,99.65,389,0.02,5224609,99.65,922,0.02,1555534,99.65,274,0.02,512609,99.65,90,0.02,99.65,1004,0.02
Mymensingh,,16705992B54511139091050,BGD,ADM2,primary_healthcare,TIME,5400,5692686,576871,99.65,0,0.0,2204020,99.65,0,0.0,5224609,99.65,0,0.0,1555534,99.65,0,0.0,512609,99.65,0,0.0,99.65,0,0.0
Mymensingh,,16705992B54511139091050,BGD,ADM2,primary_healthcare,TIME,6000,5703763,577994,99.85,1123,0.19,2208311,99.85,4291,0.19,5234774,99.85,10165,0.19,1558561,99.85,3027,0.19,513607,99.85,998,0.19,99.85,11077,0.19
Mymensingh,,16705992B54511139091050,BGD,ADM2,primary_healthcare,TIME,6600,5705323,578152,99.87,158,0.03,2208916,99.87,605,0.03,5236206,99.87,1432,0.03,1558987,99.87,426,0.03,513748,99.87,141,0.03,99.87,1560,0.03
Mymensingh,,16705992B54511139091050,BGD,ADM2,primary_healthcare,TIME,7200,5705323,578152,99.87,0,0.0,2208916,99.87,0,0.0,5236206,99.87,0,0.0,1558987,99.87,0,0.0,513748,99.87,0,0.0,99.87,0,0.0
Sirajganj,,16705992B55394931042500,BGD,ADM2,primary_healthcare,TIME,600,289730,27030,8.3,27030,8.3,106325,8.3,106325,8.3,269055,8.29,269055,8.29,82793,8.29,82793,8.29,22941,8.28,22941,8.28,8.29,289730,8.29
Sirajganj,,16705992B55394931042500,BGD,ADM2,primary_healthcare,TIME,1200,1002764,93488,28.71,66458,20.41,367810,28.71,261485,20.41,931162,28.7,662107,20.41,286620,28.69,203827,20.4,79445,28.68,56504,20.4,28.7,713034,20.4
Sirajganj,,16705992B55394931042500,BGD,ADM2,primary_healthcare,TIME,1800,1864308,173815,53.38,80327,24.67,683843,53.37,316033,24.66,1731185,53.35,800023,24.66,532870,53.34,246250,24.65,147706,53.32,68261,24.64,53.35,861544,24.65
Sirajganj,,16705992B55394931042500,BGD,ADM2,primary_healthcare,TIME,2400,2664682,248442,76.3,74627,22.92,977438,76.28,293595,22.91,2474403,76.26,743218,22.91,761636,76.24,228766,22.9,211123,76.21,63417,22.89,76.25,800374,22.9
Sirajganj,,16705992B55394931042500,BGD,ADM2,primary_healthcare,TIME,3000,2926311,272744,83.76,24302,7.46,1073149,83.75,95711,7.47,2717298,83.74,242895,7.49,836517,83.74,74881,7.5,231904,83.71,20781,7.5,83.74,261629,7.49
Sirajganj,,16705992B55394931042500,BGD,ADM2,primary_healthcare,TIME,3600,3081407,287174,88.19,14430,4.43,1129958,88.19,56809,4.43,2861300,88.18,144002,4.44,880878,88.18,44361,4.44,244211,88.15,12307,4.44,88.18,155096,4.44
Sirajganj,,16705992B55394931042500,BGD,ADM2,primary_healthcare,TIME,4200,3092955,288251,88.52,1077,0.33,1134195,88.52,4237,0.33,2872024,88.51,10724,0.33,884178,88.51,3300,0.33,245126,88.48,915,0.33,88.51,11548,0.33
Sirajganj,,16705992B55394931042500,BGD,ADM2,primary_healthcare,TIME,4800,3171360,295570,90.77,7319,2.25,1162980,90.76,28785,2.25,2944836,90.76,72812,2.24,906578,90.75,22400,2.24,251332,90.72,6206,2.24,90.75,78405,2.24
Sirajganj,,16705992B55394931042500,BGD,ADM2,primary_healthcare,TIME,5400,3186033,296940,91.19,1370,0.42,1168365,91.18,5385,0.42,2958462,91.18,13626,0.42,910771,91.17,4193,0.42,252494,91.14,1162,0.42,91.17,14673,0.42
Sirajganj,,16705992B55394931042500,BGD,ADM2,primary_healthcare,TIME,6000,3199055,298155,91.56,1215,0.37,1173146,91.56,4781,0.37,2970555,91.55,12093,0.37,914492,91.54,3721,0.37,253525,91.51,1031,0.37,91.55,13022,0.37
Sirajganj,,16705992B55394931042500,BGD,ADM2,primary_healthcare,TIME,6600,3209999,299175,91.88,1020,0.31,1177160,91.87,4014,0.31,2980716,91.86,10161,0.31,917620,91.85,3128,0.31,254393,91.83,868,0.31,91.86,10944,0.31
Sirajganj,,16705992B55394931042500,BGD,ADM2,primary_healthcare,TIME,7200,3222373,300331,92.23,1156,0.36,1181703,92.23,4543,0.35,2992208,92.22,11492,0.35,921155,92.21,3535,0.35,255373,92.18,980,0.35,92.21,12374,0.35
Tangail,,16705992B55867939933107,BGD,ADM2,primary_healthcare,TIME,600,577125,46416,15.03,46416,15.03,191667,15.03,191667,15.03,526096,15.03,526096,15.03,173055,15.03,173055,15.03,55543,15.04,55543,15.04,15.03,577125,15.03
Tangail,,16705992B55867939933107,BGD,ADM2,primary_healthcare,TIME,1200,1505688,121093,39.22,74677,24.19,500036,39.21,308369,24.18,1372549,39.21,846453,24.18,451495,39.21,278440,24.18,144917,39.25,89374,24.21,39.21,928563,24.18
Tangail,,16705992B55867939933107,BGD,ADM2,primary_healthcare,TIME,1800,2331552,187471,60.72,66378,21.5,774237,60.72,274201,21.5,2125695,60.72,753146,21.51,699246,60.72,247751,21.52,224095,60.7,79178,21.45,60.72,825864,21.51
Tangail,,16705992B55867939933107,BGD,ADM2,primary_healthcare,TIME,2400,2923952,235100,76.14,47629,15.43,970961,76.15,196724,15.43,2665777,76.15,540082,15.43,876881,76.15,177635,15.43,281047,76.12,56952,15.43,76.15,592400,15.43
Tangail,,16705992B55867939933107,BGD,ADM2,primary_healthcare,TIME,3000,3263484,262401,84.99,27301,8.84,1083705,84.99,112744,8.84,2975280,84.99,309503,8.84,978690,84.99,101809,8.84,313733,84.97,32686,8.85,84.99,339532,8.84
Tangail,,16705992B55867939933107,BGD,ADM2,primary_healthcare,TIME,3600,3286119,264221,85.58,1820,0.59,1091221,85.58,7516,0.59,2995913,85.58,20633,0.59,985478,85.58,6788,0.59,315912,85.56,2179,0.59,85.58,22635,0.59
Tangail,,16705992B55867939933107,BGD,ADM2,primary_healthcare,TIME,4200,3417991,274826,89.01,10605,3.43,1135015,89.01,43794,3.43,3116125,89.01,120212,3.43,1025022,89.01,39544,3.43,328604,89.0,12692,3.44,89.01,131872,3.43
Tangail,,16705992B55867939933107,BGD,ADM2,primary_healthcare,TIME,4800,3441280,276698,89.62,1872,0.61,1142748,89.62,7733,0.61,3137354,89.62,21229,0.61,1032006,89.62,6984,0.61,330845,89.61,2241,0.61,89.62,23289,0.61
Tangail,,16705992B55867939933107,BGD,ADM2,primary_healthcare,TIME,5400,3497550,281222,91.08,4524,1.47,1161429,91.08,18681,1.47,3188642,91.09,51288,1.47,1048878,91.09,16872,1.47,336267,91.08,5422,1.47,91.09,56270,1.47
Tangail,,16705992B55867939933107,BGD,ADM2,primary_healthcare,TIME,6000,3508014,282063,91.36,841,0.27,1164904,91.36,3475,0.27,3198181,91.36,9539,0.27,1052016,91.36,3138,0.27,337275,91.35,1008,0.27,91.36,10464,0.27
Tangail,,16705992B55867939933107,BGD,ADM2,primary_healthcare,TIME,6600,3541825,284782,92.24,2719,0.88,1176131,92.24,11227,0.88,3229002,92.24,30821,0.88,1062155,92.24,10139,0.88,340529,92.23,3254,0.88,92.24,33811,0.88
Tangail,,16705992B55867939933107,BGD,ADM2,primary_healthcare,TIME,7200,3554054,285765,92.55,983,0.32,1180192,92.56,4061,0.32,3240150,92.56,11148,0.32,1065823,92.56,3668,0.32,341706,92.55,1177,0.32,92.56,12229,0.32
Narail,,16705992B56503274196630,BGD,ADM2,primary_healthcare,TIME,600,81565,7037,10.57,7037,10.57,29317,10.54,29317,10.54,74321,10.54,74321,10.54,23293,10.54,23293,10.54,7881,10.58,7881,10.58,10.54,81565,10.54
Narail,,16705992B56503274196630,BGD,ADM2,primary_healthcare,TIME,1200,319894,27581,41.42,20544,30.85,114964,41.35,85647,30.8,291516,41.33,217195,30.8,91371,41.34,68078,30.8,30879,41.45,22998,30.87,41.35,238329,30.8
Narail,,16705992B56503274196630,BGD,ADM2,primary_healthcare,TIME,1800,556490,47894,71.92,20313,30.5,199913,71.9,84949,30.55,507274,71.93,215758,30.59,159004,71.94,67633,30.6,53569,71.92,22690,30.46,71.93,236596,30.58
Narail,,16705992B56503274196630,BGD,ADM2,primary_healthcare,TIME,2400,692848,59606,89.51,11712,17.59,248902,89.52,48989,17.62,631579,89.55,124305,17.63,197947,89.56,38943,17.62,66689,89.53,13120,17.61,89.55,136358,17.62
Narail,,16705992B56503274196630,BGD,ADM2,primary_healthcare,TIME,3000,755959,65064,97.7,5458,8.2,271663,97.71,22761,8.19,689097,97.71,57518,8.16,215951,97.71,18004,8.15,72775,97.7,6086,8.17,97.71,63111,8.16
Narail,,16705992B56503274196630,BGD,ADM2,primary_healthcare,TIME,3600,756803,65137,97.81,73,0.11,271967,97.82,304,0.11,689867,97.82,770,0.11,216192,97.82,241,0.11,72856,97.81,81,0.11,97.82,844,0.11
Narail,,16705992B56503274196630,BGD,ADM2,primary_healthcare,TIME,4200,773700,66595,100.0,1458,2.19,278039,100.0,6072,2.18,705263,100.0,15396,2.18,221017,100.0,4825,2.18,74489,100.0,1633,2.19,100.0,16897,2.18
Narail,,16705992B56503274196630,BGD,ADM2,primary_healthcare,TIME,4800,773700,66595,100.0,0,0.0,278039,100.0,0,0.0,705263,100.0,0,0.0,221017,100.0,0,0.0,74489,100.0,0,0.0,100.0,0,0.0
Narail,,16705992B56503274196630,BGD,ADM2,primary_healthcare,TIME,5400,773700,66595,100.0,0,0.0,278039,100.0,0,0.0,705263,100.0,0,0.0,221017,100.0,0,0.0,74489,100.0,0,0.0,100.0,0,0.0
Narail,,16705992B56503274196630,BGD,ADM2,primary_healthcare,TIME,6000,773700,66595,100.0,0,0.0,278039,100.0,0,0.0,705263,100.0,0,0.0,221017,100.0,0,0.0,74489,100.0,0,0.0,100.0,0,0.0
Narail,,16705992B56503274196630,BGD,ADM2,primary_healthcare,TIME,6600,773700,66595,100.0,0,0.0,278039,100.0,0,0.0,705263,100.0,0,0.0,221017,100.0,0,0.0,74489,100.0,0,0.0,100.0,0,0.0
Narail,,16705992B56503274196630,BGD,ADM2,primary_healthcare,TIME,7200,773700,66595,100.0,0,0.0,278039,100.0,0,0.0,705263,100.0,0,0.0,221017,100.0,0,0.0,74489,100.0,0,0.0,100.0,0,0.0
Comilla,,16705992B59490572634285,BGD,ADM2,primary_healthcare,TIME,600,1579801,155689,26.43,155689,26.43,654906,26.43,654906,26.43,1454753,26.43,1454753,26.43,462598,26.43,462598,26.43,137406,26.43,137406,26.43,26.43,1579801,26.43
Comilla,,16705992B59490572634285,BGD,ADM2,primary_healthcare,TIME,1200,3165826,312016,52.96,156327,26.53,1312383,52.97,657477,26.53,2915200,52.97,1460447,26.53,926990,52.97,464392,26.54,275391,52.96,137985,26.54,52.97,1586025,26.53
Comilla,,16705992B59490572634285,BGD,ADM2,primary_healthcare,TIME,1800,4743231,467554,79.36,155538,26.4,1966396,79.36,654013,26.39,4367747,79.36,1452547,26.39,1388815,79.36,461825,26.39,412588,79.35,137197,26.39,79.36,1577405,26.39
Comilla,,16705992B59490572634285,BGD,ADM2,primary_healthcare,TIME,2400,5687840,560627,95.16,93073,15.8,2357923,95.16,391527,15.8,5237542,95.16,869795,15.8,1665422,95.16,276607,15.81,494792,95.16,82204,15.81,95.16,944609,15.8
Comilla,,16705992B59490572634285,BGD,ADM2,primary_healthcare,TIME,3000,5909386,582468,98.87,21841,3.71,2449747,98.87,91824,3.71,5441524,98.87,203982,3.71,1730283,98.87,64861,3.71,514088,98.87,19296,3.71,98.87,221546,3.71
Comilla,,16705992B59490572634285,BGD,ADM2,primary_healthcare,TIME,3600,5933239,584837,99.27,2369,0.4,2459658,99.27,9911,0.4,5463493,99.27,21969,0.4,1737253,99.27,6970,0.4,516160,99.27,2072,0.4,99.27,23853,0.4
Comilla,,16705992B59490572634285,BGD,ADM2,primary_healthcare,TIME,4200,5935674,585074,99.31,237,0.04,2460656,99.31,998,0.04,5465735,99.31,2242,0.04,1737966,99.31,713,0.04,516372,99.31,212,0.04,99.31,2435,0.04
Comilla,,16705992B59490572634285,BGD,ADM2,primary_healthcare,TIME,4800,5936737,585179,99.33,105,0.02,2461097,99.33,441,0.02,5466714,99.32,979,0.02,1738277,99.32,311,0.02,516464,99.33,92,0.02,99.32,1063,0.02
Comilla,,16705992B59490572634285,BGD,ADM2,primary_healthcare,TIME,5400,5977127,589148,100.0,3969,0.67,2477794,100.0,16697,0.67,5503931,100.0,37217,0.68,1750111,100.0,11834,0.68,519952,100.0,3488,0.67,100.0,40390,0.68
Comilla,,16705992B59490572634285,BGD,ADM2,primary_healthcare,TIME,6000,5977127,589148,100.0,0,0.0,2477794,100.0,0,0.0,5503931,100.0,0,0.0,1750111,100.0,0,0.0,519952,100.0,0,0.0,100.0,0,0.0
Comilla,,16705992B59490572634285,BGD,ADM2,primary_healthcare,TIME,6600,5977127,589148,100.0,0,0.0,2477794,100.0,0,0.0,5503931,100.0,0,0.0,1750111,100.0,0,0.0,519952,100.0,0,0.0,100.0,0,0.0
Comilla,,16705992B59490572634285,BGD,ADM2,primary_healthcare,TIME,7200,5977127,589148,100.0,0,0.0,2477794,100.0,0,0.0,5503931,100.0,0,0.0,1750111,100.0,0,0.0,519952,100.0,0,0.0,100.0,0,0.0
Satkhira,,16705992B60176987344662,BGD,ADM2,primary_healthcare,TIME,600,537211,38151,26.78,38151,26.78,176038,26.78,176038,26.78,492796,26.78,492796,26.78,163640,26.78,163640,26.78,48617,26.78,48617,26.78,26.78,537211,26.78
Satkhira,,16705992B60176987344662,BGD,ADM2,primary_healthcare,TIME,1200,1100958,78190,54.89,40039,28.11,360770,54.89,184732,28.11,1009941,54.89,517145,28.11,335360,54.89,171720,28.11,99629,54.89,51012,28.1,54.89,563747,28.11
Satkhira,,16705992B60176987344662,BGD,ADM2,primary_healthcare,TIME,1800,1585027,112568,79.02,34378,24.13,519394,79.02,158624,24.13,1453988,79.02,444047,24.13,482812,79.02,147452,24.13,143438,79.02,43809,24.14,79.02,484069,24.13
Satkhira,,16705992B60176987344662,BGD,ADM2,primary_healthcare,TIME,2400,1725054,122512,86.0,9944,6.98,565280,86.0,45886,6.98,1582439,86.0,128451,6.98,525466,86.0,42654,6.98,156110,86.0,12672,6.98,86.0,140027,6.98
Satkhira,,16705992B60176987344662,BGD,ADM2,primary_healthcare,TIME,3000,1866065,132526,93.03,10014,7.03,611483,93.03,46203,7.03,1711794,93.03,129355,7.03,568416,93.03,42950,7.03,168868,93.03,12758,7.03,93.03,141011,7.03
Satkhira,,16705992B60176987344662,BGD,ADM2,primary_healthcare,TIME,3600,1903997,135219,94.92,2693,1.89,623913,94.92,12430,1.89,1746589,94.92,34795,1.89,579970,94.92,11554,1.89,172301,94.92,3433,1.89,94.92,37932,1.89
Satkhira,,16705992B60176987344662,BGD,ADM2,primary_healthcare,TIME,4200,1990467,141360,99.24,6141,4.31,652248,99.24,28335,4.31,1825911,99.24,79322,4.31,606310,99.24,26340,4.31,180126,99.24,7825,4.31,99.24,86470,4.31
Satkhira,,16705992B60176987344662,BGD,ADM2,primary_healthcare,TIME,4800,1996393,141781,99.53,421,0.3,654190,99.53,1942,0.3,1831347,99.53,5436,0.3,608115,99.53,1805,0.3,180663,99.53,537,0.3,99.53,5926,0.3
Satkhira,,16705992B60176987344662,BGD,ADM2,primary_healthcare,TIME,5400,1996582,141794,99.54,13,0.01,654252,99.54,62,0.01,1831520,99.54,173,0.01,608172,99.54,57,0.01,180680,99.54,17,0.01,99.54,189,0.01
Satkhira,,16705992B60176987344662,BGD,ADM2,primary_healthcare,TIME,6000,1996894,141816,99.56,22,0.02,654354,99.56,102,0.02,1831807,99.56,287,0.02,608267,99.56,95,0.02,180708,99.56,28,0.02,99.56,312,0.02
Satkhira,,16705992B60176987344662,BGD,ADM2,primary_healthcare,TIME,6600,1997482,141858,99.59,42,0.03,654547,99.59,193,0.03,1832346,99.59,539,0.03,608446,99.59,179,0.03,180761,99.59,53,0.03,99.59,588,0.03
Satkhira,,16705992B60176987344662,BGD,ADM2,primary_healthcare,TIME,7200,1998836,141954,99.65,96,0.07,654990,99.65,443,0.07,1833588,99.65,1242,0.07,608859,99.65,413,0.07,180884,99.65,123,0.07,99.65,1354,0.07
Sunamganj,,16705992B61059366245275,BGD,ADM2,primary_healthcare,TIME,600,55870,6931,1.94,6931,1.94,24361,1.94,24361,1.94,51784,1.94,51784,1.94,14458,1.95,14458,1.95,4523,1.96,4523,1.96,1.95,55870,1.95
Sunamganj,,16705992B61059366245275,BGD,ADM2,primary_healthcare,TIME,1200,192990,24025,6.71,17094,4.77,84327,6.71,59966,4.77,178933,6.72,127149,4.77,49913,6.72,35455,4.77,15566,6.74,11043,4.78,6.72,137120,4.77
Sunamganj,,16705992B61059366245275,BGD,ADM2,primary_healthcare,TIME,1800,576232,71768,20.05,47743,13.34,251982,20.05,167655,13.34,534371,20.06,355438,13.34,149097,20.06,99184,13.35,46368,20.08,30802,13.34,20.06,383242,13.34
Sunamganj,,16705992B61059366245275,BGD,ADM2,primary_healthcare,TIME,2400,1283053,159809,44.64,88041,24.59,561172,44.66,309190,24.61,1189913,44.67,655542,24.61,332047,44.68,182950,24.62,103176,44.67,56808,24.6,44.67,706821,24.61
Sunamganj,,16705992B61059366245275,BGD,ADM2,primary_healthcare,TIME,3000,1986897,247598,69.16,87789,24.52,869158,69.17,307986,24.51,1842666,69.17,652753,24.5,514126,69.18,182079,24.5,159773,69.18,56597,24.5,69.17,703844,24.5
Sunamganj,,16705992B61059366245275,BGD,ADM2,primary_healthcare,TIME,3600,2384011,297026,82.97,49428,13.81,1042816,82.99,173658,13.82,2210960,83.0,368294,13.83,616919,83.01,102793,13.83,191699,83.0,31926,13.82,83.0,397114,13.83
Sunamganj,,16705992B61059366245275,BGD,ADM2,primary_healthcare,TIME,4200,2564326,319539,89.26,22513,6.29,1121752,89.27,78936,6.28,2378191,89.28,167231,6.28,663541,89.28,46622,6.27,206194,89.28,14495,6.28,89.28,180315,6.28
Sunamganj,,16705992B61059366245275,BGD,ADM2,primary_healthcare,TIME,4800,2703040,336851,94.09,17312,4.84,1182464,94.1,60712,4.83,2506838,94.1,128647,4.83,699414,94.11,35873,4.83,217347,94.11,11153,4.83,94.1,138714,4.83
Sunamganj,,16705992B61059366245275,BGD,ADM2,primary_healthcare,TIME,5400,2767391,344887,96.34,8036,2.24,1210636,96.34,28172,2.24,2566518,96.34,59680,2.24,716050,96.35,16636,2.24,222520,96.34,5173,2.24,96.34,64351,2.24
Sunamganj,,16705992B61059366245275,BGD,ADM2,primary_healthcare,TIME,6000,2780303,346498,96.79,1611,0.45,1216286,96.79,5650,0.45,2578493,96.79,11975,0.45,719391,96.8,3341,0.45,223558,96.79,1038,0.45,96.79,12912,0.45
Sunamganj,,16705992B61059366245275,BGD,ADM2,primary_healthcare,TIME,6600,2853953,355694,99.36,9196,2.57,1248528,99.36,32242,2.57,2646799,99.36,68306,2.56,738432,99.36,19041,2.56,229479,99.36,5921,2.56,99.36,73650,2.56
Sunamganj,,16705992B61059366245275,BGD,ADM2,primary_healthcare,TIME,7200,2860645,356527,99.59,833,0.23,1251452,99.59,2924,0.23,2653004,99.59,6205,0.23,740163,99.59,1731,0.23,230019,99.59,540,0.23,99.59,6692,0.23
Maulvibazar,,16705992B62450131352427,BGD,ADM2,primary_healthcare,TIME,600,286737,27790,12.9,27790,12.9,116358,12.93,116358,12.93,266805,12.95,266805,12.95,83109,12.96,83109,12.96,22174,12.95,22174,12.95,12.95,286737,12.95
Maulvibazar,,16705992B62450131352427,BGD,ADM2,primary_healthcare,TIME,1200,591254,57659,26.77,29869,13.87,240285,26.71,123927,13.78,550073,26.7,283268,13.75,171084,26.69,87975,13.72,45806,26.75,23632,13.8,26.7,304517,13.75
Maulvibazar,,16705992B62450131352427,BGD,ADM2,primary_healthcare,TIME,1800,930836,90887,42.19,33228,15.43,378419,42.06,138134,15.35,865987,42.03,315914,15.33,269250,42.0,98166,15.31,72130,42.12,26324,15.37,42.04,339582,15.34
Maulvibazar,,16705992B62450131352427,BGD,ADM2,primary_healthcare,TIME,2400,1391462,135553,62.93,44666,20.74,565413,62.85,186994,20.79,1294616,62.84,428629,20.8,402727,62.82,133477,20.82,107730,62.91,35600,20.79,62.84,460626,20.8
Maulvibazar,,16705992B62450131352427,BGD,ADM2,primary_healthcare,TIME,3000,1552922,151224,70.21,15671,7.28,631000,70.14,65587,7.29,1444873,70.13,150257,7.29,449495,70.12,46768,7.3,120196,70.19,12466,7.28,70.13,161460,7.29
Maulvibazar,,16705992B62450131352427,BGD,ADM2,primary_healthcare,TIME,3600,1794158,174663,81.09,23439,10.88,729074,81.04,98074,10.9,1669397,81.03,224524,10.9,519331,81.01,69836,10.89,138796,81.05,18600,10.86,81.03,241236,10.89
Maulvibazar,,16705992B62450131352427,BGD,ADM2,primary_healthcare,TIME,4200,1900647,185014,85.89,10351,4.81,772377,85.86,43303,4.81,1768512,85.84,99115,4.81,550154,85.82,30823,4.81,147003,85.84,8207,4.79,85.84,106489,4.81
Maulvibazar,,16705992B62450131352427,BGD,ADM2,primary_healthcare,TIME,4800,1914736,186379,86.53,1365,0.63,778095,86.49,5718,0.64,1781622,86.48,13110,0.64,554238,86.46,4084,0.64,148092,86.48,1089,0.64,86.48,14089,0.64
Maulvibazar,,16705992B62450131352427,BGD,ADM2,primary_healthcare,TIME,5400,1925842,187455,87.03,1076,0.5,782601,86.99,4506,0.5,1791955,86.98,10333,0.5,557457,86.96,3219,0.5,148951,86.98,859,0.5,86.98,11106,0.5
Maulvibazar,,16705992B62450131352427,BGD,ADM2,primary_healthcare,TIME,6000,1953119,190099,88.25,2644,1.23,793670,88.22,11069,1.23,1817336,88.21,25381,1.23,565363,88.2,7906,1.23,151061,88.21,2110,1.23,88.21,27277,1.23
Maulvibazar,,16705992B62450131352427,BGD,ADM2,primary_healthcare,TIME,6600,1972981,192024,89.15,1925,0.89,801730,89.12,8060,0.9,1835817,89.11,18481,0.9,571120,89.09,5757,0.9,152597,89.11,1536,0.9,89.11,19862,0.9
Maulvibazar,,16705992B62450131352427,BGD,ADM2,primary_healthcare,TIME,7200,1976382,192354,89.3,330,0.15,803110,89.27,1380,0.15,1838982,89.26,3165,0.15,572106,89.25,986,0.15,152860,89.26,263,0.15,89.26,3401,0.15
Jamalpur,,16705992B65705561019803,BGD,ADM2,primary_healthcare,TIME,600,315621,29390,13.04,29390,13.04,113591,13.04,113591,13.04,290672,13.04,290672,13.04,89979,13.04,89979,13.04,27418,13.05,27418,13.05,13.04,315621,13.04
Jamalpur,,16705992B65705561019803,BGD,ADM2,primary_healthcare,TIME,1200,952153,88654,39.34,59264,26.3,342667,39.33,229076,26.29,876876,39.33,586204,26.29,271410,39.33,181431,26.29,82726,39.37,55308,26.32,39.33,636532,26.3
Jamalpur,,16705992B65705561019803,BGD,ADM2,primary_healthcare,TIME,1800,1671461,155623,69.06,66969,29.72,601535,69.05,258868,29.71,1539318,69.04,662442,29.71,476425,69.05,205015,29.71,145217,69.11,62491,29.74,69.05,719308,29.72
Jamalpur,,16705992B65705561019803,BGD,ADM2,primary_healthcare,TIME,2400,2079718,193619,85.92,37996,16.86,748437,85.91,146902,16.86,1915300,85.91,375982,16.86,592796,85.91,116371,16.86,180687,85.99,35470,16.88,85.92,408257,16.87
Jamalpur,,16705992B65705561019803,BGD,ADM2,primary_healthcare,TIME,3000,2159761,201062,89.22,7443,3.3,777225,89.21,28788,3.3,1989019,89.21,73719,3.31,615611,89.22,22815,3.31,187637,89.3,6950,3.31,89.22,80043,3.31
Jamalpur,,16705992B65705561019803,BGD,ADM2,primary_healthcare,TIME,3600,2268649,211199,93.72,10137,4.5,816408,93.71,39183,4.5,2089299,93.71,100280,4.5,646648,93.71,31037,4.5,197096,93.8,9459,4.5,93.72,108888,4.5
Jamalpur,,16705992B65705561019803,BGD,ADM2,primary_healthcare,TIME,4200,2276858,211962,94.06,763,0.34,819357,94.05,2949,0.34,2096861,94.05,7562,0.34,648990,94.05,2342,0.34,197808,94.14,712,0.34,94.06,8209,0.34
Jamalpur,,16705992B65705561019803,BGD,ADM2,primary_healthcare,TIME,4800,2287026,212909,94.48,947,0.42,823021,94.47,3664,0.42,2106229,94.47,9368,0.42,651889,94.47,2899,0.42,198686,94.56,878,0.42,94.48,10168,0.42
Jamalpur,,16705992B65705561019803,BGD,ADM2,primary_healthcare,TIME,5400,2294891,213641,94.8,732,0.32,825850,94.79,2829,0.32,2113474,94.8,7245,0.32,654131,94.8,2242,0.32,199369,94.89,683,0.33,94.8,7865,0.32
Jamalpur,,16705992B65705561019803,BGD,ADM2,primary_healthcare,TIME,6000,2327020,216634,96.13,2993,1.33,837479,96.13,11629,1.33,2143152,96.13,29678,1.33,663305,96.13,9174,1.33,202071,96.17,2702,1.29,96.13,32129,1.33
Jamalpur,,16705992B65705561019803,BGD,ADM2,primary_healthcare,TIME,6600,2333493,217236,96.4,602,0.27,839823,96.4,2344,0.27,2149133,96.4,5981,0.27,665154,96.4,1849,0.27,202614,96.43,543,0.26,96.4,6473,0.27
Jamalpur,,16705992B65705561019803,BGD,ADM2,primary_healthcare,TIME,7200,2335540,217425,96.48,189,0.08,840556,96.48,733,0.08,2151018,96.48,1885,0.08,665738,96.48,584,0.08,202791,96.51,177,0.08,96.48,2047,0.08
Dinajpur,,16705992B66423446659680,BGD,ADM2,primary_healthcare,TIME,600,833481,68800,25.64,68800,25.64,284117,25.64,284117,25.64,772330,25.65,772330,25.65,243580,25.65,243580,25.65,67670,25.65,67670,25.65,25.65,833481,25.65
Dinajpur,,16705992B66423446659680,BGD,ADM2,primary_healthcare,TIME,1200,1783416,147190,54.86,78390,29.22,607863,54.87,323746,29.22,1652562,54.88,880232,29.23,521216,54.88,277636,29.23,144804,54.88,77134,29.24,54.88,949935,29.23
Dinajpur,,16705992B66423446659680,BGD,ADM2,primary_healthcare,TIME,1800,2676397,220906,82.33,73716,27.47,912288,82.34,304425,27.48,2480021,82.35,827459,27.48,782175,82.36,260959,27.48,217312,82.37,72508,27.48,82.36,892981,27.48
Dinajpur,,16705992B66423446659680,BGD,ADM2,primary_healthcare,TIME,2400,3151356,260172,96.97,39266,14.63,1074335,96.97,162047,14.63,2920157,96.97,440136,14.62,920963,96.97,138788,14.61,255850,96.97,38538,14.61,96.97,474959,14.62
Dinajpur,,16705992B66423446659680,BGD,ADM2,primary_healthcare,TIME,3000,3238841,267402,99.66,7230,2.69,1104185,99.66,29850,2.69,3001233,99.66,81076,2.69,946526,99.66,25563,2.69,262943,99.66,7093,2.69,99.66,87485,2.69
Dinajpur,,16705992B66423446659680,BGD,ADM2,primary_healthcare,TIME,3600,3244231,267847,99.83,445,0.17,1106023,99.83,1838,0.17,3006228,99.83,4995,0.17,948101,99.83,1575,0.17,263381,99.83,438,0.17,99.83,5390,0.17
Dinajpur,,16705992B66423446659680,BGD,ADM2,primary_healthcare,TIME,4200,3246386,268024,99.89,177,0.07,1106757,99.89,734,0.07,3008225,99.89,1997,0.07,948731,99.89,630,0.07,263556,99.9,175,0.07,99.89,2155,0.07
Dinajpur,,16705992B66423446659680,BGD,ADM2,primary_healthcare,TIME,4800,3248835,268227,99.97,203,0.08,1107592,99.97,835,0.08,3010495,99.97,2270,0.08,949447,99.97,716,0.08,263755,99.97,199,0.08,99.97,2449,0.08
Dinajpur,,16705992B66423446659680,BGD,ADM2,primary_healthcare,TIME,5400,3249588,268289,99.99,62,0.02,1107849,99.99,257,0.02,3011192,99.99,697,0.02,949667,99.99,220,0.02,263816,99.99,61,0.02,99.99,753,0.02
Dinajpur,,16705992B66423446659680,BGD,ADM2,primary_healthcare,TIME,6000,3249802,268306,100.0,17,0.01,1107922,100.0,73,0.01,3011391,100.0,199,0.01,949729,100.0,62,0.01,263833,100.0,17,0.01,100.0,214,0.01
Dinajpur,,16705992B66423446659680,BGD,ADM2,primary_healthcare,TIME,6600,3249802,268306,100.0,0,0.0,1107922,100.0,0,0.0,3011391,100.0,0,0.0,949729,100.0,0,0.0,263833,100.0,0,0.0,100.0,0,0.0
Dinajpur,,16705992B66423446659680,BGD,ADM2,primary_healthcare,TIME,7200,3249802,268306,100.0,0,0.0,1107922,100.0,0,0.0,3011391,100.0,0,0.0,949729,100.0,0,0.0,263833,100.0,0,0.0,100.0,0,0.0
Panchagarh,,16705992B66536058617583,BGD,ADM2,primary_healthcare,TIME,600,282644,26200,25.72,26200,25.72,105101,25.72,105101,25.72,265141,25.72,265141,25.72,81733,25.72,81733,25.72,19713,25.71,19713,25.71,25.72,282644,25.72
Panchagarh,,16705992B66536058617583,BGD,ADM2,primary_healthcare,TIME,1200,544683,50487,49.56,24287,23.84,202535,49.56,97434,23.84,510951,49.56,245810,23.84,157507,49.56,75774,23.84,37993,49.55,18280,23.84,49.56,262039,23.84
Panchagarh,,16705992B66536058617583,BGD,ADM2,primary_healthcare,TIME,1800,702011,65069,63.87,14582,14.31,261034,63.87,58499,14.31,658534,63.87,147583,14.31,203002,63.87,45495,14.31,48968,63.86,10975,14.31,63.87,157328,14.31
Panchagarh,,16705992B66536058617583,BGD,ADM2,primary_healthcare,TIME,2400,864263,80101,78.63,15032,14.76,321353,78.63,60319,14.76,810731,78.63,152197,14.76,249920,78.63,46918,14.76,60292,78.63,11324,14.77,78.63,162252,14.76
Panchagarh,,16705992B66536058617583,BGD,ADM2,primary_healthcare,TIME,3000,1047896,97122,95.34,17021,16.71,389636,95.34,68283,16.71,982986,95.34,172255,16.71,303017,95.34,53097,16.71,73107,95.34,12815,16.71,95.34,183633,16.71
Panchagarh,,16705992B66536058617583,BGD,ADM2,primary_healthcare,TIME,3600,1097303,101703,99.83,4581,4.5,408010,99.83,18374,4.5,1029332,99.83,46346,4.5,317303,99.83,14286,4.49,76554,99.83,3447,4.5,99.83,49407,4.5
Panchagarh,,16705992B66536058617583,BGD,ADM2,primary_healthcare,TIME,4200,1097303,101703,99.83,0,0.0,408010,99.83,0,0.0,1029332,99.83,0,0.0,317303,99.83,0,0.0,76554,99.83,0,0.0,99.83,0,0.0
Panchagarh,,16705992B66536058617583,BGD,ADM2,primary_healthcare,TIME,4800,1097923,101760,99.89,57,0.06,408240,99.89,230,0.06,1029914,99.89,582,0.06,317482,99.89,179,0.06,76597,99.89,43,0.06,99.89,620,0.06
Panchagarh,,16705992B66536058617583,BGD,ADM2,primary_healthcare,TIME,5400,1098190,101785,99.91,25,0.02,408340,99.91,100,0.02,1030165,99.91,251,0.02,317560,99.91,78,0.02,76616,99.92,19,0.02,99.91,267,0.02
Panchagarh,,16705992B66536058617583,BGD,ADM2,primary_healthcare,TIME,6000,1098485,101812,99.94,27,0.03,408449,99.94,109,0.03,1030441,99.94,276,0.03,317645,99.94,85,0.03,76636,99.94,20,0.03,99.94,295,0.03
Panchagarh,,16705992B66536058617583,BGD,ADM2,primary_healthcare,TIME,6600,1098531,101817,99.95,5,0.0,408466,99.95,17,0.0,1030485,99.95,44,0.0,317658,99.95,13,0.0,76640,99.95,4,0.01,99.95,46,0.0
Panchagarh,,16705992B66536058617583,BGD,ADM2,primary_healthcare,TIME,7200,1098531,101817,99.95,0,0.0,408466,99.95,0,0.0,1030485,99.95,0,0.0,317658,99.95,0,0.0,76640,99.95,0,0.0,99.95,0,0.0
Barisal,,16705992B66943755852345,BGD,ADM2,primary_healthcare,TIME,600,535160,44388,24.14,44388,24.14,201383,24.15,201383,24.15,487219,24.14,487219,24.14,152413,24.15,152413,24.15,52126,24.15,52126,24.15,24.14,535160,24.14
Barisal,,16705992B66943755852345,BGD,ADM2,primary_healthcare,TIME,1200,768832,63770,34.68,19382,10.54,289312,34.69,87929,10.54,699952,34.69,212733,10.54,218961,34.69,66548,10.54,74893,34.69,22767,10.55,34.69,233672,10.54
Barisal,,16705992B66943755852345,BGD,ADM2,primary_healthcare,TIME,1800,891017,73922,40.2,10152,5.52,335321,40.21,46009,5.52,811207,40.2,111255,5.51,253744,40.2,34783,5.51,86779,40.2,11886,5.51,40.2,122185,5.51
Barisal,,16705992B66943755852345,BGD,ADM2,primary_healthcare,TIME,2400,964286,80010,43.51,6088,3.31,362914,43.51,27593,3.31,877923,43.51,66716,3.31,274601,43.5,20857,3.3,93906,43.5,7127,3.3,43.51,73269,3.31
Barisal,,16705992B66943755852345,BGD,ADM2,primary_healthcare,TIME,3000,1210303,100406,54.6,20396,11.09,455460,54.61,92546,11.1,1101871,54.6,223948,11.1,344671,54.6,70070,11.1,117899,54.62,23993,11.11,54.61,246017,11.1
Barisal,,16705992B66943755852345,BGD,ADM2,primary_healthcare,TIME,3600,1313515,108964,59.25,8558,4.65,494169,59.25,38709,4.64,1195832,59.26,93961,4.66,374085,59.26,29414,4.66,127958,59.28,10059,4.66,59.26,103212,4.66
Barisal,,16705992B66943755852345,BGD,ADM2,primary_healthcare,TIME,4200,1358334,112683,61.28,3719,2.02,511037,61.27,16868,2.02,1236638,61.28,40806,2.02,386848,61.29,12763,2.02,132321,61.3,4363,2.02,61.28,44819,2.02
Barisal,,16705992B66943755852345,BGD,ADM2,primary_healthcare,TIME,4800,1422433,118002,64.17,5319,2.89,535162,64.17,24125,2.89,1294998,64.17,58360,2.89,405103,64.18,18255,2.89,138561,64.19,6240,2.89,64.18,64099,2.89
Barisal,,16705992B66943755852345,BGD,ADM2,primary_healthcare,TIME,5400,1550483,128624,69.95,10622,5.78,583336,69.94,48174,5.78,1411578,69.95,116580,5.78,441569,69.96,36466,5.78,151034,69.97,12473,5.78,69.95,128050,5.78
Barisal,,16705992B66943755852345,BGD,ADM2,primary_healthcare,TIME,6000,1555900,129073,70.19,449,0.24,585375,70.19,2039,0.24,1416510,70.2,4932,0.24,443111,70.2,1542,0.24,151561,70.21,527,0.24,70.2,5417,0.24
Barisal,,16705992B66943755852345,BGD,ADM2,primary_healthcare,TIME,6600,1565115,129838,70.61,765,0.42,588843,70.6,3468,0.42,1424900,70.61,8390,0.42,445736,70.62,2625,0.42,152458,70.63,897,0.42,70.61,9215,0.42
Barisal,,16705992B66943755852345,BGD,ADM2,primary_healthcare,TIME,7200,1571579,130374,70.9,536,0.29,591276,70.9,2433,0.29,1430785,70.9,5885,0.29,447576,70.91,1840,0.29,153087,70.92,629,0.29,70.91,6464,0.29
Faridpur,,16705992B67131385183639,BGD,ADM2,primary_healthcare,TIME,600,5055,443,0.25,443,0.25,1877,0.25,1877,0.25,4642,0.25,4642,0.25,1445,0.25,1445,0.25,452,0.25,452,0.25,0.25,5055,0.25
Faridpur,,16705992B67131385183639,BGD,ADM2,primary_healthcare,TIME,1200,118105,10356,5.92,9913,5.67,43853,5.92,41976,5.67,108449,5.92,103807,5.67,33762,5.92,32317,5.67,10579,5.92,10127,5.67,5.92,113050,5.67
Faridpur,,16705992B67131385183639,BGD,ADM2,primary_healthcare,TIME,1800,423128,37102,21.23,26746,15.3,157112,21.23,113259,15.3,388538,21.22,280089,15.3,120959,21.22,87197,15.3,37899,21.21,27320,15.29,21.22,305023,15.3
Faridpur,,16705992B67131385183639,BGD,ADM2,primary_healthcare,TIME,2400,901425,79031,45.21,41929,23.99,334632,45.21,177520,23.98,827730,45.21,439192,23.99,257709,45.21,136750,23.99,80746,45.18,42847,23.97,45.21,478297,23.99
Faridpur,,16705992B67131385183639,BGD,ADM2,primary_healthcare,TIME,3000,1325245,116213,66.48,37182,21.27,492140,66.49,157508,21.28,1216838,66.46,389108,21.25,378781,66.45,121072,21.24,118774,66.46,38028,21.28,66.46,423820,21.26
Faridpur,,16705992B67131385183639,BGD,ADM2,primary_healthcare,TIME,3600,1712257,150150,85.9,33937,19.41,635831,85.9,143691,19.41,1572212,85.87,355374,19.41,489416,85.86,110635,19.41,153438,85.86,34664,19.4,85.87,387012,19.41
Faridpur,,16705992B67131385183639,BGD,ADM2,primary_healthcare,TIME,4200,1865579,163571,93.58,13421,7.68,692668,93.58,56837,7.68,1712999,93.56,140787,7.69,533262,93.56,43846,7.69,167174,93.54,13736,7.69,93.56,153322,7.69
Faridpur,,16705992B67131385183639,BGD,ADM2,primary_healthcare,TIME,4800,1886817,165433,94.64,1862,1.07,700554,94.64,7886,1.07,1732501,94.63,19502,1.07,539334,94.62,6072,1.07,169075,94.6,1901,1.06,94.63,21238,1.07
Faridpur,,16705992B67131385183639,BGD,ADM2,primary_healthcare,TIME,5400,1893758,166041,94.99,608,0.35,703127,94.99,2573,0.35,1738874,94.98,6373,0.35,541319,94.97,1985,0.35,169698,94.95,623,0.35,94.97,6941,0.35
Faridpur,,16705992B67131385183639,BGD,ADM2,primary_healthcare,TIME,6000,1901229,166687,95.36,646,0.37,705854,95.36,2727,0.37,1745724,95.35,6850,0.37,543463,95.34,2144,0.38,170377,95.33,679,0.38,95.35,7471,0.37
Faridpur,,16705992B67131385183639,BGD,ADM2,primary_healthcare,TIME,6600,1907704,167255,95.68,568,0.32,708258,95.69,2404,0.32,1751670,95.68,5946,0.32,545314,95.67,1851,0.32,170957,95.66,580,0.32,95.67,6475,0.32
Faridpur,,16705992B67131385183639,BGD,ADM2,primary_healthcare,TIME,7200,1910318,167484,95.82,229,0.13,709228,95.82,970,0.13,1754070,95.81,2400,0.13,546061,95.8,747,0.13,171191,95.79,234,0.13,95.8,2614,0.13
Chandpur,,16705992B70711841490613,BGD,ADM2,primary_healthcare,TIME,1200,24132,2233,0.98,2233,0.98,9653,0.98,9653,0.98,22008,0.98,22008,0.98,7143,0.98,7143,0.98,2312,0.97,2312,0.97,0.98,24132,0.98
Chandpur,,16705992B70711841490613,BGD,ADM2,primary_healthcare,TIME,1800,174519,16107,7.08,13874,6.09,69706,7.07,60053,6.09,159095,7.07,137087,6.09,51680,7.07,44537,6.09,16789,7.06,14477,6.09,7.07,150387,6.09
Chandpur,,16705992B70711841490613,BGD,ADM2,primary_healthcare,TIME,2400,584182,53884,23.67,37777,16.59,233261,23.67,163555,16.59,532511,23.66,373416,16.59,173009,23.66,121329,16.59,56241,23.66,39452,16.59,23.66,409663,16.59
Chandpur,,16705992B70711841490613,BGD,ADM2,primary_healthcare,TIME,3000,1026121,94655,41.58,40771,17.91,409736,41.57,176475,17.91,935372,41.57,402861,17.9,303887,41.56,130878,17.9,98776,41.55,42535,17.89,41.57,441939,17.9
Chandpur,,16705992B70711841490613,BGD,ADM2,primary_healthcare,TIME,3600,1617148,149149,65.52,54494,23.94,645676,65.51,235940,23.94,1474091,65.51,538719,23.94,478934,65.51,175047,23.94,155707,65.49,56931,23.95,65.51,591027,23.94
Chandpur,,16705992B70711841490613,BGD,ADM2,primary_healthcare,TIME,4200,2250064,207496,91.15,58347,25.63,898320,91.15,252644,25.63,2050981,91.15,576890,25.64,666393,91.15,187459,25.64,216684,91.14,60977,25.65,91.15,632916,25.64
Chandpur,,16705992B70711841490613,BGD,ADM2,primary_healthcare,TIME,4800,2417027,222894,97.91,15398,6.76,964980,97.91,66660,6.76,2203170,97.91,152189,6.76,715842,97.91,49449,6.76,232765,97.91,16081,6.76,97.91,166963,6.76
Chandpur,,16705992B70711841490613,BGD,ADM2,primary_healthcare,TIME,5400,2425158,223643,98.24,749,0.33,968225,98.24,3245,0.33,2210581,98.24,7411,0.33,718250,98.24,2408,0.33,233548,98.24,783,0.33,98.24,8131,0.33
Chandpur,,16705992B70711841490613,BGD,ADM2,primary_healthcare,TIME,6000,2438431,224867,98.78,1224,0.54,973524,98.78,5299,0.54,2222679,98.78,12098,0.54,722182,98.78,3932,0.54,234827,98.78,1279,0.54,98.78,13273,0.54
Chandpur,,16705992B70711841490613,BGD,ADM2,primary_healthcare,TIME,6600,2439424,224959,98.82,92,0.04,973920,98.82,396,0.04,2223584,98.82,905,0.04,722475,98.82,293,0.04,234922,98.82,95,0.04,98.82,993,0.04
Chandpur,,16705992B70711841490613,BGD,ADM2,primary_healthcare,TIME,7200,2439964,225008,98.84,49,0.02,974136,98.84,216,0.02,2224076,98.84,492,0.02,722635,98.84,160,0.02,234974,98.84,52,0.02,98.84,540,0.02
Nilphamari,,16705992B74406959438199,BGD,ADM2,primary_healthcare,TIME,1200,51459,4713,2.5,4713,2.5,18977,2.53,18977,2.53,47983,2.6,47983,2.6,14732,2.63,14732,2.63,3878,2.72,3878,2.72,2.61,51459,2.61
Nilphamari,,16705992B74406959438199,BGD,ADM2,primary_healthcare,TIME,1800,431678,41008,21.78,36295,19.28,163422,21.81,144445,19.28,403656,21.88,355673,19.27,122813,21.9,108081,19.27,31398,21.99,27520,19.27,21.88,380219,19.27
Nilphamari,,16705992B74406959438199,BGD,ADM2,primary_healthcare,TIME,2400,769034,73209,38.89,32201,17.11,291576,38.92,128154,17.1,719236,38.98,315580,17.1,218714,39.0,95901,17.1,55814,39.08,24416,17.1,38.98,337356,17.1
Nilphamari,,16705992B74406959438199,BGD,ADM2,primary_healthcare,TIME,3000,1388273,132354,70.31,59145,31.42,526921,70.33,235345,31.41,1298535,70.37,579299,31.39,394729,70.39,176015,31.39,100597,70.44,44783,31.36,70.38,619239,31.39
Nilphamari,,16705992B74406959438199,BGD,ADM2,primary_healthcare,TIME,3600,1744717,166446,88.42,34092,18.11,662530,88.43,135609,18.1,1632017,88.44,333482,18.07,496014,88.45,101285,18.06,126347,88.47,25750,18.03,88.45,356444,18.07
Nilphamari,,16705992B74406959438199,BGD,ADM2,primary_healthcare,TIME,4200,1929394,184109,97.8,17663,9.38,732792,97.8,70262,9.38,1804797,97.81,172780,9.36,548491,97.81,52477,9.36,139689,97.81,13342,9.34,97.81,184677,9.36
Nilphamari,,16705992B74406959438199,BGD,ADM2,primary_healthcare,TIME,4800,1935974,184738,98.14,629,0.33,735295,98.14,2503,0.33,1810954,98.14,6157,0.33,550360,98.14,1869,0.33,140164,98.14,475,0.33,98.14,6580,0.33
Nilphamari,,16705992B74406959438199,BGD,ADM2,primary_healthcare,TIME,5400,1936877,184825,98.18,87,0.05,735639,98.18,344,0.05,1811798,98.19,844,0.05,550617,98.19,257,0.05,140230,98.19,66,0.05,98.19,903,0.05
Nilphamari,,16705992B74406959438199,BGD,ADM2,primary_healthcare,TIME,6000,1940627,185183,98.37,358,0.19,737066,98.37,1427,0.19,1815307,98.38,3509,0.19,551682,98.38,1065,0.19,140500,98.38,270,0.19,98.38,3750,0.19
Nilphamari,,16705992B74406959438199,BGD,ADM2,primary_healthcare,TIME,6600,1941699,185286,98.43,103,0.05,737474,98.43,408,0.05,1816310,98.43,1003,0.05,551987,98.43,305,0.05,140578,98.43,78,0.05,98.43,1072,0.05
Nilphamari,,16705992B74406959438199,BGD,ADM2,primary_healthcare,TIME,7200,1942970,185408,98.49,122,0.06,737957,98.49,483,0.06,1817499,98.49,1189,0.06,552348,98.5,361,0.06,140670,98.5,92,0.06,98.5,1271,0.06
Gaibandha,,16705992B74857221285320,BGD,ADM2,primary_healthcare,TIME,1200,22774,2106,0.87,2106,0.87,8030,0.87,8030,0.87,21045,0.87,21045,0.87,6609,0.87,6609,0.87,1907,0.87,1907,0.87,0.87,22774,0.87
Gaibandha,,16705992B74857221285320,BGD,ADM2,primary_healthcare,TIME,1800,141298,13026,5.39,10920,4.52,49737,5.4,41707,4.52,130566,5.41,109521,4.54,41036,5.41,34427,4.54,11837,5.41,9930,4.54,5.41,118524,4.54
Gaibandha,,16705992B74857221285320,BGD,ADM2,primary_healthcare,TIME,2400,469666,43318,17.92,30292,12.53,165514,17.96,115777,12.56,434022,17.98,303456,12.57,136305,17.98,95269,12.57,39317,17.97,27480,12.56,17.98,328368,12.57
Gaibandha,,16705992B74857221285320,BGD,ADM2,primary_healthcare,TIME,3000,1107119,102243,42.3,58925,24.38,390309,42.34,224795,24.39,1023079,42.37,589057,24.4,321268,42.38,184963,24.4,92701,42.36,53384,24.39,42.37,637453,24.4
Gaibandha,,16705992B74857221285320,BGD,ADM2,primary_healthcare,TIME,3600,1973054,182437,75.47,80194,33.18,695959,75.5,305650,33.16,1823257,75.51,800178,33.14,572444,75.52,251176,33.13,165231,75.51,72530,33.14,75.51,865935,33.14
Gaibandha,,16705992B74857221285320,BGD,ADM2,primary_healthcare,TIME,4200,2343251,216737,89.66,34300,14.19,826628,89.67,130669,14.18,2165338,89.68,342081,14.17,679832,89.68,107388,14.17,196243,89.68,31012,14.17,89.68,370197,14.17
Gaibandha,,16705992B74857221285320,BGD,ADM2,primary_healthcare,TIME,4800,2449093,226547,93.72,9810,4.06,863995,93.73,37367,4.05,2263141,93.73,97803,4.05,710533,93.73,30701,4.05,205110,93.73,8867,4.05,93.73,105842,4.05
Gaibandha,,16705992B74857221285320,BGD,ADM2,primary_healthcare,TIME,5400,2457771,227351,94.05,804,0.33,867059,94.06,3064,0.33,2271160,94.06,8019,0.33,713050,94.06,2517,0.33,205837,94.06,727,0.33,94.06,8678,0.33
Gaibandha,,16705992B74857221285320,BGD,ADM2,primary_healthcare,TIME,6000,2475479,228992,94.73,1641,0.68,873310,94.74,6251,0.68,2287523,94.74,16363,0.68,718186,94.74,5136,0.68,207320,94.74,1483,0.68,94.74,17708,0.68
Gaibandha,,16705992B74857221285320,BGD,ADM2,primary_healthcare,TIME,6600,2477892,229215,94.82,223,0.09,874161,94.83,851,0.09,2289753,94.83,2230,0.09,718886,94.83,700,0.09,207523,94.83,203,0.09,94.83,2413,0.09
Gaibandha,,16705992B74857221285320,BGD,ADM2,primary_healthcare,TIME,7200,2485285,229901,95.11,686,0.28,876771,95.11,2610,0.28,2296584,95.12,6831,0.28,721030,95.12,2144,0.28,208142,95.11,619,0.28,95.12,7393,0.28
Nawabganj,,16705992B76725860359822,BGD,ADM2,primary_healthcare,TIME,600,415275,36883,22.55,36883,22.55,155655,22.54,155655,22.54,388318,22.53,388318,22.53,124633,22.53,124633,22.53,30205,22.52,30205,22.52,22.53,415275,22.53
Nawabganj,,16705992B76725860359822,BGD,ADM2,primary_healthcare,TIME,1200,662452,58837,35.97,21954,13.42,248305,35.96,92650,13.42,619450,35.94,231132,13.41,198816,35.94,74183,13.41,48183,35.93,17978,13.41,35.94,247177,13.41
Nawabganj,,16705992B76725860359822,BGD,ADM2,primary_healthcare,TIME,1800,952350,84575,51.7,25738,15.73,356938,51.69,108633,15.73,890528,51.67,271078,15.73,285825,51.67,87009,15.73,69271,51.65,21088,15.72,51.67,289898,15.73
Nawabganj,,16705992B76725860359822,BGD,ADM2,primary_healthcare,TIME,2400,1115176,99015,60.53,14440,8.83,417885,60.52,60947,8.83,1042769,60.51,152241,8.83,334701,60.5,48876,8.84,81130,60.49,11859,8.84,60.5,162826,8.83
Nawabganj,,16705992B76725860359822,BGD,ADM2,primary_healthcare,TIME,3000,1200879,106619,65.17,7604,4.65,449973,65.17,32088,4.65,1122903,65.16,80134,4.65,360426,65.15,25725,4.65,87370,65.15,6240,4.65,65.15,85703,4.65
Nawabganj,,16705992B76725860359822,BGD,ADM2,primary_healthcare,TIME,3600,1302287,115603,70.67,8984,5.49,487904,70.66,37931,5.49,1217715,70.66,94812,5.5,390869,70.66,30443,5.5,94759,70.66,7389,5.51,70.66,101408,5.5
Nawabganj,,16705992B76725860359822,BGD,ADM2,primary_healthcare,TIME,4200,1403024,124527,76.12,8924,5.46,525581,76.12,37677,5.46,1311901,76.12,94186,5.47,421112,76.12,30243,5.47,102098,76.13,7339,5.47,76.12,100737,5.47
Nawabganj,,16705992B76725860359822,BGD,ADM2,primary_healthcare,TIME,4800,1504895,133576,81.65,9049,5.53,563767,81.65,38186,5.53,1407159,81.65,95258,5.53,451685,81.65,30573,5.53,109507,81.65,7409,5.52,81.65,101871,5.53
Nawabganj,,16705992B76725860359822,BGD,ADM2,primary_healthcare,TIME,5400,1545912,137210,83.87,3634,2.22,579117,83.87,15350,2.22,1445512,83.87,38353,2.23,463999,83.88,12314,2.23,112492,83.88,2985,2.23,83.88,41017,2.23
Nawabganj,,16705992B76725860359822,BGD,ADM2,primary_healthcare,TIME,6000,1561966,138636,84.74,1426,0.87,585135,84.74,6018,0.87,1460525,84.75,15013,0.87,468817,84.75,4818,0.87,113660,84.75,1168,0.87,84.75,16054,0.87
Nawabganj,,16705992B76725860359822,BGD,ADM2,primary_healthcare,TIME,6600,1570026,139352,85.18,716,0.44,588157,85.18,3022,0.44,1468061,85.18,7536,0.44,471236,85.18,2419,0.44,114246,85.19,586,0.44,85.18,8060,0.44
Nawabganj,,16705992B76725860359822,BGD,ADM2,primary_healthcare,TIME,7200,1580853,140314,85.77,962,0.59,592216,85.77,4059,0.59,1478186,85.77,10125,0.59,474485,85.77,3249,0.59,115034,85.77,788,0.59,85.77,10827,0.59
Jhenaidah,,16705992B77509092527129,BGD,ADM2,primary_healthcare,TIME,600,217051,16178,11.46,16178,11.46,71050,11.46,71050,11.46,199736,11.46,199736,11.46,64539,11.46,64539,11.46,19012,11.46,19012,11.46,11.46,217051,11.46
Jhenaidah,,16705992B77509092527129,BGD,ADM2,primary_healthcare,TIME,1200,684831,51045,36.14,34867,24.69,224173,36.15,153123,24.69,630201,36.15,430465,24.69,203632,36.15,139093,24.69,59986,36.16,40974,24.7,36.15,467780,24.69
Jhenaidah,,16705992B77509092527129,BGD,ADM2,primary_healthcare,TIME,1800,1168079,87071,61.65,36026,25.51,382352,61.66,158179,25.51,1074911,61.66,444710,25.51,347329,61.66,143697,25.51,102305,61.67,42319,25.51,61.66,483248,25.51
Jhenaidah,,16705992B77509092527129,BGD,ADM2,primary_healthcare,TIME,2400,1366797,101884,72.14,14813,10.49,447395,72.15,65043,10.49,1257787,72.15,182876,10.49,406423,72.15,59094,10.49,119702,72.16,17397,10.49,72.15,198718,10.49
Jhenaidah,,16705992B77509092527129,BGD,ADM2,primary_healthcare,TIME,3000,1715077,127844,90.52,25960,18.38,561388,90.53,113993,18.38,1578303,90.54,320516,18.39,509999,90.54,103576,18.39,150190,90.54,30488,18.38,90.54,348280,18.39
Jhenaidah,,16705992B77509092527129,BGD,ADM2,primary_healthcare,TIME,3600,1871293,139515,98.79,11671,8.26,612570,98.79,51182,8.25,1722054,98.79,143751,8.25,556436,98.79,46437,8.24,163876,98.79,13686,8.25,98.79,156216,8.25
Jhenaidah,,16705992B77509092527129,BGD,ADM2,primary_healthcare,TIME,4200,1872851,139631,98.87,116,0.08,613080,98.87,510,0.08,1723488,98.87,1434,0.08,556900,98.87,464,0.08,164013,98.87,137,0.08,98.87,1558,0.08
Jhenaidah,,16705992B77509092527129,BGD,ADM2,primary_healthcare,TIME,4800,1874336,139741,98.95,110,0.08,613567,98.95,487,0.08,1724855,98.95,1367,0.08,557341,98.95,441,0.08,164143,98.95,130,0.08,98.95,1485,0.08
Jhenaidah,,16705992B77509092527129,BGD,ADM2,primary_healthcare,TIME,5400,1876368,139893,99.05,152,0.11,614232,99.05,665,0.11,1726725,99.05,1870,0.11,557945,99.05,604,0.11,164321,99.05,178,0.11,99.05,2032,0.11
Jhenaidah,,16705992B77509092527129,BGD,ADM2,primary_healthcare,TIME,6000,1876733,139920,99.07,27,0.02,614351,99.07,119,0.02,1727060,99.07,335,0.02,558054,99.07,109,0.02,164353,99.07,32,0.02,99.07,365,0.02
Jhenaidah,,16705992B77509092527129,BGD,ADM2,primary_healthcare,TIME,6600,1877018,139941,99.09,21,0.01,614444,99.09,93,0.01,1727323,99.09,263,0.02,558139,99.09,85,0.02,164378,99.09,25,0.02,99.09,285,0.02
Jhenaidah,,16705992B77509092527129,BGD,ADM2,primary_healthcare,TIME,7200,1877036,139943,99.09,2,0.0,614450,99.09,6,0.0,1727340,99.09,17,0.0,558144,99.09,5,0.0,164380,99.09,2,0.0,99.09,18,0.0
Bagerhat,,16705992B77600989823530,BGD,ADM2,primary_healthcare,TIME,600,513254,38844,36.18,38844,36.18,173067,36.16,173067,36.16,464950,36.05,464950,36.05,146289,36.07,146289,36.07,52318,36.26,52318,36.26,36.07,513254,36.07
Bagerhat,,16705992B77600989823530,BGD,ADM2,primary_healthcare,TIME,1200,959560,72297,67.33,33453,31.16,322442,67.37,149375,31.21,869493,67.41,404543,31.36,273551,67.44,127262,31.37,97573,67.63,45255,31.37,67.43,446306,31.36
Bagerhat,,16705992B77600989823530,BGD,ADM2,primary_healthcare,TIME,1800,1137045,85837,79.95,13540,12.61,382606,79.94,60164,12.57,1030547,79.89,161054,12.49,324091,79.9,50540,12.46,115392,79.98,17819,12.35,79.9,177485,12.47
Bagerhat,,16705992B77600989823530,BGD,ADM2,primary_healthcare,TIME,2400,1283572,96794,90.15,10957,10.2,431552,90.17,48946,10.23,1163406,90.19,132859,10.3,365912,90.21,41821,10.31,130207,90.25,14815,10.27,90.2,146527,10.3
Bagerhat,,16705992B77600989823530,BGD,ADM2,primary_healthcare,TIME,3000,1365714,103082,96.01,6288,5.86,459461,96.0,27909,5.83,1237937,95.97,74531,5.78,389275,95.97,23363,5.76,138461,95.97,8254,5.72,95.97,82142,5.77
Bagerhat,,16705992B77600989823530,BGD,ADM2,primary_healthcare,TIME,3600,1372692,103606,96.49,524,0.49,461799,96.49,2338,0.49,1244260,96.46,6323,0.49,391265,96.46,1990,0.49,139170,96.46,709,0.49,96.46,6978,0.49
Bagerhat,,16705992B77600989823530,BGD,ADM2,primary_healthcare,TIME,4200,1377122,103937,96.8,331,0.31,463279,96.8,1480,0.31,1248274,96.77,4014,0.31,392527,96.77,1262,0.31,139620,96.77,450,0.31,96.77,4430,0.31
Bagerhat,,16705992B77600989823530,BGD,ADM2,primary_healthcare,TIME,4800,1378105,104012,96.87,75,0.07,463610,96.86,331,0.07,1249165,96.84,891,0.07,392808,96.84,281,0.07,139720,96.84,100,0.07,96.84,983,0.07
Bagerhat,,16705992B77600989823530,BGD,ADM2,primary_healthcare,TIME,5400,1379234,104096,96.95,84,0.08,463987,96.94,377,0.08,1250188,96.92,1023,0.08,393130,96.92,322,0.08,139835,96.92,115,0.08,96.92,1129,0.08
Bagerhat,,16705992B77600989823530,BGD,ADM2,primary_healthcare,TIME,6000,1380177,104166,97.02,70,0.07,464302,97.01,315,0.07,1251043,96.99,855,0.07,393398,96.99,268,0.07,139930,96.98,95,0.07,96.99,943,0.07
Bagerhat,,16705992B77600989823530,BGD,ADM2,primary_healthcare,TIME,6600,1381855,104292,97.13,126,0.12,464862,97.13,560,0.12,1252564,97.1,1521,0.12,393877,97.1,479,0.12,140100,97.1,170,0.12,97.1,1678,0.12
Bagerhat,,16705992B77600989823530,BGD,ADM2,primary_healthcare,TIME,7200,1384012,104453,97.28,161,0.15,465582,97.28,720,0.15,1254519,97.26,1955,0.15,394492,97.26,615,0.15,140319,97.25,219,0.15,97.26,2157,0.15
Habiganj,,16705992B7772300815487,BGD,ADM2,primary_healthcare,TIME,600,122354,14071,5.07,14071,5.07,51854,5.07,51854,5.07,113344,5.07,113344,5.07,33675,5.08,33675,5.08,9967,5.07,9967,5.07,5.07,122354,5.07
Habiganj,,16705992B7772300815487,BGD,ADM2,primary_healthcare,TIME,1200,251906,28971,10.44,14900,5.37,106760,10.44,54906,5.37,233355,10.44,120011,5.37,69331,10.45,35656,5.38,20521,10.44,10554,5.37,10.44,129552,5.37
Habiganj,,16705992B7772300815487,BGD,ADM2,primary_healthcare,TIME,1800,813587,93417,33.68,64446,23.23,344711,33.72,237951,23.28,753735,33.74,520380,23.29,223978,33.76,154647,23.31,66216,33.69,45695,23.25,33.73,561681,23.29
Habiganj,,16705992B7772300815487,BGD,ADM2,primary_healthcare,TIME,2400,1206058,138602,49.97,45185,16.29,511176,50.0,166465,16.28,1117305,50.01,363570,16.27,331937,50.04,107959,16.27,98187,49.96,31971,16.27,50.01,392471,16.27
Habiganj,,16705992B7772300815487,BGD,ADM2,primary_healthcare,TIME,3000,1821374,209420,75.5,70818,25.53,772032,75.52,260856,25.52,1687294,75.52,569989,25.51,501179,75.55,169242,25.51,148328,75.47,50141,25.51,75.52,615316,25.51
Habiganj,,16705992B7772300815487,BGD,ADM2,primary_healthcare,TIME,3600,1965735,226056,81.5,16636,6.0,833250,81.51,61218,5.99,1821011,81.51,133717,5.99,540819,81.53,39640,5.98,160101,81.46,11773,5.99,81.5,144361,5.99
Habiganj,,16705992B7772300815487,BGD,ADM2,primary_healthcare,TIME,4200,2164668,248967,89.75,22911,8.26,917615,89.76,84365,8.25,2005295,89.75,184284,8.25,595524,89.77,54705,8.25,176306,89.71,16205,8.25,89.75,198933,8.25
Habiganj,,16705992B7772300815487,BGD,ADM2,primary_healthcare,TIME,4800,2197065,252751,91.12,3784,1.36,931428,91.11,13813,1.35,2035313,91.1,30018,1.34,604343,91.1,8819,1.33,178939,91.05,2633,1.34,91.09,32397,1.34
Habiganj,,16705992B7772300815487,BGD,ADM2,primary_healthcare,TIME,5400,2213085,254598,91.78,1847,0.67,938223,91.78,6795,0.66,2050153,91.76,14840,0.66,608741,91.77,4398,0.66,180244,91.71,1305,0.66,91.76,16020,0.66
Habiganj,,16705992B7772300815487,BGD,ADM2,primary_healthcare,TIME,6000,2227974,256310,92.4,1712,0.62,944533,92.4,6310,0.62,2063944,92.38,13791,0.62,612839,92.38,4098,0.62,181457,92.33,1213,0.62,92.38,14889,0.62
Habiganj,,16705992B7772300815487,BGD,ADM2,primary_healthcare,TIME,6600,2235081,257127,92.7,817,0.29,947543,92.69,3010,0.29,2070528,92.67,6584,0.29,614793,92.68,1954,0.29,182037,92.62,580,0.3,92.67,7107,0.29
Habiganj,,16705992B7772300815487,BGD,ADM2,primary_healthcare,TIME,7200,2241616,257879,92.97,752,0.27,950312,92.96,2769,0.27,2076581,92.95,6053,0.27,616591,92.95,1798,0.27,182570,92.9,533,0.27,92.94,6535,0.27
Magura,,16705992B78415132034426,BGD,ADM2,primary_healthcare,TIME,600,208383,17132,20.94,17132,20.94,73049,20.94,73049,20.94,191038,20.95,191038,20.95,60177,20.95,60177,20.95,18974,20.95,18974,20.95,20.95,208383,20.95
Magura,,16705992B78415132034426,BGD,ADM2,primary_healthcare,TIME,1200,373656,30713,37.53,13581,16.6,130968,37.54,57919,16.6,342564,37.56,151526,16.62,107917,37.56,47740,16.62,34015,37.56,15041,16.61,37.56,165273,16.61
Magura,,16705992B78415132034426,BGD,ADM2,primary_healthcare,TIME,1800,504735,41482,50.7,10769,13.16,176884,50.7,45916,13.16,462730,50.74,120166,13.18,145784,50.75,37867,13.18,45953,50.75,11938,13.18,50.74,131079,13.18
Magura,,16705992B78415132034426,BGD,ADM2,primary_healthcare,TIME,2400,687685,56515,69.07,15033,18.37,240995,69.08,64111,18.38,630458,69.13,167728,18.39,198628,69.14,52844,18.39,62606,69.14,16653,18.39,69.13,182950,18.39
Magura,,16705992B78415132034426,BGD,ADM2,primary_healthcare,TIME,3000,747320,61403,75.04,4888,5.97,261857,75.06,20862,5.98,685139,75.13,54681,6.0,215868,75.14,17240,6.0,68027,75.12,5421,5.99,75.13,59635,5.99
Magura,,16705992B78415132034426,BGD,ADM2,primary_healthcare,TIME,3600,793356,65190,79.67,3787,4.63,277999,79.69,16142,4.63,727341,79.75,42202,4.63,229162,79.77,13294,4.63,72221,79.75,4194,4.63,79.75,46036,4.63
Magura,,16705992B78415132034426,BGD,ADM2,primary_healthcare,TIME,4200,994747,81826,100.0,16636,20.33,348869,100.0,70870,20.31,911973,100.0,184632,20.25,287284,100.0,58122,20.23,90554,100.0,18333,20.25,100.0,201391,20.25
Magura,,16705992B78415132034426,BGD,ADM2,primary_healthcare,TIME,4800,994747,81826,100.0,0,0.0,348869,100.0,0,0.0,911973,100.0,0,0.0,287284,100.0,0,0.0,90554,100.0,0,0.0,100.0,0,0.0
Magura,,16705992B78415132034426,BGD,ADM2,primary_healthcare,TIME,5400,994747,81826,100.0,0,0.0,348869,100.0,0,0.0,911973,100.0,0,0.0,287284,100.0,0,0.0,90554,100.0,0,0.0,100.0,0,0.0
Magura,,16705992B78415132034426,BGD,ADM2,primary_healthcare,TIME,6000,994747,81826,100.0,0,0.0,348869,100.0,0,0.0,911973,100.0,0,0.0,287284,100.0,0,0.0,90554,100.0,0,0.0,100.0,0,0.0
Magura,,16705992B78415132034426,BGD,ADM2,primary_healthcare,TIME,6600,994747,81826,100.0,0,0.0,348869,100.0,0,0.0,911973,100.0,0,0.0,287284,100.0,0,0.0,90554,100.0,0,0.0,100.0,0,0.0
Magura,,16705992B78415132034426,BGD,ADM2,primary_healthcare,TIME,7200,994747,81826,100.0,0,0.0,348869,100.0,0,0.0,911973,100.0,0,0.0,287284,100.0,0,0.0,90554,100.0,0,0.0,100.0,0,0.0
Manikganj,,16705992B79131283702140,BGD,ADM2,primary_healthcare,TIME,600,196,15,0.01,15,0.01,65,0.01,65,0.01,179,0.01,179,0.01,59,0.01,59,0.01,18,0.01,18,0.01,0.01,196,0.01
Manikganj,,16705992B79131283702140,BGD,ADM2,primary_healthcare,TIME,1200,156457,12363,10.58,12348,10.57,51163,10.57,51098,10.56,141634,10.56,141455,10.55,46439,10.57,46380,10.56,16046,10.59,16028,10.57,10.57,156261,10.55
Manikganj,,16705992B79131283702140,BGD,ADM2,primary_healthcare,TIME,1800,433507,34235,29.3,21872,18.72,141694,29.28,90531,18.71,392359,29.26,250725,18.7,128631,29.28,82192,18.71,44539,29.38,28493,18.8,29.27,277050,18.71
Manikganj,,16705992B79131283702140,BGD,ADM2,primary_healthcare,TIME,2400,726667,57326,49.06,23091,19.76,237441,49.06,95747,19.78,657948,49.07,265589,19.81,215621,49.07,86990,19.8,74403,49.09,29864,19.7,49.07,293160,19.8
Manikganj,,16705992B79131283702140,BGD,ADM2,primary_healthcare,TIME,3000,993754,78407,67.1,21081,18.04,324733,67.1,87292,18.04,899763,67.1,241815,18.03,294879,67.11,79258,18.04,101765,67.14,27362,18.05,67.11,267087,18.04
Manikganj,,16705992B79131283702140,BGD,ADM2,primary_healthcare,TIME,3600,1239656,97787,83.69,19380,16.59,405054,83.7,80321,16.6,1122476,83.71,222713,16.61,367841,83.72,72962,16.61,126877,83.71,25112,16.57,83.71,245902,16.61
Manikganj,,16705992B79131283702140,BGD,ADM2,primary_healthcare,TIME,4200,1294481,102103,87.38,4316,3.69,422958,87.4,17904,3.7,1172152,87.42,49676,3.7,384109,87.42,16268,3.7,132455,87.39,5578,3.68,87.42,54825,3.7
Manikganj,,16705992B79131283702140,BGD,ADM2,primary_healthcare,TIME,4800,1303610,102824,88.0,721,0.62,425941,88.01,2983,0.62,1180412,88.03,8260,0.62,386818,88.04,2709,0.62,133395,88.01,940,0.62,88.03,9129,0.62
Manikganj,,16705992B79131283702140,BGD,ADM2,primary_healthcare,TIME,5400,1402091,110603,94.65,7779,6.66,458129,94.67,32188,6.65,1269528,94.68,89116,6.65,416036,94.69,29218,6.65,143530,94.69,10135,6.69,94.68,98481,6.65
Manikganj,,16705992B79131283702140,BGD,ADM2,primary_healthcare,TIME,6000,1403298,110699,94.74,96,0.08,458524,94.75,395,0.08,1270620,94.76,1092,0.08,416394,94.77,358,0.08,143655,94.78,125,0.08,94.76,1207,0.08
Manikganj,,16705992B79131283702140,BGD,ADM2,primary_healthcare,TIME,6600,1408599,111117,95.09,418,0.36,460256,95.1,1732,0.36,1275417,95.12,4797,0.36,417967,95.12,1573,0.36,144201,95.14,546,0.36,95.12,5301,0.36
Manikganj,,16705992B79131283702140,BGD,ADM2,primary_healthcare,TIME,7200,1408637,111120,95.1,3,0.0,460269,95.11,13,0.0,1275451,95.12,34,0.0,417978,95.13,11,0.0,144204,95.14,3,0.0,95.12,38,0.0
Kishoreganj,,16705992B82604838368079,BGD,ADM2,primary_healthcare,TIME,600,409758,44972,12.72,44972,12.72,167568,12.72,167568,12.72,377254,12.72,377254,12.72,110458,12.72,110458,12.72,35709,12.72,35709,12.72,12.72,409758,12.72
Kishoreganj,,16705992B82604838368079,BGD,ADM2,primary_healthcare,TIME,1200,1108024,121646,34.4,76674,21.68,453204,34.4,285636,21.68,1020135,34.4,642881,21.68,298668,34.4,188210,21.68,96556,34.4,60847,21.67,34.4,698266,21.68
Kishoreganj,,16705992B82604838368079,BGD,ADM2,primary_healthcare,TIME,1800,1836623,201593,57.01,79947,22.61,751144,57.02,297940,22.62,1690941,57.02,670806,22.62,495056,57.02,196388,22.62,160049,57.01,63493,22.62,57.02,728599,22.62
Kishoreganj,,16705992B82604838368079,BGD,ADM2,primary_healthcare,TIME,2400,2282955,250566,70.86,48973,13.85,933607,70.87,182463,13.85,2101836,70.87,410895,13.86,615344,70.87,120288,13.85,198977,70.88,38928,13.87,70.88,446332,13.86
Kishoreganj,,16705992B82604838368079,BGD,ADM2,primary_healthcare,TIME,3000,2406051,263951,74.65,13385,3.79,983631,74.67,50024,3.8,2215128,74.7,113292,3.82,648583,74.7,33239,3.83,209744,74.71,10767,3.84,74.7,123096,3.82
Kishoreganj,,16705992B82604838368079,BGD,ADM2,primary_healthcare,TIME,3600,2422027,265704,75.15,1753,0.5,990175,75.16,6544,0.5,2229843,75.19,14715,0.5,652899,75.2,4316,0.5,211131,75.21,1387,0.49,75.19,15976,0.5
Kishoreganj,,16705992B82604838368079,BGD,ADM2,primary_healthcare,TIME,4200,2435143,267141,75.55,1437,0.41,995538,75.57,5363,0.41,2241921,75.6,12078,0.41,656438,75.6,3539,0.41,212271,75.62,1140,0.41,75.6,13116,0.41
Kishoreganj,,16705992B82604838368079,BGD,ADM2,primary_healthcare,TIME,4800,2471621,271150,76.69,4009,1.13,1010466,76.7,14928,1.13,2275505,76.73,33584,1.13,666268,76.74,9830,1.13,215450,76.75,3179,1.13,76.73,36478,1.13
Kishoreganj,,16705992B82604838368079,BGD,ADM2,primary_healthcare,TIME,5400,2528488,277403,78.45,6253,1.77,1033745,78.47,23279,1.77,2327862,78.5,52357,1.77,681589,78.5,15321,1.76,220405,78.51,4955,1.77,78.5,56867,1.77
Kishoreganj,,16705992B82604838368079,BGD,ADM2,primary_healthcare,TIME,6000,2547715,279515,79.05,2112,0.6,1041605,79.07,7860,0.6,2345557,79.09,17695,0.6,686762,79.1,5173,0.6,222087,79.11,1682,0.6,79.09,19227,0.6
Kishoreganj,,16705992B82604838368079,BGD,ADM2,primary_healthcare,TIME,6600,2558095,280656,79.37,1141,0.32,1045852,79.39,4247,0.32,2355114,79.42,9557,0.32,689559,79.42,2797,0.32,222992,79.43,905,0.32,79.42,10380,0.32
Kishoreganj,,16705992B82604838368079,BGD,ADM2,primary_healthcare,TIME,7200,2566149,281541,79.62,885,0.25,1049148,79.64,3296,0.25,2362528,79.67,7414,0.25,691729,79.67,2170,0.25,223694,79.68,702,0.25,79.67,8054,0.25
Feni,,16705992B83268326466345,BGD,ADM2,primary_healthcare,TIME,600,400060,35846,25.74,35846,25.74,160245,25.77,160245,25.77,367179,25.79,367179,25.79,119585,25.8,119585,25.8,36010,25.81,36010,25.81,25.79,400060,25.79
Feni,,16705992B83268326466345,BGD,ADM2,primary_healthcare,TIME,1200,809674,72561,52.11,36715,26.36,324346,52.15,164101,26.39,743136,52.19,375957,26.4,242019,52.21,122434,26.41,72872,52.24,36862,26.42,52.2,409614,26.41
Feni,,16705992B83268326466345,BGD,ADM2,primary_healthcare,TIME,1800,1251056,112238,80.6,39677,28.49,501426,80.62,177080,28.47,1148300,80.65,405164,28.46,373878,80.66,131859,28.45,112542,80.67,39670,28.44,80.65,441382,28.45
Feni,,16705992B83268326466345,BGD,ADM2,primary_healthcare,TIME,2400,1475647,132476,95.13,20238,14.53,591637,95.13,90211,14.51,1354481,95.13,206181,14.48,440945,95.13,67067,14.47,132709,95.13,20167,14.46,95.13,224591,14.48
Feni,,16705992B83268326466345,BGD,ADM2,primary_healthcare,TIME,3000,1499947,134663,96.7,2187,1.57,601387,96.7,9750,1.57,1376787,96.69,22306,1.57,448201,96.69,7256,1.57,134893,96.69,2184,1.57,96.69,24300,1.57
Feni,,16705992B83268326466345,BGD,ADM2,primary_healthcare,TIME,3600,1509511,135520,97.32,857,0.62,605217,97.31,3830,0.62,1385565,97.31,8778,0.62,451060,97.31,2859,0.62,135754,97.31,861,0.62,97.31,9564,0.62
Feni,,16705992B83268326466345,BGD,ADM2,primary_healthcare,TIME,4200,1512650,135801,97.52,281,0.2,606474,97.52,1257,0.2,1388446,97.51,2881,0.2,451999,97.51,939,0.2,136036,97.51,282,0.2,97.51,3139,0.2
Feni,,16705992B83268326466345,BGD,ADM2,primary_healthcare,TIME,4800,1514892,136002,97.66,201,0.14,607372,97.66,898,0.14,1390504,97.66,2058,0.14,452669,97.66,670,0.14,136238,97.66,202,0.14,97.66,2242,0.14
Feni,,16705992B83268326466345,BGD,ADM2,primary_healthcare,TIME,5400,1517785,136261,97.85,259,0.19,608531,97.85,1159,0.19,1393159,97.84,2655,0.19,453534,97.84,865,0.19,136499,97.85,261,0.19,97.84,2893,0.19
Feni,,16705992B83268326466345,BGD,ADM2,primary_healthcare,TIME,6000,1518748,136346,97.91,85,0.06,608914,97.91,383,0.06,1394047,97.91,888,0.06,453822,97.91,288,0.06,136581,97.9,82,0.06,97.91,963,0.06
Feni,,16705992B83268326466345,BGD,ADM2,primary_healthcare,TIME,6600,1519588,136422,97.96,76,0.05,609250,97.96,336,0.05,1394818,97.96,771,0.05,454073,97.96,251,0.05,136656,97.96,75,0.05,97.96,840,0.05
Feni,,16705992B83268326466345,BGD,ADM2,primary_healthcare,TIME,7200,1522723,136703,98.17,281,0.2,610506,98.16,1256,0.2,1397696,98.16,2878,0.2,455010,98.16,937,0.2,136938,98.16,282,0.2,98.16,3135,0.2
Lalmonirhat,,16705992B84214314165922,BGD,ADM2,primary_healthcare,TIME,600,8651,796,0.66,796,0.66,3214,0.66,3214,0.66,8034,0.66,8034,0.66,2444,0.66,2444,0.66,684,0.66,684,0.66,0.66,8651,0.66
Lalmonirhat,,16705992B84214314165922,BGD,ADM2,primary_healthcare,TIME,1200,66355,6063,5.03,5267,4.37,24500,5.03,21286,4.37,61601,5.06,53567,4.4,18796,5.07,16352,4.41,5273,5.08,4589,4.42,5.06,57704,4.4
Lalmonirhat,,16705992B84214314165922,BGD,ADM2,primary_healthcare,TIME,1800,255406,23440,19.43,17377,14.41,94617,19.44,70117,14.41,237140,19.47,175539,14.41,72252,19.49,53456,14.42,20263,19.52,14990,14.44,19.48,189051,14.42
Lalmonirhat,,16705992B84214314165922,BGD,ADM2,primary_healthcare,TIME,2400,589261,54121,44.87,30681,25.44,218423,44.88,123806,25.44,547133,44.93,309993,25.45,166659,44.95,94407,25.46,46738,45.03,26475,25.51,44.93,333855,25.46
Lalmonirhat,,16705992B84214314165922,BGD,ADM2,primary_healthcare,TIME,3000,754043,69271,57.43,15150,12.56,279579,57.44,61156,12.56,700152,57.49,153019,12.56,213230,57.51,46571,12.56,59790,57.61,13052,12.58,57.5,164782,12.57
Lalmonirhat,,16705992B84214314165922,BGD,ADM2,primary_healthcare,TIME,3600,918143,84382,69.96,15111,12.53,340550,69.97,60971,12.53,852566,70.01,152414,12.51,259604,70.02,46374,12.51,72759,70.1,12969,12.5,70.01,164100,12.51
Lalmonirhat,,16705992B84214314165922,BGD,ADM2,primary_healthcare,TIME,4200,1080810,99357,82.37,14975,12.41,400968,82.38,60418,12.41,1003661,82.41,151095,12.41,305589,82.43,45985,12.4,85603,82.48,12844,12.38,82.42,162667,12.4
Lalmonirhat,,16705992B84214314165922,BGD,ADM2,primary_healthcare,TIME,4800,1140961,104895,86.96,5538,4.59,423316,86.97,22348,4.59,1059520,87.0,55859,4.59,322582,87.01,16993,4.58,90365,87.07,4762,4.59,87.0,60151,4.59
Lalmonirhat,,16705992B84214314165922,BGD,ADM2,primary_healthcare,TIME,5400,1155855,106266,88.1,1371,1.14,428850,88.11,5534,1.14,1073352,88.13,13832,1.14,326790,88.14,4208,1.14,91545,88.2,1180,1.14,88.14,14894,1.14
Lalmonirhat,,16705992B84214314165922,BGD,ADM2,primary_healthcare,TIME,6000,1168408,107422,89.06,1156,0.96,433514,89.07,4664,0.96,1085009,89.09,11657,0.96,330336,89.1,3546,0.96,92538,89.16,993,0.96,89.1,12553,0.96
Lalmonirhat,,16705992B84214314165922,BGD,ADM2,primary_healthcare,TIME,6600,1176859,108200,89.7,778,0.64,436654,89.71,3140,0.65,1092857,89.74,7848,0.64,332723,89.74,2387,0.64,93208,89.81,670,0.65,89.74,8451,0.64
Lalmonirhat,,16705992B84214314165922,BGD,ADM2,primary_healthcare,TIME,7200,1178911,108389,89.86,189,0.16,437416,89.87,762,0.16,1094763,89.89,1906,0.16,333303,89.9,580,0.16,93370,89.96,162,0.16,89.9,2052,0.16
Bogra,,16705992B87441692505107,BGD,ADM2,primary_healthcare,TIME,600,659932,50924,17.34,50924,17.34,212507,17.36,212507,17.36,611083,17.38,611083,17.38,199074,17.39,199074,17.39,54011,17.38,54011,17.38,17.38,659932,17.38
Bogra,,16705992B87441692505107,BGD,ADM2,primary_healthcare,TIME,1200,1349544,104420,35.56,53496,18.22,435358,35.55,222851,18.2,1249687,35.54,638604,18.16,406825,35.53,207751,18.14,110414,35.53,56403,18.15,35.54,689612,18.16
Bogra,,16705992B87441692505107,BGD,ADM2,primary_healthcare,TIME,1800,1871194,144720,49.29,40300,13.72,603468,49.28,168110,13.73,1732729,49.28,483042,13.74,564141,49.27,157316,13.74,153102,49.27,42688,13.74,49.27,521650,13.74
Bogra,,16705992B87441692505107,BGD,ADM2,primary_healthcare,TIME,2400,2711191,209617,71.39,64897,22.1,874171,71.39,270703,22.11,2510559,71.4,777830,22.12,817461,71.4,253320,22.12,221841,71.39,68739,22.12,71.4,839997,22.12
Bogra,,16705992B87441692505107,BGD,ADM2,primary_healthcare,TIME,3000,3118616,241167,82.13,31550,10.74,1005662,82.13,131491,10.74,2887835,82.12,377276,10.73,940261,82.12,122800,10.73,255176,82.12,33335,10.73,82.12,407425,10.73
Bogra,,16705992B87441692505107,BGD,ADM2,primary_healthcare,TIME,3600,3439221,265956,90.57,24789,8.44,1109038,90.57,103376,8.44,3184714,90.57,296879,8.44,1036921,90.56,96660,8.44,281411,90.56,26235,8.44,90.57,320605,8.44
Bogra,,16705992B87441692505107,BGD,ADM2,primary_healthcare,TIME,4200,3474322,268678,91.5,2722,0.93,1120367,91.5,11329,0.93,3217215,91.49,32501,0.92,1047500,91.49,10579,0.92,284285,91.49,2874,0.92,91.49,35101,0.92
Bogra,,16705992B87441692505107,BGD,ADM2,primary_healthcare,TIME,4800,3489381,269844,91.9,1166,0.4,1125224,91.9,4857,0.4,3231159,91.89,13944,0.4,1052040,91.88,4540,0.4,285518,91.89,1233,0.4,91.89,15059,0.4
Bogra,,16705992B87441692505107,BGD,ADM2,primary_healthcare,TIME,5400,3500400,270694,92.19,850,0.29,1128773,92.18,3549,0.29,3241362,92.18,10203,0.29,1055364,92.17,3324,0.29,286420,92.18,902,0.29,92.18,11019,0.29
Bogra,,16705992B87441692505107,BGD,ADM2,primary_healthcare,TIME,6000,3511515,271552,92.48,858,0.29,1132352,92.48,3579,0.29,3251654,92.47,10292,0.29,1058716,92.47,3352,0.29,287329,92.47,909,0.29,92.47,11115,0.29
Bogra,,16705992B87441692505107,BGD,ADM2,primary_healthcare,TIME,6600,3514869,271811,92.57,259,0.09,1133433,92.57,1081,0.09,3254761,92.56,3107,0.09,1059728,92.56,1012,0.09,287604,92.56,275,0.09,92.56,3354,0.09
Bogra,,16705992B87441692505107,BGD,ADM2,primary_healthcare,TIME,7200,3523685,272491,92.8,680,0.23,1136272,92.8,2839,0.23,3262924,92.79,8163,0.23,1062387,92.79,2659,0.23,288325,92.79,721,0.23,92.79,8816,0.23
Gopalganj,,16705992B87804307332289,BGD,ADM2,primary_healthcare,TIME,600,80433,7232,6.95,7232,6.95,30690,6.95,30690,6.95,73674,7.01,73674,7.01,22595,7.05,22595,7.05,7387,6.95,7387,6.95,7.01,80433,7.01
Gopalganj,,16705992B87804307332289,BGD,ADM2,primary_healthcare,TIME,1200,180596,16289,15.66,9057,8.71,69165,15.66,38475,8.71,165337,15.74,91663,8.72,50584,15.78,27989,8.73,16671,15.67,9284,8.73,15.73,100163,8.73
Gopalganj,,16705992B87804307332289,BGD,ADM2,primary_healthcare,TIME,1800,354850,32085,30.85,15796,15.19,136257,30.85,67092,15.19,324793,30.92,159456,15.18,99225,30.95,48641,15.17,32832,30.87,16161,15.2,30.91,174254,15.18
Gopalganj,,16705992B87804307332289,BGD,ADM2,primary_healthcare,TIME,2400,572233,51804,49.81,19719,18.96,220006,49.81,83749,18.96,523712,49.85,198919,18.93,159887,49.87,60662,18.92,52997,49.83,20165,18.96,49.85,217383,18.94
Gopalganj,,16705992B87804307332289,BGD,ADM2,primary_healthcare,TIME,3000,823997,74624,71.75,22820,21.94,316886,71.74,96880,21.93,754120,71.78,230408,21.93,230206,71.8,70319,21.93,76323,71.76,23326,21.93,71.78,251764,21.93
Gopalganj,,16705992B87804307332289,BGD,ADM2,primary_healthcare,TIME,3600,1064772,96460,92.74,21836,20.99,409615,92.74,92729,20.99,974462,92.75,220342,20.97,297425,92.76,67219,20.96,98639,92.75,22316,20.98,92.75,240775,20.97
Gopalganj,,16705992B87804307332289,BGD,ADM2,primary_healthcare,TIME,4200,1107857,100369,96.5,3909,3.76,426225,96.5,16610,3.76,1013887,96.51,39425,3.75,309447,96.51,12022,3.75,102635,96.5,3996,3.76,96.51,43085,3.75
Gopalganj,,16705992B87804307332289,BGD,ADM2,primary_healthcare,TIME,4800,1147970,104010,100.0,3641,3.5,441689,100.0,15464,3.5,1050594,100.0,36707,3.49,320639,100.0,11192,3.49,106355,100.0,3720,3.5,100.0,40113,3.49
Gopalganj,,16705992B87804307332289,BGD,ADM2,primary_healthcare,TIME,5400,1147970,104010,100.0,0,0.0,441689,100.0,0,0.0,1050594,100.0,0,0.0,320639,100.0,0,0.0,106355,100.0,0,0.0,100.0,0,0.0
Gopalganj,,16705992B87804307332289,BGD,ADM2,primary_healthcare,TIME,6000,1147970,104010,100.0,0,0.0,441689,100.0,0,0.0,1050594,100.0,0,0.0,320639,100.0,0,0.0,106355,100.0,0,0.0,100.0,0,0.0
Gopalganj,,16705992B87804307332289,BGD,ADM2,primary_healthcare,TIME,6600,1147970,104010,100.0,0,0.0,441689,100.0,0,0.0,1050594,100.0,0,0.0,320639,100.0,0,0.0,106355,100.0,0,0.0,100.0,0,0.0
Gopalganj,,16705992B87804307332289,BGD,ADM2,primary_healthcare,TIME,7200,1147970,104010,100.0,0,0.0,441689,100.0,0,0.0,1050594,100.0,0,0.0,320639,100.0,0,0.0,106355,100.0,0,0.0,100.0,0,0.0
Madaripur,,16705992B87985099055959,BGD,ADM2,primary_healthcare,TIME,600,29371,2590,2.48,2590,2.48,11349,2.48,11349,2.48,26855,2.48,26855,2.48,8213,2.48,8213,2.48,2746,2.48,2746,2.48,2.48,29371,2.48
Madaripur,,16705992B87985099055959,BGD,ADM2,primary_healthcare,TIME,1200,126594,11193,10.71,8603,8.23,48982,10.71,37633,8.23,115732,10.7,88877,8.22,35390,10.7,27177,8.22,11852,10.7,9106,8.22,10.7,97223,8.22
Madaripur,,16705992B87985099055959,BGD,ADM2,primary_healthcare,TIME,1800,472233,41702,39.91,30509,29.2,182623,39.92,133641,29.21,431729,39.92,315997,29.22,132021,39.92,96631,29.22,44197,39.92,32345,29.21,39.92,345639,29.22
Madaripur,,16705992B87985099055959,BGD,ADM2,primary_healthcare,TIME,2400,673348,59457,56.9,17755,16.99,260389,56.91,77766,17.0,615600,56.92,183871,17.0,188244,56.93,56223,17.0,63014,56.91,18817,17.0,56.92,201115,17.0
Madaripur,,16705992B87985099055959,BGD,ADM2,primary_healthcare,TIME,3000,948598,83821,80.22,24364,23.32,366931,80.2,106542,23.29,867222,80.19,251622,23.27,265185,80.19,76941,23.27,88796,80.2,25782,23.29,80.19,275250,23.27
Madaripur,,16705992B87985099055959,BGD,ADM2,primary_healthcare,TIME,3600,960772,84894,81.25,1073,1.03,371637,81.23,4706,1.03,878353,81.22,11131,1.03,268589,81.22,3404,1.03,89935,81.23,1139,1.03,81.22,12174,1.03
Madaripur,,16705992B87985099055959,BGD,ADM2,primary_healthcare,TIME,4200,1099053,97097,92.92,12203,11.68,425094,92.92,53457,11.68,1004782,92.91,126429,11.69,307242,92.91,38653,11.69,102869,92.91,12934,11.68,92.91,138281,11.69
Madaripur,,16705992B87985099055959,BGD,ADM2,primary_healthcare,TIME,4800,1109050,97981,93.77,884,0.85,428964,93.76,3870,0.85,1013920,93.76,9138,0.84,310036,93.76,2794,0.84,103805,93.76,936,0.85,93.76,9997,0.85
Madaripur,,16705992B87985099055959,BGD,ADM2,primary_healthcare,TIME,5400,1121294,99056,94.8,1075,1.03,433689,94.79,4725,1.03,1025111,94.79,11191,1.03,313463,94.79,3427,1.04,104954,94.79,1149,1.04,94.79,12244,1.04
Madaripur,,16705992B87985099055959,BGD,ADM2,primary_healthcare,TIME,6000,1126040,99475,95.2,419,0.4,435524,95.2,1835,0.4,1029450,95.19,4339,0.4,314790,95.19,1327,0.4,105398,95.2,444,0.4,95.19,4746,0.4
Madaripur,,16705992B87985099055959,BGD,ADM2,primary_healthcare,TIME,6600,1135339,100295,95.99,820,0.78,439120,95.98,3596,0.79,1037952,95.98,8502,0.79,317389,95.98,2599,0.79,106268,95.98,870,0.79,95.98,9299,0.79
Madaripur,,16705992B87985099055959,BGD,ADM2,primary_healthcare,TIME,7200,1137510,100487,96.17,192,0.18,439959,96.16,839,0.18,1039937,96.16,1985,0.18,317996,96.16,607,0.18,106471,96.16,203,0.18,96.16,2171,0.18
Dhaka,,16705992B90744549146712,BGD,ADM2,primary_healthcare,TIME,600,14003346,964981,87.95,964981,87.95,4451250,87.99,4451250,87.99,13429350,88.06,13429350,88.06,4202526,88.04,4202526,88.04,683539,87.65,683539,87.65,88.04,14003346,88.04
Dhaka,,16705992B90744549146712,BGD,ADM2,primary_healthcare,TIME,1200,14981287,1033096,94.15,68115,6.21,4763876,94.17,312626,6.18,14365530,94.2,936180,6.14,4495998,94.19,293472,6.15,732950,93.99,49411,6.34,94.19,977941,6.15
Dhaka,,16705992B90744549146712,BGD,ADM2,primary_healthcare,TIME,1800,15268065,1053112,95.98,20016,1.82,4855495,95.99,91619,1.81,14639583,95.99,274053,1.8,4582017,95.99,86019,1.8,747919,95.91,14969,1.92,95.99,286778,1.8
Dhaka,,16705992B90744549146712,BGD,ADM2,primary_healthcare,TIME,2400,15675685,1081318,98.55,28206,2.57,4985254,98.55,129759,2.57,15029952,98.55,390369,2.56,4704304,98.55,122287,2.56,768358,98.53,20439,2.62,98.55,407620,2.56
Dhaka,,16705992B90744549146712,BGD,ADM2,primary_healthcare,TIME,3000,15790379,1089233,99.27,7915,0.72,5021724,99.27,36470,0.72,15139882,99.27,109930,0.72,4738721,99.27,34417,0.72,774020,99.25,5662,0.73,99.27,114694,0.72
Dhaka,,16705992B90744549146712,BGD,ADM2,primary_healthcare,TIME,3600,15844944,1093000,99.61,3767,0.34,5039071,99.62,17347,0.34,15192165,99.62,52283,0.34,4755092,99.62,16371,0.34,776729,99.6,2709,0.35,99.62,54565,0.34
Dhaka,,16705992B90744549146712,BGD,ADM2,primary_healthcare,TIME,4200,15861693,1094160,99.72,1160,0.11,5044399,99.72,5328,0.11,15208197,99.72,16032,0.11,4760117,99.72,5025,0.11,777577,99.71,848,0.11,99.72,16749,0.11
Dhaka,,16705992B90744549146712,BGD,ADM2,primary_healthcare,TIME,4800,15862196,1094194,99.72,34,0.0,5044558,99.72,159,0.0,15208680,99.72,483,0.0,4760268,99.72,151,0.0,777601,99.71,24,0.0,99.72,503,0.0
Dhaka,,16705992B90744549146712,BGD,ADM2,primary_healthcare,TIME,5400,15862730,1094231,99.73,37,0.0,5044728,99.73,170,0.0,15209191,99.73,511,0.0,4760428,99.73,160,0.0,777627,99.72,26,0.0,99.73,534,0.0
Dhaka,,16705992B90744549146712,BGD,ADM2,primary_healthcare,TIME,6000,15862975,1094249,99.73,18,0.0,5044807,99.73,79,0.0,15209426,99.73,235,0.0,4760501,99.73,73,0.0,777640,99.72,13,0.0,99.73,245,0.0
Dhaka,,16705992B90744549146712,BGD,ADM2,primary_healthcare,TIME,6600,15864508,1094354,99.74,105,0.01,5045294,99.74,487,0.01,15210896,99.74,1470,0.01,4760961,99.74,460,0.01,777715,99.73,75,0.01,99.74,1533,0.01
Dhaka,,16705992B90744549146712,BGD,ADM2,primary_healthcare,TIME,7200,15866081,1094462,99.75,108,0.01,5045794,99.75,500,0.01,15212405,99.75,1509,0.01,4761433,99.75,472,0.01,777792,99.74,77,0.01,99.75,1573,0.01
Sherpur,,16705992B90842308963557,BGD,ADM2,primary_healthcare,TIME,600,232026,22401,16.94,22401,16.94,86076,16.94,86076,16.94,213349,16.94,213349,16.94,64333,16.94,64333,16.94,20491,16.94,20491,16.94,16.94,232026,16.94
Sherpur,,16705992B90842308963557,BGD,ADM2,primary_healthcare,TIME,1200,456183,44028,33.3,21627,16.36,169188,33.3,83112,16.36,419468,33.31,206119,16.37,126515,33.32,62182,16.38,40282,33.31,19791,16.36,33.31,224157,16.37
Sherpur,,16705992B90842308963557,BGD,ADM2,primary_healthcare,TIME,1800,947493,91494,69.2,47466,35.9,351556,69.2,182368,35.9,871218,69.19,451750,35.88,262668,69.18,136153,35.86,83687,69.2,43405,35.89,69.19,491310,35.88
Sherpur,,16705992B90842308963557,BGD,ADM2,primary_healthcare,TIME,2400,1168226,112806,85.32,21312,16.12,433449,85.32,81893,16.12,1074183,85.31,202965,16.12,323871,85.3,61203,16.12,103181,85.31,19494,16.12,85.31,220733,16.12
Sherpur,,16705992B90842308963557,BGD,ADM2,primary_healthcare,TIME,3000,1263224,121983,92.26,9177,6.94,468707,92.26,35258,6.94,1161532,92.25,87349,6.94,350200,92.24,26329,6.93,111573,92.25,8392,6.94,92.25,94998,6.94
Sherpur,,16705992B90842308963557,BGD,ADM2,primary_healthcare,TIME,3600,1288585,124408,94.09,2425,1.83,478039,94.09,9332,1.84,1184862,94.1,23330,1.85,357285,94.1,7085,1.87,113803,94.1,2230,1.84,94.1,25361,1.85
Sherpur,,16705992B90842308963557,BGD,ADM2,primary_healthcare,TIME,4200,1294475,124977,94.52,569,0.43,480226,94.53,2187,0.43,1190277,94.53,5415,0.43,358917,94.53,1632,0.43,114324,94.53,521,0.43,94.53,5890,0.43
Sherpur,,16705992B90842308963557,BGD,ADM2,primary_healthcare,TIME,4800,1298230,125340,94.8,363,0.27,481620,94.8,1394,0.27,1193730,94.8,3453,0.27,359957,94.81,1040,0.27,114655,94.8,331,0.27,94.8,3755,0.27
Sherpur,,16705992B90842308963557,BGD,ADM2,primary_healthcare,TIME,5400,1302969,125798,95.15,458,0.35,483380,95.15,1760,0.35,1198087,95.15,4357,0.35,361270,95.15,1313,0.35,115074,95.15,419,0.35,95.15,4739,0.35
Sherpur,,16705992B90842308963557,BGD,ADM2,primary_healthcare,TIME,6000,1309438,126423,95.62,625,0.47,485781,95.62,2401,0.47,1204035,95.62,5948,0.47,363063,95.63,1793,0.47,115646,95.62,572,0.47,95.62,6469,0.47
Sherpur,,16705992B90842308963557,BGD,ADM2,primary_healthcare,TIME,6600,1311043,126578,95.74,155,0.12,486377,95.74,596,0.12,1205511,95.74,1476,0.12,363507,95.74,444,0.12,115788,95.74,142,0.12,95.74,1605,0.12
Sherpur,,16705992B90842308963557,BGD,ADM2,primary_healthcare,TIME,7200,1311443,126616,95.76,38,0.03,486526,95.77,149,0.03,1205879,95.77,368,0.03,363618,95.77,111,0.03,115823,95.77,35,0.03,95.77,400,0.03
Shariatpur,,16705992B92388810566131,BGD,ADM2,primary_healthcare,TIME,600,48993,4704,4.02,4704,4.02,19793,4.02,19793,4.02,44578,4.02,44578,4.02,13584,4.01,13584,4.01,4798,4.02,4798,4.02,4.02,48993,4.02
Shariatpur,,16705992B92388810566131,BGD,ADM2,primary_healthcare,TIME,1200,255889,24572,21.02,19868,16.99,103389,21.0,83596,16.98,232828,20.99,188250,16.97,70950,20.97,57366,16.95,25062,21.0,20264,16.98,20.99,206896,16.97
Shariatpur,,16705992B92388810566131,BGD,ADM2,primary_healthcare,TIME,1800,447610,42961,36.74,18389,15.73,180804,36.73,77415,15.73,407283,36.72,174455,15.73,124115,36.68,53165,15.71,43828,36.73,18766,15.73,36.72,191721,15.73
Shariatpur,,16705992B92388810566131,BGD,ADM2,primary_healthcare,TIME,2400,568932,54595,46.69,11634,9.95,229787,46.68,48983,9.95,517681,46.67,110398,9.95,157759,46.62,33644,9.94,55701,46.68,11873,9.95,46.67,121322,9.95
Shariatpur,,16705992B92388810566131,BGD,ADM2,primary_healthcare,TIME,3000,723838,69446,59.39,14851,12.7,292320,59.38,62533,12.7,658641,59.38,140960,12.71,200717,59.32,42958,12.7,70859,59.38,15158,12.7,59.38,154906,12.71
Shariatpur,,16705992B92388810566131,BGD,ADM2,primary_healthcare,TIME,3600,886726,85104,72.78,15658,13.39,358170,72.76,65850,13.38,806840,72.74,148199,13.36,245876,72.67,45159,13.35,86822,72.75,15963,13.38,72.74,162888,13.36
Shariatpur,,16705992B92388810566131,BGD,ADM2,primary_healthcare,TIME,4200,914709,87785,75.08,2681,2.29,369463,75.05,11293,2.29,832304,75.04,25464,2.3,253637,74.96,7761,2.29,89560,75.05,2738,2.29,75.04,27983,2.3
Shariatpur,,16705992B92388810566131,BGD,ADM2,primary_healthcare,TIME,4800,957978,91944,78.63,4159,3.56,386955,78.61,17492,3.55,871671,78.59,39367,3.55,265633,78.51,11996,3.55,93800,78.6,4240,3.55,78.59,43269,3.55
Shariatpur,,16705992B92388810566131,BGD,ADM2,primary_healthcare,TIME,5400,984886,94531,80.85,2587,2.21,397832,80.82,10877,2.21,896153,80.79,24482,2.21,273093,80.71,7460,2.2,96437,80.81,2637,2.21,80.79,26908,2.21
Shariatpur,,16705992B92388810566131,BGD,ADM2,primary_healthcare,TIME,6000,990848,95101,81.33,570,0.49,400235,81.3,2403,0.49,901579,81.28,5426,0.49,274747,81.2,1654,0.49,97019,81.3,582,0.49,81.28,5962,0.49
Shariatpur,,16705992B92388810566131,BGD,ADM2,primary_healthcare,TIME,6600,997371,95725,81.87,624,0.53,402866,81.84,2631,0.53,907516,81.82,5937,0.54,276556,81.73,1809,0.53,97657,81.83,638,0.53,81.82,6523,0.54
Shariatpur,,16705992B92388810566131,BGD,ADM2,primary_healthcare,TIME,7200,1001925,96162,82.24,437,0.37,404707,82.21,1841,0.37,911659,82.19,4143,0.37,277819,82.11,1263,0.37,98103,82.21,446,0.37,82.19,4554,0.37
Chittagong,,16705992B94200136889214,BGD,ADM2,primary_healthcare,TIME,600,4781534,404107,56.59,404107,56.59,1836198,56.62,1836198,56.62,4505090,56.65,4505090,56.65,1439232,56.67,1439232,56.67,313848,56.64,313848,56.64,56.65,4781534,56.65
Chittagong,,16705992B94200136889214,BGD,ADM2,primary_healthcare,TIME,1200,5976859,505130,70.74,101023,14.15,2295229,70.78,459031,14.16,5631309,70.81,1126219,14.16,1799021,70.84,359789,14.17,392305,70.8,78457,14.16,70.81,1195325,14.16
Chittagong,,16705992B94200136889214,BGD,ADM2,primary_healthcare,TIME,1800,6484606,548139,76.76,43009,6.02,2490479,76.8,195250,6.02,6109553,76.83,478244,6.01,1951768,76.85,152747,6.01,425779,76.84,33474,6.04,76.83,507747,6.02
Chittagong,,16705992B94200136889214,BGD,ADM2,primary_healthcare,TIME,2400,7043747,595480,83.39,47341,6.63,2705369,83.43,214890,6.63,6636398,83.45,526845,6.63,2119966,83.47,168198,6.62,462450,83.46,36671,6.62,83.45,559141,6.62
Chittagong,,16705992B94200136889214,BGD,ADM2,primary_healthcare,TIME,3000,7510069,635167,88.95,39687,5.56,2884894,88.96,179525,5.54,7075841,88.98,439443,5.53,2259991,88.99,140025,5.51,492976,88.96,30526,5.51,88.98,466322,5.52
Chittagong,,16705992B94200136889214,BGD,ADM2,primary_healthcare,TIME,3600,7762274,656630,91.95,21463,3.01,2982035,91.96,97141,3.0,7313510,91.97,237669,2.99,2335727,91.97,75736,2.98,509486,91.94,16510,2.98,91.97,252205,2.99
Chittagong,,16705992B94200136889214,BGD,ADM2,primary_healthcare,TIME,4200,8018643,678304,94.99,21674,3.04,3080463,95.0,98428,3.04,7555057,95.0,241547,3.04,2412839,95.0,77112,3.04,526313,94.98,16827,3.04,95.0,256369,3.04
Chittagong,,16705992B94200136889214,BGD,ADM2,primary_healthcare,TIME,4800,8037200,679872,95.21,1568,0.22,3087589,95.21,7126,0.22,7572542,95.22,17485,0.22,2418425,95.22,5586,0.22,527531,95.2,1218,0.22,95.22,18557,0.22
Chittagong,,16705992B94200136889214,BGD,ADM2,primary_healthcare,TIME,5400,8041523,680237,95.26,365,0.05,3089249,95.27,1660,0.05,7576615,95.28,4073,0.05,2419726,95.27,1301,0.05,527815,95.25,284,0.05,95.27,4323,0.05
Chittagong,,16705992B94200136889214,BGD,ADM2,primary_healthcare,TIME,6000,8063016,682054,95.52,1817,0.25,3097503,95.52,8254,0.25,7596865,95.53,20250,0.25,2426195,95.53,6469,0.25,529225,95.51,1410,0.25,95.53,21493,0.25
Chittagong,,16705992B94200136889214,BGD,ADM2,primary_healthcare,TIME,6600,8065524,682266,95.54,212,0.03,3098466,95.55,963,0.03,7599228,95.56,2363,0.03,2426950,95.56,755,0.03,529390,95.54,165,0.03,95.56,2508,0.03
Chittagong,,16705992B94200136889214,BGD,ADM2,primary_healthcare,TIME,7200,8068516,682519,95.58,253,0.04,3099615,95.59,1149,0.04,7602047,95.6,2819,0.04,2427851,95.59,901,0.04,529586,95.57,196,0.04,95.59,2992,0.04
Narsingdi,,16705992B95243043657125,BGD,ADM2,primary_healthcare,TIME,600,58564,5609,2.28,5609,2.28,23063,2.28,23063,2.28,54472,2.27,54472,2.27,16682,2.27,16682,2.27,4550,2.29,4550,2.29,2.27,58564,2.27
Narsingdi,,16705992B95243043657125,BGD,ADM2,primary_healthcare,TIME,1200,442337,42299,17.19,36690,14.91,173987,17.18,150924,14.91,411512,17.16,357040,14.89,126096,17.15,109414,14.88,34284,17.22,29734,14.94,17.16,383773,14.89
Narsingdi,,16705992B95243043657125,BGD,ADM2,primary_healthcare,TIME,1800,1496480,142589,57.94,100290,40.75,586975,57.98,412988,40.79,1392926,58.07,981414,40.92,427340,58.11,301244,40.96,115259,57.9,80975,40.68,58.06,1054143,40.9
Narsingdi,,16705992B95243043657125,BGD,ADM2,primary_healthcare,TIME,2400,2154663,205478,83.49,62889,25.55,845700,83.53,258725,25.55,2005302,83.6,612376,25.53,615040,83.63,187700,25.52,166216,83.49,50957,25.6,83.59,658183,25.54
Narsingdi,,16705992B95243043657125,BGD,ADM2,primary_healthcare,TIME,3000,2234483,213105,86.59,7627,3.1,877081,86.63,31381,3.1,2079572,86.7,74270,3.1,637803,86.72,22763,3.1,172390,86.6,6174,3.1,86.69,79820,3.1
Narsingdi,,16705992B95243043657125,BGD,ADM2,primary_healthcare,TIME,3600,2255229,215091,87.4,1986,0.81,885248,87.44,8167,0.81,2098870,87.5,19298,0.8,643714,87.53,5911,0.8,174000,87.41,1610,0.81,87.5,20746,0.8
Narsingdi,,16705992B95243043657125,BGD,ADM2,primary_healthcare,TIME,4200,2265519,216077,87.8,986,0.4,889301,87.84,4053,0.4,2108441,87.9,9571,0.4,646645,87.92,2931,0.4,174800,87.81,800,0.4,87.9,10290,0.4
Narsingdi,,16705992B95243043657125,BGD,ADM2,primary_healthcare,TIME,4800,2349819,224151,91.08,8074,3.28,922499,91.11,33198,3.28,2186850,91.17,78409,3.27,670658,91.19,24013,3.27,181349,91.1,6549,3.29,91.17,84300,3.27
Narsingdi,,16705992B95243043657125,BGD,ADM2,primary_healthcare,TIME,5400,2577503,246108,100.0,21957,8.92,1012459,100.0,89960,8.89,2398593,100.0,211743,8.83,735460,100.0,64802,8.81,199073,100.0,17724,8.9,100.0,227684,8.83
Narsingdi,,16705992B95243043657125,BGD,ADM2,primary_healthcare,TIME,6000,2577503,246108,100.0,0,0.0,1012459,100.0,0,0.0,2398593,100.0,0,0.0,735460,100.0,0,0.0,199073,100.0,0,0.0,100.0,0,0.0
Narsingdi,,16705992B95243043657125,BGD,ADM2,primary_healthcare,TIME,6600,2577503,246108,100.0,0,0.0,1012459,100.0,0,0.0,2398593,100.0,0,0.0,735460,100.0,0,0.0,199073,100.0,0,0.0,100.0,0,0.0
Narsingdi,,16705992B95243043657125,BGD,ADM2,primary_healthcare,TIME,7200,2577503,246108,100.0,0,0.0,1012459,100.0,0,0.0,2398593,100.0,0,0.0,735460,100.0,0,0.0,199073,100.0,0,0.0,100.0,0,0.0
Noakhali,,16705992B96773862439533,BGD,ADM2,primary_healthcare,TIME,600,16274,1724,0.45,1724,0.45,7111,0.45,7111,0.45,15052,0.45,15052,0.45,4704,0.45,4704,0.45,1348,0.45,1348,0.45,0.45,16274,0.45
Noakhali,,16705992B96773862439533,BGD,ADM2,primary_healthcare,TIME,1200,359204,38067,9.96,36343,9.51,156984,9.96,149873,9.51,332244,9.96,317192,9.51,103836,9.96,99132,9.51,29770,9.96,28422,9.51,9.96,342930,9.51
Noakhali,,16705992B96773862439533,BGD,ADM2,primary_healthcare,TIME,1800,1564486,165858,43.4,127791,33.44,683833,43.4,526849,33.43,1447083,43.39,1114839,33.43,452213,43.39,348377,33.42,129641,43.38,99871,33.42,43.39,1205282,33.43
Noakhali,,16705992B96773862439533,BGD,ADM2,primary_healthcare,TIME,2400,2377890,252060,65.95,86202,22.55,1039281,65.95,355448,22.56,2199427,65.95,752344,22.56,687345,65.94,235132,22.56,197064,65.94,67423,22.56,65.95,813404,22.56
Noakhali,,16705992B96773862439533,BGD,ADM2,primary_healthcare,TIME,3000,2836887,300655,78.67,48595,12.71,1239706,78.67,200425,12.72,2623943,78.67,424516,12.73,820051,78.68,132706,12.73,235136,78.68,38072,12.74,78.68,458997,12.73
Noakhali,,16705992B96773862439533,BGD,ADM2,primary_healthcare,TIME,3600,3185958,337673,88.35,37018,9.69,1392296,88.35,152590,9.68,2946819,88.36,322876,9.68,920943,88.36,100892,9.68,264061,88.36,28925,9.68,88.36,349071,9.68
Noakhali,,16705992B96773862439533,BGD,ADM2,primary_healthcare,TIME,4200,3306998,350512,91.71,12839,3.36,1445220,91.71,52924,3.36,3058780,91.71,111961,3.36,955925,91.71,34982,3.36,274087,91.71,10026,3.35,91.71,121040,3.36
Noakhali,,16705992B96773862439533,BGD,ADM2,primary_healthcare,TIME,4800,3312231,351067,91.86,555,0.15,1447508,91.86,2288,0.15,3063621,91.86,4841,0.15,957438,91.86,1513,0.15,274521,91.86,434,0.15,91.86,5233,0.15
Noakhali,,16705992B96773862439533,BGD,ADM2,primary_healthcare,TIME,5400,3315821,351448,91.96,381,0.1,1449078,91.96,1570,0.1,3066941,91.96,3320,0.1,958475,91.96,1037,0.1,274818,91.96,297,0.1,91.96,3590,0.1
Noakhali,,16705992B96773862439533,BGD,ADM2,primary_healthcare,TIME,6000,3320093,351901,92.07,453,0.12,1450946,92.08,1868,0.12,3070892,92.08,3951,0.12,959710,92.08,1235,0.12,275172,92.07,354,0.12,92.08,4272,0.12
Noakhali,,16705992B96773862439533,BGD,ADM2,primary_healthcare,TIME,6600,3322881,352197,92.15,296,0.08,1452165,92.15,1219,0.08,3073471,92.15,2579,0.08,960516,92.15,806,0.08,275403,92.15,231,0.08,92.15,2788,0.08
Noakhali,,16705992B96773862439533,BGD,ADM2,primary_healthcare,TIME,7200,3329411,352890,92.33,693,0.18,1455020,92.33,2855,0.18,3079512,92.33,6041,0.18,962403,92.33,1887,0.18,275944,92.33,541,0.18,92.33,6530,0.18
Kurigram,,16705992B97164497642406,BGD,ADM2,primary_healthcare,TIME,600,113415,10668,5.23,10668,5.23,40866,5.23,40866,5.23,104565,5.23,104565,5.23,33063,5.23,33063,5.23,9737,5.23,9737,5.23,5.23,113415,5.23
Kurigram,,16705992B97164497642406,BGD,ADM2,primary_healthcare,TIME,1200,343334,32296,15.84,21628,10.61,123720,15.84,82854,10.61,316550,15.84,211985,10.61,100106,15.84,67043,10.61,29469,15.84,19732,10.61,15.84,229919,10.61
Kurigram,,16705992B97164497642406,BGD,ADM2,primary_healthcare,TIME,1800,716677,67411,33.06,35115,17.22,258288,33.07,134568,17.23,660791,33.06,344241,17.22,208946,33.06,108840,17.22,61492,33.06,32023,17.22,33.06,373343,17.22
Kurigram,,16705992B97164497642406,BGD,ADM2,primary_healthcare,TIME,2400,1133468,106619,52.29,39208,19.23,408480,52.3,150192,19.23,1045071,52.29,384280,19.23,330482,52.29,121536,19.23,97264,52.29,35772,19.23,52.29,416791,19.23
Kurigram,,16705992B97164497642406,BGD,ADM2,primary_healthcare,TIME,3000,1357492,127692,62.63,21073,10.34,489209,62.63,80729,10.34,1251621,62.63,206550,10.33,395806,62.62,65324,10.34,116490,62.63,19226,10.34,62.63,224024,10.33
Kurigram,,16705992B97164497642406,BGD,ADM2,primary_healthcare,TIME,3600,1626723,153020,75.05,25328,12.42,586222,75.05,97013,12.42,1499848,75.05,248227,12.42,474319,75.05,78513,12.42,139600,75.05,23110,12.42,75.05,269231,12.42
Kurigram,,16705992B97164497642406,BGD,ADM2,primary_healthcare,TIME,4200,1790720,168448,82.62,15428,7.57,645317,82.62,59095,7.57,1651051,82.61,151203,7.57,522142,82.61,47823,7.57,153677,82.62,14077,7.57,82.61,163997,7.57
Kurigram,,16705992B97164497642406,BGD,ADM2,primary_healthcare,TIME,4800,1856103,174592,85.63,6144,3.01,668848,85.63,23531,3.01,1711341,85.63,60290,3.02,541203,85.63,19061,3.02,159281,85.63,5604,3.01,85.63,65383,3.02
Kurigram,,16705992B97164497642406,BGD,ADM2,primary_healthcare,TIME,5400,1912457,179893,88.23,5301,2.6,689154,88.23,20306,2.6,1763299,88.23,51958,2.6,557637,88.23,16434,2.6,164118,88.23,4837,2.6,88.23,56354,2.6
Kurigram,,16705992B97164497642406,BGD,ADM2,primary_healthcare,TIME,6000,1967833,185094,90.78,5201,2.55,709084,90.78,19930,2.55,1814361,90.78,51062,2.55,573781,90.78,16144,2.55,168865,90.78,4747,2.55,90.78,55376,2.55
Kurigram,,16705992B97164497642406,BGD,ADM2,primary_healthcare,TIME,6600,2043457,192209,94.27,7115,3.49,736333,94.27,27249,3.49,1884085,94.27,69724,3.49,595835,94.27,22054,3.49,175357,94.27,6492,3.49,94.27,75624,3.49
Kurigram,,16705992B97164497642406,BGD,ADM2,primary_healthcare,TIME,7200,2048318,192666,94.5,457,0.22,738085,94.5,1752,0.22,1888567,94.49,4482,0.22,597252,94.5,1417,0.22,175774,94.5,417,0.22,94.49,4861,0.22
Munshiganj,,16705992B99884694518333,BGD,ADM2,primary_healthcare,TIME,600,440540,36299,28.33,36299,28.33,157706,28.32,157706,28.32,404512,28.29,404512,28.29,129988,28.3,129988,28.3,39474,28.46,39474,28.46,28.3,440540,28.3
Munshiganj,,16705992B99884694518333,BGD,ADM2,primary_healthcare,TIME,1200,959057,78990,61.66,42691,33.32,343230,61.65,185524,33.32,880778,61.6,476266,33.31,283006,61.61,153018,33.31,85781,61.85,46307,33.39,61.62,518517,33.32
Munshiganj,,16705992B99884694518333,BGD,ADM2,primary_healthcare,TIME,1800,1281743,105527,82.37,26537,20.71,458586,82.36,115356,20.72,1177483,82.35,296705,20.75,378296,82.35,95290,20.74,114286,82.4,28505,20.55,82.35,322686,20.73
Munshiganj,,16705992B99884694518333,BGD,ADM2,primary_healthcare,TIME,2400,1456661,119878,93.57,14351,11.2,521023,93.58,62437,11.21,1338281,93.59,160798,11.25,429931,93.59,51635,11.24,129774,93.57,15488,11.17,93.59,174918,11.24
Munshiganj,,16705992B99884694518333,BGD,ADM2,primary_healthcare,TIME,3000,1486493,122329,95.49,2451,1.91,531680,95.49,10657,1.91,1365696,95.51,27415,1.92,438736,95.51,8805,1.92,132425,95.48,2651,1.91,95.51,29832,1.92
Munshiganj,,16705992B99884694518333,BGD,ADM2,primary_healthcare,TIME,3600,1490998,122700,95.78,371,0.29,533293,95.78,1613,0.29,1369833,95.8,4137,0.29,440065,95.8,1329,0.29,132828,95.77,403,0.29,95.8,4505,0.29
Munshiganj,,16705992B99884694518333,BGD,ADM2,primary_healthcare,TIME,4200,1505738,123915,96.72,1215,0.95,538570,96.73,5277,0.95,1383366,96.75,13533,0.95,444414,96.75,4349,0.95,134150,96.73,1322,0.95,96.74,14740,0.95
Munshiganj,,16705992B99884694518333,BGD,ADM2,primary_healthcare,TIME,4800,1507964,124099,96.87,184,0.14,539369,96.87,799,0.14,1385410,96.89,2044,0.14,445071,96.89,657,0.14,134349,96.87,199,0.14,96.89,2226,0.14
Munshiganj,,16705992B99884694518333,BGD,ADM2,primary_healthcare,TIME,5400,1511714,124426,97.12,327,0.26,540774,97.13,1405,0.25,1388857,97.13,3447,0.24,446175,97.13,1104,0.24,134682,97.11,333,0.24,97.13,3750,0.24
Munshiganj,,16705992B99884694518333,BGD,ADM2,primary_healthcare,TIME,6000,1516854,124850,97.45,424,0.33,542616,97.46,1842,0.33,1393576,97.46,4719,0.33,447691,97.46,1516,0.33,135143,97.44,461,0.33,97.46,5140,0.33
Munshiganj,,16705992B99884694518333,BGD,ADM2,primary_healthcare,TIME,6600,1518378,124976,97.55,126,0.1,543162,97.55,546,0.1,1394976,97.56,1400,0.1,448140,97.56,449,0.1,135280,97.54,137,0.1,97.56,1524,0.1
Munshiganj,,16705992B99884694518333,BGD,ADM2,primary_healthcare,TIME,7200,1521657,125246,97.76,270,0.21,544336,97.76,1174,0.21,1397986,97.77,3010,0.21,449107,97.77,967,0.21,135574,97.75,294,0.21,97.77,3279,0.21
Rajshani,BD-E,32408957B27409320841034,BGD,ADM1,primary_healthcare,TIME,600,3080257,242352,14.89,242352,14.89,1029562,15.09,1029562,15.09,2858591,15.17,2858591,15.17,927254,15.24,927254,15.24,245762,14.97,245762,14.97,15.15,3080257,15.15
Rajshani,BD-E,32408957B27409320841034,BGD,ADM1,primary_healthcare,TIME,1200,6421174,515523,31.68,273171,16.79,2161717,31.69,1132155,16.6,5955301,31.6,3096710,16.43,1921269,31.58,994015,16.34,516104,31.44,270342,16.47,31.58,3340917,16.43
Rajshani,BD-E,32408957B27409320841034,BGD,ADM1,primary_healthcare,TIME,1800,10132123,817130,50.21,301607,18.53,3416678,50.09,1254961,18.4,9395421,49.85,3440120,18.25,3027281,49.76,1106012,18.18,815962,49.71,299858,18.27,49.84,3710949,18.25
Rajshani,BD-E,32408957B27409320841034,BGD,ADM1,primary_healthcare,TIME,2400,13709090,1105853,67.95,288723,17.74,4616203,67.68,1199525,17.59,12709595,67.43,3314174,17.58,4094099,67.29,1066818,17.53,1106737,67.42,290775,17.71,67.43,3576967,17.59
Rajshani,BD-E,32408957B27409320841034,BGD,ADM1,primary_healthcare,TIME,3000,16047481,1291349,79.35,185496,11.4,5392541,79.06,776338,11.38,14875014,78.92,2165419,11.49,4794645,78.81,700546,11.51,1298000,79.08,191263,11.65,78.94,2338391,11.5
Rajshani,BD-E,32408957B27409320841034,BGD,ADM1,primary_healthcare,TIME,3600,17535161,1406921,86.45,115572,7.1,5880750,86.22,488209,7.16,16253118,86.24,1378104,7.31,5242944,86.17,448299,7.37,1419215,86.46,121215,7.38,86.25,1487680,7.32
Rajshani,BD-E,32408957B27409320841034,BGD,ADM1,primary_healthcare,TIME,4200,18217604,1457495,89.56,50574,3.11,6104493,89.5,223743,3.28,16887508,89.6,634390,3.37,5451264,89.6,208320,3.42,1472607,89.71,53392,3.25,89.61,682443,3.36
Rajshani,BD-E,32408957B27409320841034,BGD,ADM1,primary_healthcare,TIME,4800,19067160,1521480,93.49,63985,3.93,6381778,93.56,277285,4.07,17675698,93.78,788190,4.18,5709479,93.84,258215,4.24,1540618,93.86,68011,4.14,93.79,849556,4.18
Rajshani,BD-E,32408957B27409320841034,BGD,ADM1,primary_healthcare,TIME,5400,19141408,1527874,93.88,6394,0.39,6408338,93.95,26560,0.39,17744753,94.15,69055,0.37,5731541,94.2,22062,0.36,1546392,94.21,5774,0.35,94.15,74248,0.37
Rajshani,BD-E,32408957B27409320841034,BGD,ADM1,primary_healthcare,TIME,6000,19292093,1540799,94.68,12925,0.79,6460960,94.72,52622,0.77,17884077,94.89,139324,0.74,5775659,94.93,44118,0.73,1558932,94.97,12540,0.76,94.9,150685,0.74
Rajshani,BD-E,32408957B27409320841034,BGD,ADM1,primary_healthcare,TIME,6600,19324734,1543530,94.84,2731,0.17,6472328,94.89,11368,0.17,17914379,95.05,30302,0.16,5785334,95.09,9675,0.16,1561525,95.13,2593,0.16,95.06,32641,0.16
Rajshani,BD-E,32408957B27409320841034,BGD,ADM1,primary_healthcare,TIME,7200,19358819,1546405,95.02,2875,0.18,6484293,95.07,11965,0.18,17946021,95.22,31642,0.17,5795451,95.25,10117,0.17,1564236,95.3,2711,0.17,95.22,34085,0.17
Barisal,BD-A,32408957B31852228482374,BGD,ADM1,primary_healthcare,TIME,600,1426702,126521,18.09,126521,18.09,541497,18.09,541497,18.09,1303155,17.9,1303155,17.9,401274,17.83,401274,17.83,134707,17.61,134707,17.61,17.87,1426702,17.87
Barisal,BD-A,32408957B31852228482374,BGD,ADM1,primary_healthcare,TIME,1200,2640193,230141,32.9,103620,14.81,989602,33.05,448105,14.97,2407112,33.06,1103957,15.16,745723,33.13,344449,15.3,253734,33.18,119027,15.56,33.07,1213491,15.2
Barisal,BD-A,32408957B31852228482374,BGD,ADM1,primary_healthcare,TIME,1800,3577222,313341,44.8,83200,11.89,1341182,44.8,351580,11.74,3262035,44.8,854923,11.74,1009008,44.83,263285,11.7,343170,44.87,89436,11.69,44.81,937029,11.74
Barisal,BD-A,32408957B31852228482374,BGD,ADM1,primary_healthcare,TIME,2400,4375974,382763,54.72,69422,9.93,1636043,54.65,294861,9.85,3989598,54.79,727563,9.99,1234792,54.86,225784,10.03,420608,54.99,77438,10.12,54.81,798752,10.01
Barisal,BD-A,32408957B31852228482374,BGD,ADM1,primary_healthcare,TIME,3000,5234180,458742,65.58,75979,10.86,1960587,65.49,324544,10.84,4772870,65.55,783272,10.76,1475938,65.57,241146,10.71,502255,65.67,81647,10.68,65.56,858206,10.75
Barisal,BD-A,32408957B31852228482374,BGD,ADM1,primary_healthcare,TIME,3600,5786741,506244,72.38,47502,6.79,2164180,72.29,203593,6.8,5275975,72.46,503105,6.91,1632682,72.53,156744,6.96,556033,72.7,53778,7.03,72.48,552561,6.92
Barisal,BD-A,32408957B31852228482374,BGD,ADM1,primary_healthcare,TIME,4200,6102983,534097,76.36,27853,3.98,2281329,76.2,117149,3.91,5564563,76.42,288588,3.96,1721904,76.5,89222,3.96,586161,76.64,30128,3.94,76.44,316242,3.96
Barisal,BD-A,32408957B31852228482374,BGD,ADM1,primary_healthcare,TIME,4800,6317816,553267,79.1,19170,2.74,2362429,78.91,81100,2.71,5760889,79.12,196326,2.7,1782299,79.18,60395,2.68,606348,79.28,20187,2.64,79.14,214833,2.69
Barisal,BD-A,32408957B31852228482374,BGD,ADM1,primary_healthcare,TIME,5400,6824737,595014,85.07,41747,5.97,2544570,84.99,182141,6.08,6220730,85.44,459841,6.32,1926749,85.6,144450,6.42,657395,85.95,51047,6.67,85.49,506921,6.35
Barisal,BD-A,32408957B31852228482374,BGD,ADM1,primary_healthcare,TIME,6000,6861249,598252,85.53,3238,0.46,2558094,85.44,13524,0.45,6254077,85.89,33347,0.46,1937054,86.05,10305,0.46,660846,86.4,3451,0.45,85.94,36512,0.46
Barisal,BD-A,32408957B31852228482374,BGD,ADM1,primary_healthcare,TIME,6600,6888363,600630,85.87,2378,0.34,2568254,85.78,10160,0.34,6278836,86.23,24759,0.34,1944710,86.39,7656,0.34,663412,86.74,2566,0.34,86.28,27114,0.34
Barisal,BD-A,32408957B31852228482374,BGD,ADM1,primary_healthcare,TIME,7200,6912870,603010,86.21,2380,0.34,2578127,86.11,9873,0.33,6301379,86.54,22543,0.31,1951439,86.69,6729,0.3,665568,87.02,2156,0.28,86.59,24507,0.31
Khulna,BD-D,32408957B3859287816056,BGD,ADM1,primary_healthcare,TIME,600,4376036,319824,26.65,319824,26.65,1434032,26.95,1434032,26.95,4022633,27.07,4022633,27.07,1305450,27.09,1305450,27.09,387635,27.12,387635,27.12,27.07,4376036,27.07
Khulna,BD-D,32408957B3859287816056,BGD,ADM1,primary_healthcare,TIME,1200,8254347,608417,50.69,288593,24.04,2713903,51.0,1279871,24.05,7585041,51.04,3562408,23.97,2461103,51.06,1155653,23.98,733877,51.35,346242,24.23,51.06,3878311,23.99
Khulna,BD-D,32408957B3859287816056,BGD,ADM1,primary_healthcare,TIME,1800,11243439,831608,69.28,223191,18.59,3700291,69.54,986388,18.54,10333970,69.53,2748929,18.5,3353826,69.59,892723,18.52,997422,69.79,263545,18.44,69.55,2989092,18.49
Khulna,BD-D,32408957B3859287816056,BGD,ADM1,primary_healthcare,TIME,2400,13325254,988030,82.31,156422,13.03,4386644,82.44,686353,12.9,12249560,82.42,1915590,12.89,3973759,82.45,619933,12.86,1179933,82.57,182511,12.77,82.43,2081815,12.88
Khulna,BD-D,32408957B3859287816056,BGD,ADM1,primary_healthcare,TIME,3000,14813579,1099115,91.57,111085,9.25,4875382,91.62,488738,9.18,13619433,91.64,1369873,9.22,4417881,91.66,444122,9.21,1310028,91.67,130095,9.1,91.64,1488325,9.21
Khulna,BD-D,32408957B3859287816056,BGD,ADM1,primary_healthcare,TIME,3600,15376371,1141361,95.09,42246,3.52,5060102,95.1,184720,3.47,14137617,95.12,518184,3.49,4585575,95.14,167694,3.48,1359038,95.1,49010,3.43,95.12,562792,3.48
Khulna,BD-D,32408957B3859287816056,BGD,ADM1,primary_healthcare,TIME,4200,15813561,1174483,97.85,33122,2.76,5206809,97.85,146707,2.76,14539170,97.83,401553,2.7,4715020,97.83,129445,2.69,1398095,97.83,39057,2.73,97.83,437190,2.7
Khulna,BD-D,32408957B3859287816056,BGD,ADM1,primary_healthcare,TIME,4800,15857070,1177676,98.11,3193,0.27,5220936,98.12,14127,0.27,14579241,98.1,40071,0.27,4728057,98.1,13037,0.27,1401874,98.1,3779,0.26,98.1,43509,0.27
Khulna,BD-D,32408957B3859287816056,BGD,ADM1,primary_healthcare,TIME,5400,15881557,1179491,98.27,1815,0.15,5228900,98.27,7964,0.15,14601816,98.25,22575,0.15,4735370,98.25,7313,0.15,1403976,98.24,2102,0.15,98.25,24487,0.15
Khulna,BD-D,32408957B3859287816056,BGD,ADM1,primary_healthcare,TIME,6000,15929212,1183044,98.56,3553,0.3,5244392,98.56,15492,0.29,14645747,98.54,43931,0.3,4749591,98.55,14221,0.3,1408074,98.53,4098,0.29,98.54,47655,0.29
Khulna,BD-D,32408957B3859287816056,BGD,ADM1,primary_healthcare,TIME,6600,15939149,1183783,98.62,739,0.06,5247660,98.62,3268,0.06,14654855,98.6,9108,0.06,4752529,98.61,2938,0.06,1408981,98.59,907,0.06,98.6,9937,0.06
Khulna,BD-D,32408957B3859287816056,BGD,ADM1,primary_healthcare,TIME,7200,15948262,1184446,98.68,663,0.06,5250630,98.68,2970,0.06,14663218,98.66,8363,0.06,4755236,98.66,2707,0.06,1409802,98.65,821,0.06,98.66,9113,0.06
Sylhet,BD-G,32408957B58397560032916,BGD,ADM1,primary_healthcare,TIME,600,1336477,139938,10.83,139938,10.83,566811,11.36,566811,11.36,1249402,11.45,1249402,11.45,374311,11.62,374311,11.62,97529,10.93,97529,10.93,11.41,1336477,11.41
Sylhet,BD-G,32408957B58397560032916,BGD,ADM1,primary_healthcare,TIME,1200,2865963,302197,23.39,162259,12.56,1217039,24.39,650228,13.03,2678520,24.55,1429118,13.1,800573,24.85,426262,13.23,209863,23.51,112334,12.58,24.47,1529486,13.06
Sylhet,BD-G,32408957B58397560032916,BGD,ADM1,primary_healthcare,TIME,1800,5254769,563370,43.61,261173,20.22,2234828,44.8,1017789,20.4,4905765,44.96,2227245,20.41,1460411,45.32,659838,20.48,390110,43.7,180247,20.19,44.87,2388806,20.4
Sylhet,BD-G,32408957B58397560032916,BGD,ADM1,primary_healthcare,TIME,2400,7455561,807813,62.53,244443,18.92,3172566,63.59,937738,18.8,6954912,63.75,2049147,18.78,2064057,64.06,603646,18.73,558971,62.62,168861,18.92,63.66,2200792,18.79
Sylhet,BD-G,32408957B58397560032916,BGD,ADM1,primary_healthcare,TIME,3000,9381859,1028763,79.64,220950,17.1,3998686,80.15,826120,16.56,8745980,80.16,1791068,16.42,2586388,80.27,522331,16.21,709270,79.46,150299,16.84,80.11,1926298,16.45
Sylhet,BD-G,32408957B58397560032916,BGD,ADM1,primary_healthcare,TIME,3600,10311693,1133483,87.75,104720,8.11,4394817,88.09,396131,7.94,9610619,88.09,864639,7.92,2839946,88.14,253558,7.87,781739,87.58,72469,8.12,88.05,929834,7.94
Sylhet,BD-G,32408957B58397560032916,BGD,ADM1,primary_healthcare,TIME,4200,10823951,1191963,92.27,58480,4.53,4612848,92.46,218031,4.37,10086206,92.45,475587,4.36,2979515,92.47,139569,4.33,822417,92.14,40678,4.56,92.42,512258,4.37
Sylhet,BD-G,32408957B58397560032916,BGD,ADM1,primary_healthcare,TIME,4800,10998668,1213278,93.92,21315,1.65,4688714,93.98,75866,1.52,10248256,93.93,162050,1.49,3025396,93.89,45881,1.42,836450,93.71,14033,1.57,93.91,174717,1.49
Sylhet,BD-G,32408957B58397560032916,BGD,ADM1,primary_healthcare,TIME,5400,11085809,1223791,94.74,10513,0.81,4726451,94.74,37737,0.76,10329112,94.67,80856,0.74,3048403,94.61,23007,0.71,843418,94.49,6968,0.78,94.66,87141,0.74
Sylhet,BD-G,32408957B58397560032916,BGD,ADM1,primary_healthcare,TIME,6000,11145550,1230311,95.24,6520,0.5,4751520,95.24,25069,0.5,10384605,95.18,55493,0.51,3064980,95.12,16577,0.51,848133,95.02,4715,0.53,95.17,59741,0.51
Sylhet,BD-G,32408957B58397560032916,BGD,ADM1,primary_healthcare,TIME,6600,11247759,1242492,96.18,12181,0.94,4795589,96.12,44069,0.88,10479450,96.05,94845,0.87,3092093,95.96,27113,0.84,856297,95.93,8164,0.91,96.04,102209,0.87
Sylhet,BD-G,32408957B58397560032916,BGD,ADM1,primary_healthcare,TIME,7200,11267237,1244727,96.36,2235,0.17,4803903,96.29,8314,0.17,10497539,96.22,18089,0.17,3097380,96.12,5287,0.16,857838,96.1,1541,0.17,96.21,19478,0.17
Rangpur,BD-F,32408957B77489436868882,BGD,ADM1,primary_healthcare,TIME,600,1937202,164679,10.86,164679,10.86,674190,11.1,674190,11.1,1797233,11.36,1797233,11.36,563971,11.43,563971,11.43,155123,11.42,155123,11.42,11.37,1937202,11.37
Rangpur,BD-F,32408957B77489436868882,BGD,ADM1,primary_healthcare,TIME,1200,4334365,369137,24.34,204458,13.48,1508964,24.84,834774,13.74,4019983,25.41,2222750,14.05,1261698,25.57,697727,14.14,348288,25.63,193165,14.22,25.43,2397163,14.07
Rangpur,BD-F,32408957B77489436868882,BGD,ADM1,primary_healthcare,TIME,1800,7286602,627949,41.41,258812,17.07,2555169,42.06,1046205,17.22,6759806,42.74,2739823,17.32,2117222,42.91,855524,17.34,583797,42.97,235509,17.33,42.75,2952237,17.32
Rangpur,BD-F,32408957B77489436868882,BGD,ADM1,primary_healthcare,TIME,2400,10423500,907552,59.85,279603,18.44,3677976,60.55,1122807,18.48,9672498,61.15,2912692,18.41,3024294,61.3,907072,18.39,832541,61.27,248744,18.31,61.16,3136898,18.41
Rangpur,BD-F,32408957B77489436868882,BGD,ADM1,primary_healthcare,TIME,3000,12927313,1136127,74.93,228575,15.07,4585418,75.49,907442,14.94,12000321,75.87,2327823,14.72,3746315,75.93,722021,14.63,1028118,75.67,195577,14.39,75.85,2503813,14.69
Rangpur,BD-F,32408957B77489436868882,BGD,ADM1,primary_healthcare,TIME,3600,14896538,1318096,86.93,181969,12.0,5296472,87.19,711054,11.71,13826661,87.41,1826340,11.55,4314561,87.45,568246,11.52,1186408,87.32,158290,11.65,87.4,1969225,11.55
Rangpur,BD-F,32408957B77489436868882,BGD,ADM1,primary_healthcare,TIME,4200,15876985,1409207,92.94,91111,6.01,5652750,93.06,356278,5.87,14736244,93.16,909583,5.75,4596884,93.17,282323,5.72,1264942,93.1,78534,5.78,93.16,980447,5.75
Rangpur,BD-F,32408957B77489436868882,BGD,ADM1,primary_healthcare,TIME,4800,16228798,1441398,95.06,32191,2.12,5780092,95.16,127342,2.1,15062963,95.23,326719,2.07,4698410,95.23,101526,2.06,1292788,95.15,27846,2.05,95.22,351813,2.06
Rangpur,BD-F,32408957B77489436868882,BGD,ADM1,primary_healthcare,TIME,5400,16285594,1446678,95.41,5280,0.35,5800626,95.49,20534,0.34,15115472,95.56,52509,0.33,4714837,95.56,16427,0.33,1297519,95.49,4731,0.35,95.56,56796,0.33
Rangpur,BD-F,32408957B77489436868882,BGD,ADM1,primary_healthcare,TIME,6000,16352990,1452933,95.82,6255,0.41,5824740,95.89,24114,0.4,15177714,95.95,62242,0.39,4734389,95.96,19552,0.4,1303200,95.91,5681,0.42,95.95,67396,0.4
Rangpur,BD-F,32408957B77489436868882,BGD,ADM1,primary_healthcare,TIME,6600,16438349,1460900,96.35,7967,0.53,5855554,96.4,30814,0.51,15256571,96.45,78857,0.5,4759217,96.46,24828,0.5,1310370,96.44,7170,0.53,96.45,85359,0.5
Rangpur,BD-F,32408957B77489436868882,BGD,ADM1,primary_healthcare,TIME,7200,16623348,1477466,97.44,16566,1.09,5923072,97.51,67518,1.11,15429330,97.54,172759,1.09,4812649,97.55,53432,1.08,1324057,97.45,13687,1.01,97.54,184999,1.09
Dhaka,BD-C,32408957B77718829177955,BGD,ADM1,primary_healthcare,TIME,600,19418764,1404308,38.59,1404308,38.59,6319213,40.34,6319213,40.34,18520252,43.41,18520252,43.41,5843714,43.42,5843714,43.42,1050419,33.5,1050419,33.5,42.74,19418764,42.74
Dhaka,BD-C,32408957B77718829177955,BGD,ADM1,primary_healthcare,TIME,1200,27720791,2082650,57.23,678342,18.64,9202465,58.74,2883252,18.4,26305323,61.66,7785071,18.25,8325907,61.87,2482193,18.44,1632319,52.06,581900,18.56,61.01,8302027,18.27
Dhaka,BD-C,32408957B77718829177955,BGD,ADM1,primary_healthcare,TIME,1800,34147822,2636142,72.44,553492,15.21,11511749,73.48,2309284,14.74,32272126,75.65,5966803,13.99,10213269,75.89,1887362,14.02,2142823,68.35,510504,16.28,75.15,6427031,14.14
Dhaka,BD-C,32408957B77718829177955,BGD,ADM1,primary_healthcare,TIME,2400,38261634,2995184,82.3,359042,9.87,13006496,83.02,1494747,9.54,36073524,84.56,3801398,8.91,11404167,84.74,1190898,8.85,2487419,79.34,344596,10.99,84.2,4113812,9.05
Dhaka,BD-C,32408957B77718829177955,BGD,ADM1,primary_healthcare,TIME,3000,40593802,3196551,87.83,201367,5.53,13853808,88.43,847312,5.41,38215061,89.58,2141537,5.02,12077157,89.74,672990,5.0,2696293,86.0,208874,6.66,89.34,2332168,5.13
Dhaka,BD-C,32408957B77718829177955,BGD,ADM1,primary_healthcare,TIME,3600,41913841,3311556,90.99,115005,3.16,14337785,91.52,483977,3.09,39423958,92.42,1208897,2.83,12455433,92.55,378276,2.81,2817762,89.88,121469,3.87,92.24,1320039,2.91
Dhaka,BD-C,32408957B77718829177955,BGD,ADM1,primary_healthcare,TIME,4200,42720673,3380935,92.9,69379,1.91,14630593,93.39,292808,1.87,40162776,94.15,738818,1.73,12687930,94.28,232497,1.73,2892087,92.25,74325,2.37,94.02,806832,1.78
Dhaka,BD-C,32408957B77718829177955,BGD,ADM1,primary_healthcare,TIME,4800,43002480,3407396,93.63,26461,0.73,14739256,94.08,108663,0.69,40421861,94.75,259085,0.61,12767590,94.87,79660,0.59,2917014,93.04,24927,0.8,94.64,281807,0.62
Dhaka,BD-C,32408957B77718829177955,BGD,ADM1,primary_healthcare,TIME,5400,43573647,3460580,95.09,53184,1.46,14955338,95.46,216082,1.38,40948173,95.99,526312,1.23,12931516,96.09,163926,1.22,2966338,94.61,49324,1.57,95.89,571167,1.26
Dhaka,BD-C,32408957B77718829177955,BGD,ADM1,primary_healthcare,TIME,6000,43758163,3476320,95.52,15740,0.43,15020772,95.88,65434,0.42,41117168,96.38,168995,0.4,12984816,96.49,53300,0.4,2983301,95.16,16963,0.54,96.3,184516,0.41
Dhaka,BD-C,32408957B77718829177955,BGD,ADM1,primary_healthcare,TIME,6600,43832827,3482854,95.7,6534,0.18,15047548,96.05,26776,0.17,41185472,96.54,68304,0.16,13006458,96.65,21642,0.16,2990245,95.38,6944,0.22,96.46,74664,0.16
Dhaka,BD-C,32408957B77718829177955,BGD,ADM1,primary_healthcare,TIME,7200,43872448,3486440,95.8,3586,0.1,15062122,96.14,14574,0.09,41221860,96.63,36388,0.09,13017823,96.73,11365,0.08,2993789,95.49,3544,0.11,96.55,39621,0.09
Mymensingh,BD-H,32408957B83626866084602,BGD,ADM1,primary_healthcare,TIME,600,1843860,187252,15.83,187252,15.83,709919,15.81,709919,15.81,1692341,15.76,1692341,15.76,502645,15.72,502645,15.72,165942,15.82,165942,15.82,15.76,1843860,15.76
Mymensingh,BD-H,32408957B83626866084602,BGD,ADM1,primary_healthcare,TIME,1200,4597513,465162,39.33,277910,23.5,1765457,39.31,1055538,23.5,4220362,39.3,2528021,23.54,1256182,39.28,753537,23.56,413115,39.37,247173,23.56,39.3,2753653,23.54
Mymensingh,BD-H,32408957B83626866084602,BGD,ADM1,primary_healthcare,TIME,1800,7687582,775062,65.53,309900,26.2,2944580,65.57,1179123,26.26,7058024,65.72,2837662,26.42,2103899,65.78,847717,26.5,689695,65.73,276580,26.36,65.72,3090069,26.42
Mymensingh,BD-H,32408957B83626866084602,BGD,ADM1,primary_healthcare,TIME,2400,10169225,1026589,86.8,251527,21.27,3900244,86.85,955664,21.28,9336750,86.93,2278726,21.22,2782362,86.99,678463,21.21,912026,86.92,222331,21.19,86.93,2481643,21.21
Mymensingh,BD-H,32408957B83626866084602,BGD,ADM1,primary_healthcare,TIME,3000,11074884,1119499,94.66,92910,7.86,4251870,94.68,351626,7.83,10168056,94.68,831306,7.74,3028457,94.69,246095,7.69,993463,94.69,81437,7.76,94.68,905659,7.74
Mymensingh,BD-H,32408957B83626866084602,BGD,ADM1,primary_healthcare,TIME,3600,11350883,1147687,97.04,28188,2.38,4357910,97.04,106040,2.36,10421475,97.03,253419,2.36,3103634,97.04,75177,2.35,1018201,97.04,24738,2.36,97.04,275999,2.36
Mymensingh,BD-H,32408957B83626866084602,BGD,ADM1,primary_healthcare,TIME,4200,11502407,1163156,98.35,15469,1.31,4416733,98.35,58823,1.31,10560547,98.33,139072,1.29,3144891,98.33,41257,1.29,1031839,98.34,13638,1.3,98.33,151524,1.3
Mymensingh,BD-H,32408957B83626866084602,BGD,ADM1,primary_healthcare,TIME,4800,11519226,1164942,98.5,1786,0.15,4423350,98.5,6617,0.15,10576046,98.47,15499,0.14,3149453,98.47,4562,0.14,1033291,98.48,1452,0.14,98.47,16819,0.14
Mymensingh,BD-H,32408957B83626866084602,BGD,ADM1,primary_healthcare,TIME,5400,11533281,1166368,98.62,1426,0.12,4428727,98.61,5377,0.12,10588952,98.59,12906,0.12,3153282,98.59,3829,0.12,1034549,98.6,1258,0.12,98.59,14055,0.12
Mymensingh,BD-H,32408957B83626866084602,BGD,ADM1,primary_healthcare,TIME,6000,11553130,1168348,98.79,1980,0.17,4436290,98.78,7563,0.17,10607181,98.76,18229,0.17,3158732,98.76,5450,0.17,1036325,98.77,1776,0.17,98.76,19849,0.17
Mymensingh,BD-H,32408957B83626866084602,BGD,ADM1,primary_healthcare,TIME,6600,11558156,1168839,98.83,491,0.04,4438170,98.83,1880,0.04,10611801,98.81,4620,0.04,3160125,98.8,1393,0.04,1036771,98.81,446,0.04,98.81,5026,0.04
Mymensingh,BD-H,32408957B83626866084602,BGD,ADM1,primary_healthcare,TIME,7200,11566179,1169693,98.9,854,0.07,4441343,98.9,3173,0.07,10619149,98.88,7348,0.07,3162254,98.87,2129,0.07,1037508,98.88,737,0.07,98.88,8023,0.07
Chittagong,BD-B,32408957B94023193097291,BGD,ADM1,primary_healthcare,TIME,600,7032444,627559,20.94,627559,20.94,2776594,22.07,2776594,22.07,6584834,23.16,6584834,23.16,2092333,23.6,2092333,23.6,502622,21.18,502622,21.18,23.01,7032444,23.01
Chittagong,BD-B,32408957B94023193097291,BGD,ADM1,primary_healthcare,TIME,1200,11206106,1030551,34.38,402992,13.45,4495935,35.74,1719341,13.67,10471935,36.83,3887101,13.67,3308196,37.32,1215863,13.72,821833,34.64,319211,13.45,36.66,4173662,13.65
Chittagong,BD-B,32408957B94023193097291,BGD,ADM1,primary_healthcare,TIME,1800,16029103,1518350,50.66,487799,16.27,6526109,51.87,2030174,16.14,14949373,52.58,4477438,15.75,4698401,53.0,1390205,15.68,1205121,50.79,383288,16.16,52.44,4822997,15.78
Chittagong,BD-B,32408957B94023193097291,BGD,ADM1,primary_healthcare,TIME,2400,20196758,1944856,64.89,426506,14.23,8280347,65.81,1754238,13.94,18815832,66.18,3866459,13.6,5896625,66.52,1198224,13.52,1538919,64.86,333798,14.07,66.07,4167655,13.63
Chittagong,BD-B,32408957B94023193097291,BGD,ADM1,primary_healthcare,TIME,3000,23528462,2293639,76.52,348783,11.64,9683663,76.97,1403316,11.15,21900868,77.03,3085036,10.85,6851556,77.29,954931,10.77,1811649,76.36,272730,11.5,76.97,3331704,10.9
Chittagong,BD-B,32408957B94023193097291,BGD,ADM1,primary_healthcare,TIME,3600,25920591,2537340,84.65,243701,8.13,10685025,84.93,1001362,7.96,24116923,84.82,2216055,7.79,7538320,85.04,686764,7.75,2006436,84.57,194787,8.21,84.8,2392129,7.83
Chittagong,BD-B,32408957B94023193097291,BGD,ADM1,primary_healthcare,TIME,4200,27512669,2695493,89.93,158153,5.28,11340259,90.14,655234,5.21,25589149,90.0,1472226,5.18,7997958,90.22,459638,5.18,2138743,90.15,132307,5.58,90.01,1592078,5.21
Chittagong,BD-B,32408957B94023193097291,BGD,ADM1,primary_healthcare,TIME,4800,28144316,2759893,92.08,64400,2.15,11601186,92.21,260927,2.07,26172599,92.05,583450,2.05,8177594,92.25,179636,2.03,2191881,92.39,53138,2.24,92.07,631647,2.07
Chittagong,BD-B,32408957B94023193097291,BGD,ADM1,primary_healthcare,TIME,5400,28432009,2790603,93.1,30710,1.02,11722001,93.17,120815,0.96,26439252,92.99,266653,0.94,8258700,93.16,81106,0.91,2215172,93.37,23291,0.98,93.02,287693,0.94
Chittagong,BD-B,32408957B94023193097291,BGD,ADM1,primary_healthcare,TIME,6000,28597765,2806884,93.65,16281,0.54,11789410,93.71,67409,0.54,26593786,93.53,154534,0.54,8305642,93.69,46942,0.53,2227690,93.89,12518,0.53,93.56,165756,0.54
Chittagong,BD-B,32408957B94023193097291,BGD,ADM1,primary_healthcare,TIME,6600,28712924,2818972,94.05,12088,0.4,11837717,94.09,48307,0.38,26702054,93.91,108268,0.38,8337110,94.05,31468,0.35,2235482,94.22,7792,0.33,93.93,115159,0.38
Chittagong,BD-B,32408957B94023193097291,BGD,ADM1,primary_healthcare,TIME,7200,28782062,2825754,94.28,6782,0.23,11865756,94.31,28039,0.22,26766374,94.14,64320,0.23,8356662,94.27,19552,0.22,2240840,94.45,5358,0.23,94.16,69138,0.23
Bangledesh,BGD,71232402B16306086515200,BGD,ADM0,primary_healthcare,TIME,600,40451746,3212437,22.7,3212437,22.7,14051822,23.84,14051822,23.84,38028445,25.43,38028445,25.43,12010955,25.65,12010955,25.65,2739743,21.67,2739743,21.67,25.14,40451746,25.14
Bangledesh,BGD,71232402B16306086515200,BGD,ADM0,primary_healthcare,TIME,1200,68040456,5603781,39.59,2391344,16.89,24055087,40.81,10003265,16.97,63643580,42.56,25615135,17.13,20080654,42.88,8069699,17.23,4929135,38.98,2189392,17.32,42.28,27588710,17.14
Bangledesh,BGD,71232402B16306086515200,BGD,ADM0,primary_healthcare,TIME,1800,95358665,8082955,57.1,2479174,17.51,34230590,58.08,10175503,17.26,88936524,59.47,25292944,16.91,27983322,59.75,7902668,16.87,7168103,56.69,2238968,17.71,59.25,27318209,16.97
Bangledesh,BGD,71232402B16306086515200,BGD,ADM0,primary_healthcare,TIME,2400,117917001,10158644,71.77,2075689,14.66,42676522,72.41,8445932,14.33,109802272,73.42,20865748,13.95,34474158,73.61,6490836,13.86,9037157,71.48,1869054,14.78,73.27,22558336,14.02
Bangledesh,BGD,71232402B16306086515200,BGD,ADM0,primary_healthcare,TIME,3000,133601562,11623788,82.12,1465144,10.35,48601958,82.46,5925436,10.05,124297606,83.11,14495334,9.69,38978340,83.23,4504182,9.62,10349080,81.85,1311923,10.38,83.02,15684561,9.75
Bangledesh,BGD,71232402B16306086515200,BGD,ADM0,primary_healthcare,TIME,3600,143091823,12502692,88.33,878904,6.21,52177044,88.53,3575086,6.07,133066351,88.98,8768745,5.86,41713098,89.07,2734758,5.84,11144836,88.15,795756,6.29,88.91,9490261,5.9
Bangledesh,BGD,71232402B16306086515200,BGD,ADM0,primary_healthcare,TIME,4200,148570835,13006833,91.89,504141,3.56,54245817,92.04,2068773,3.51,138126165,92.36,5059814,3.38,43295369,92.45,1582271,3.38,11606894,91.8,462058,3.65,92.32,5479012,3.4
Bangledesh,BGD,71232402B16306086515200,BGD,ADM0,primary_healthcare,TIME,4800,151135538,13239335,93.53,232502,1.64,55197745,93.65,951928,1.62,140497557,93.95,2371392,1.59,44038282,94.04,742913,1.59,11820268,93.49,213374,1.69,93.91,2564703,1.59
Bangledesh,BGD,71232402B16306086515200,BGD,ADM0,primary_healthcare,TIME,5400,152758046,13390402,94.6,151067,1.07,55814955,94.7,617210,1.05,141988263,94.94,1490706,1.0,44500400,95.02,462118,0.99,11964762,94.63,144494,1.14,94.92,1622508,1.01
Bangledesh,BGD,71232402B16306086515200,BGD,ADM0,primary_healthcare,TIME,6000,153490157,13456895,95.07,66493,0.47,56086180,95.16,271225,0.46,142664358,95.39,676095,0.45,44710865,95.47,210465,0.45,12026504,95.12,61742,0.49,95.37,732111,0.45
Bangledesh,BGD,71232402B16306086515200,BGD,ADM0,primary_healthcare,TIME,6600,153942265,13502004,95.39,45109,0.32,56262823,95.46,176643,0.3,143083421,95.67,419063,0.28,44837578,95.74,126713,0.27,12063086,95.41,36582,0.29,95.65,452108,0.28
Bangledesh,BGD,71232402B16306086515200,BGD,ADM0,primary_healthcare,TIME,7200,154331229,13537946,95.64,35942,0.25,56409250,95.71,146427,0.25,143444873,95.92,361452,0.24,44948897,95.98,111319,0.24,12093641,95.65,30555,0.24,95.9,388964,0.24
