name,iso,id,country,admin_level,category,range_type,range,population,under_5_population,under_5_population_share,under_5_population_interval,under_5_population_interval_share,school_age_population,school_age_population_share,school_age_population_interval,school_age_population_interval_share,adults_population,adults_population_share,adults_population_interval,adults_population_interval_share,women_childbearing_population,women_childbearing_population_share,women_childbearing_population_interval,women_childbearing_population_interval_share,elderly_population,elderly_population_share,elderly_population_interval,elderly_population_interval_share,population_share,population_interval,population_interval_share
Meherpur,,16705992B11914188004823,BGD,ADM2,hospitals,TIME,600,246704,17360,35.89,17360,35.89,76262,35.89,76262,35.89,227578,35.92,227578,35.92,76546,35.94,76546,35.94,21056,35.95,21056,35.95,35.92,246704,35.92
Meherpur,,16705992B11914188004823,BGD,ADM2,hospitals,TIME,1200,454458,32003,66.17,14643,30.28,140591,66.17,64329,30.28,419253,66.18,191675,30.26,140954,66.18,64408,30.24,38759,66.18,17703,30.23,66.18,207754,30.25
Meherpur,,16705992B11914188004823,BGD,ADM2,hospitals,TIME,1800,528249,37210,76.94,5207,10.77,163458,76.94,22867,10.76,487334,76.92,68081,10.75,163818,76.92,22864,10.74,45047,76.91,6288,10.74,76.92,73791,10.75
Meherpur,,16705992B11914188004823,BGD,ADM2,hospitals,TIME,2400,602876,42465,87.8,5255,10.87,186541,87.8,23083,10.86,556178,87.79,68844,10.87,186965,87.79,23147,10.87,51414,87.78,6367,10.87,87.79,74627,10.87
Meherpur,,16705992B11914188004823,BGD,ADM2,hospitals,TIME,3000,637953,44934,92.91,2469,5.1,197387,92.9,10846,5.1,588536,92.9,32358,5.11,197847,92.9,10882,5.11,54407,92.89,2993,5.11,92.9,35077,5.11
Meherpur,,16705992B11914188004823,BGD,ADM2,hospitals,TIME,3600,644478,45393,93.86,459,0.95,199404,93.85,2017,0.95,594555,93.85,6019,0.95,199872,93.85,2025,0.95,54964,93.84,557,0.95,93.85,6525,0.95
Meherpur,,16705992B11914188004823,BGD,ADM2,hospitals,TIME,4200,645824,45487,94.05,94,0.19,199820,94.05,416,0.2,595797,94.04,1242,0.2,200289,94.04,417,0.2,55079,94.04,115,0.2,94.04,1346,0.2
Meherpur,,16705992B11914188004823,BGD,ADM2,hospitals,TIME,4800,652438,45953,95.01,466,0.96,201864,95.01,2044,0.96,601898,95.01,6101,0.96,202342,95.01,2053,0.96,55643,95.0,564,0.96,95.01,6614,0.96
Meherpur,,16705992B11914188004823,BGD,ADM2,hospitals,TIME,5400,653748,46045,95.2,92,0.19,202269,95.2,405,0.19,603106,95.2,1208,0.19,202748,95.2,406,0.19,55755,95.2,112,0.19,95.2,1310,0.19
Meherpur,,16705992B11914188004823,BGD,ADM2,hospitals,TIME,6000,655437,46164,95.45,119,0.25,202792,95.45,523,0.25,604665,95.44,1559,0.25,203272,95.44,524,0.25,55899,95.44,144,0.25,95.44,1689,0.25
Meherpur,,16705992B11914188004823,BGD,ADM2,hospitals,TIME,6600,656338,46227,95.58,63,0.13,203070,95.58,278,0.13,605495,95.58,830,0.13,203552,95.57,280,0.13,55976,95.57,77,0.13,95.58,901,0.13
Meherpur,,16705992B11914188004823,BGD,ADM2,hospitals,TIME,7200,658306,46366,95.87,139,0.29,203678,95.87,608,0.29,607311,95.86,1816,0.29,204162,95.86,610,0.29,56144,95.86,168,0.29,95.86,1968,0.29
Barguna,,16705992B13795829103768,BGD,ADM2,hospitals,TIME,600,244627,20164,27.21,20164,27.21,82499,27.17,82499,27.17,222363,27.21,222363,27.21,71029,27.22,71029,27.22,24177,27.18,24177,27.18,27.21,244627,27.21
Barguna,,16705992B13795829103768,BGD,ADM2,hospitals,TIME,1200,426826,35178,47.47,15014,20.26,144046,47.45,61547,20.27,387956,47.47,165593,20.26,123895,47.47,52866,20.26,42209,47.46,18032,20.28,47.47,182199,20.26
Barguna,,16705992B13795829103768,BGD,ADM2,hospitals,TIME,1800,581060,47888,64.63,12710,17.15,196103,64.59,52057,17.15,528143,64.62,140187,17.15,168670,64.63,44775,17.16,57462,64.61,15253,17.15,64.62,154234,17.15
Barguna,,16705992B13795829103768,BGD,ADM2,hospitals,TIME,2400,699006,57595,77.73,9707,13.1,235983,77.73,39880,13.14,635316,77.74,107173,13.11,202877,77.74,34207,13.11,69158,77.76,11696,13.15,77.74,117946,13.12
Barguna,,16705992B13795829103768,BGD,ADM2,hospitals,TIME,3000,725024,59742,80.62,2147,2.9,244764,80.62,8781,2.89,658967,80.63,23651,2.89,210429,80.63,7552,2.89,71728,80.65,2570,2.89,80.63,26018,2.89
Barguna,,16705992B13795829103768,BGD,ADM2,hospitals,TIME,3600,791364,65211,88.01,5469,7.38,267233,88.02,22469,7.4,719273,88.01,60306,7.38,229679,88.0,19250,7.38,78281,88.02,6553,7.37,88.01,66340,7.38
Barguna,,16705992B13795829103768,BGD,ADM2,hospitals,TIME,4200,816953,67320,90.85,2109,2.85,275860,90.87,8627,2.84,742533,90.85,23260,2.85,237110,90.85,7431,2.85,80810,90.86,2529,2.84,90.86,25589,2.85
Barguna,,16705992B13795829103768,BGD,ADM2,hospitals,TIME,4800,835116,68817,92.87,1497,2.02,281984,92.88,6124,2.02,759043,92.87,16510,2.02,242384,92.87,5274,2.02,82605,92.88,1795,2.02,92.88,18163,2.02
Barguna,,16705992B13795829103768,BGD,ADM2,hospitals,TIME,5400,880985,72599,97.98,3782,5.1,297456,97.98,15472,5.1,800739,97.98,41696,5.1,255701,97.98,13317,5.1,87137,97.98,4532,5.1,97.98,45869,5.1
Barguna,,16705992B13795829103768,BGD,ADM2,hospitals,TIME,6000,882694,72740,98.17,141,0.19,298032,98.17,576,0.19,802292,98.17,1553,0.19,256198,98.17,497,0.19,87306,98.17,169,0.19,98.17,1709,0.19
Barguna,,16705992B13795829103768,BGD,ADM2,hospitals,TIME,6600,885843,72999,98.52,259,0.35,299094,98.52,1062,0.35,805155,98.52,2863,0.35,257112,98.52,914,0.35,87618,98.52,312,0.35,98.52,3149,0.35
Barguna,,16705992B13795829103768,BGD,ADM2,hospitals,TIME,7200,890081,73349,98.99,350,0.47,300523,98.99,1429,0.47,809007,98.99,3852,0.47,258343,98.99,1231,0.47,88036,98.99,418,0.47,98.99,4238,0.47
Jhalokati,,16705992B14602656752780,BGD,ADM2,hospitals,TIME,600,317345,24651,47.5,24651,47.5,115552,47.49,115552,47.49,285877,47.47,285877,47.47,91486,47.46,91486,47.46,33950,47.42,33950,47.42,47.46,317345,47.46
Jhalokati,,16705992B14602656752780,BGD,ADM2,hospitals,TIME,1200,458857,35619,68.63,10968,21.13,167027,68.65,51475,21.16,413313,68.63,127436,21.16,132300,68.63,40814,21.17,49133,68.62,15183,21.21,68.63,141512,21.17
Jhalokati,,16705992B14602656752780,BGD,ADM2,hospitals,TIME,1800,542400,42112,81.14,6493,12.51,197403,81.13,30376,12.48,488576,81.13,75263,12.5,156387,81.12,24087,12.49,58067,81.1,8934,12.48,81.12,83543,12.5
Jhalokati,,16705992B14602656752780,BGD,ADM2,hospitals,TIME,2400,566440,43977,84.73,1865,3.59,206138,84.72,8735,3.59,510226,84.72,21650,3.59,163318,84.72,6931,3.6,60644,84.7,2577,3.6,84.72,24040,3.6
Jhalokati,,16705992B14602656752780,BGD,ADM2,hospitals,TIME,3000,573702,44545,85.83,568,1.09,208791,85.81,2653,1.09,516776,85.81,6550,1.09,165409,85.8,2091,1.08,61414,85.78,770,1.08,85.81,7262,1.09
Jhalokati,,16705992B14602656752780,BGD,ADM2,hospitals,TIME,3600,657850,51067,98.39,6522,12.57,239401,98.39,30610,12.58,592552,98.39,75776,12.58,189678,98.39,24269,12.59,70443,98.39,9029,12.61,98.39,84148,12.59
Jhalokati,,16705992B14602656752780,BGD,ADM2,hospitals,TIME,4200,658255,51098,98.45,31,0.06,239548,98.45,147,0.06,592917,98.45,365,0.06,189795,98.45,117,0.06,70487,98.45,44,0.06,98.45,405,0.06
Jhalokati,,16705992B14602656752780,BGD,ADM2,hospitals,TIME,4800,658456,51114,98.49,16,0.03,239620,98.48,72,0.03,593098,98.48,181,0.03,189853,98.48,58,0.03,70508,98.48,21,0.03,98.48,201,0.03
Jhalokati,,16705992B14602656752780,BGD,ADM2,hospitals,TIME,5400,668604,51900,100.0,786,1.51,243311,100.0,3691,1.52,602237,100.0,9139,1.52,192780,100.0,2927,1.52,71597,100.0,1089,1.52,100.0,10148,1.52
Jhalokati,,16705992B14602656752780,BGD,ADM2,hospitals,TIME,6000,668604,51900,100.0,0,0.0,243311,100.0,0,0.0,602237,100.0,0,0.0,192780,100.0,0,0.0,71597,100.0,0,0.0,100.0,0,0.0
Jhalokati,,16705992B14602656752780,BGD,ADM2,hospitals,TIME,6600,668604,51900,100.0,0,0.0,243311,100.0,0,0.0,602237,100.0,0,0.0,192780,100.0,0,0.0,71597,100.0,0,0.0,100.0,0,0.0
Jhalokati,,16705992B14602656752780,BGD,ADM2,hospitals,TIME,7200,668604,51900,100.0,0,0.0,243311,100.0,0,0.0,602237,100.0,0,0.0,192780,100.0,0,0.0,71597,100.0,0,0.0,100.0,0,0.0
Chuadanga,,16705992B19758630986204,BGD,ADM2,hospitals,TIME,600,189973,13970,15.39,13970,15.39,61441,15.39,61441,15.39,175954,15.4,175954,15.4,57587,15.4,57587,15.4,15504,15.37,15504,15.37,15.39,189973,15.39
Chuadanga,,16705992B19758630986204,BGD,ADM2,hospitals,TIME,1200,561265,41290,45.48,27320,30.09,181547,45.48,120106,30.09,519801,45.48,343847,30.09,170089,45.49,112502,30.09,45854,45.45,30350,30.08,45.48,371292,30.09
Chuadanga,,16705992B19758630986204,BGD,ADM2,hospitals,TIME,1800,981332,72209,79.53,30919,34.05,317446,79.52,135899,34.04,908780,79.52,388979,34.04,297333,79.52,127244,34.03,80228,79.52,34374,34.07,79.52,420067,34.04
Chuadanga,,16705992B19758630986204,BGD,ADM2,hospitals,TIME,2400,1134824,83494,91.96,11285,12.43,367080,91.96,49634,12.43,1050945,91.96,142165,12.44,343868,91.97,46535,12.45,92756,91.94,12528,12.42,91.96,153492,12.44
Chuadanga,,16705992B19758630986204,BGD,ADM2,hospitals,TIME,3000,1163204,85582,94.26,2088,2.3,376265,94.26,9185,2.3,1077222,94.26,26277,2.3,352462,94.26,8594,2.3,95081,94.24,2325,2.3,94.26,28380,2.3
Chuadanga,,16705992B19758630986204,BGD,ADM2,hospitals,TIME,3600,1208152,88887,97.9,3305,3.64,390802,97.9,14537,3.64,1118853,97.9,41631,3.64,366088,97.91,13626,3.64,98749,97.88,3668,3.64,97.9,44948,3.64
Chuadanga,,16705992B19758630986204,BGD,ADM2,hospitals,TIME,4200,1211278,89117,98.15,230,0.25,391813,98.15,1011,0.25,1121749,98.16,2896,0.25,367035,98.16,947,0.25,99004,98.13,255,0.25,98.16,3126,0.25
Chuadanga,,16705992B19758630986204,BGD,ADM2,hospitals,TIME,4800,1219180,89699,98.79,582,0.64,394370,98.79,2557,0.64,1129067,98.8,7318,0.64,369429,98.8,2394,0.64,99651,98.77,647,0.64,98.8,7902,0.64
Chuadanga,,16705992B19758630986204,BGD,ADM2,hospitals,TIME,5400,1219436,89717,98.81,18,0.02,394453,98.81,83,0.02,1129304,98.82,237,0.02,369507,98.82,78,0.02,99672,98.79,21,0.02,98.82,256,0.02
Chuadanga,,16705992B19758630986204,BGD,ADM2,hospitals,TIME,6000,1219437,89717,98.81,0,0.0,394453,98.81,0,0.0,1129304,98.82,0,0.0,369507,98.82,0,0.0,99672,98.79,0,0.0,98.82,1,0.0
Chuadanga,,16705992B19758630986204,BGD,ADM2,hospitals,TIME,6600,1219451,89719,98.81,2,0.0,394458,98.81,5,0.0,1129317,98.82,13,0.0,369511,98.82,4,0.0,99673,98.79,1,0.0,98.82,14,0.0
Chuadanga,,16705992B19758630986204,BGD,ADM2,hospitals,TIME,7200,1219461,89719,98.81,0,0.0,394461,98.81,3,0.0,1129326,98.82,9,0.0,369514,98.82,3,0.0,99674,98.79,1,0.0,98.82,10,0.0
Kushtia,,16705992B21124734124900,BGD,ADM2,hospitals,TIME,600,518737,39188,24.91,39188,24.91,168982,24.91,168982,24.91,478368,24.91,478368,24.91,154618,24.9,154618,24.9,44427,24.92,44427,24.92,24.91,518737,24.91
Kushtia,,16705992B21124734124900,BGD,ADM2,hospitals,TIME,1200,973694,73625,46.81,34437,21.89,317324,46.79,148342,21.87,897938,46.76,419570,21.85,290202,46.74,135584,21.84,83373,46.77,38946,21.85,46.76,454957,21.85
Kushtia,,16705992B21124734124900,BGD,ADM2,hospitals,TIME,1800,1414545,106866,67.94,33241,21.13,460789,67.94,143465,21.15,1304528,67.93,406590,21.17,421742,67.93,131540,21.19,121083,67.92,37710,21.15,67.93,440851,21.17
Kushtia,,16705992B21124734124900,BGD,ADM2,hospitals,TIME,2400,1678144,126754,80.59,19888,12.64,546581,80.59,85792,12.65,1547614,80.59,243086,12.66,500365,80.6,78623,12.66,143658,80.59,22575,12.66,80.59,263599,12.66
Kushtia,,16705992B21124734124900,BGD,ADM2,hospitals,TIME,3000,1719408,129879,82.57,3125,1.99,560038,82.57,13457,1.98,1585668,82.57,38054,1.98,512663,82.58,12298,1.98,147190,82.57,3532,1.98,82.57,41264,1.98
Kushtia,,16705992B21124734124900,BGD,ADM2,hospitals,TIME,3600,1934084,146092,92.88,16213,10.31,629971,92.88,69933,10.31,1783637,92.88,197969,10.31,576659,92.88,63996,10.31,165577,92.88,18387,10.31,92.88,214676,10.31
Kushtia,,16705992B21124734124900,BGD,ADM2,hospitals,TIME,4200,1947435,147104,93.53,1012,0.64,634327,93.53,4356,0.64,1795949,93.52,12312,0.64,580637,93.52,3978,0.64,166719,93.52,1142,0.64,93.52,13351,0.64
Kushtia,,16705992B21124734124900,BGD,ADM2,hospitals,TIME,4800,1958595,147946,94.06,842,0.54,637959,94.06,3632,0.54,1806241,94.06,10292,0.54,583965,94.06,3328,0.54,167675,94.06,956,0.54,94.06,11160,0.54
Kushtia,,16705992B21124734124900,BGD,ADM2,hospitals,TIME,5400,1965325,148455,94.38,509,0.32,640152,94.38,2193,0.32,1812447,94.38,6206,0.32,585971,94.38,2006,0.32,168251,94.38,576,0.32,94.38,6730,0.32
Kushtia,,16705992B21124734124900,BGD,ADM2,hospitals,TIME,6000,2025383,152995,97.27,4540,2.89,659723,97.27,19571,2.89,1867832,97.27,55385,2.88,603871,97.27,17900,2.88,173395,97.27,5144,2.89,97.27,60058,2.88
Kushtia,,16705992B21124734124900,BGD,ADM2,hospitals,TIME,6600,2030346,153370,97.51,375,0.24,661339,97.51,1616,0.24,1872408,97.51,4576,0.24,605351,97.51,1480,0.24,173820,97.51,425,0.24,97.51,4963,0.24
Kushtia,,16705992B21124734124900,BGD,ADM2,hospitals,TIME,7200,2033399,153601,97.66,231,0.15,662334,97.65,995,0.15,1875224,97.65,2816,0.15,606261,97.65,910,0.15,174081,97.65,261,0.15,97.65,3053,0.15
Khulna,,16705992B21968895988188,BGD,ADM2,hospitals,TIME,600,1285869,89694,55.46,89694,55.46,414019,55.48,414019,55.48,1185525,55.54,1185525,55.54,385011,55.51,385011,55.51,110402,55.43,110402,55.43,55.53,1285869,55.53
Khulna,,16705992B21968895988188,BGD,ADM2,hospitals,TIME,1200,1600324,111784,69.12,22090,13.66,515651,69.11,101632,13.62,1475240,69.11,289715,13.57,479212,69.1,94201,13.58,137603,69.09,27201,13.66,69.11,314455,13.58
Khulna,,16705992B21968895988188,BGD,ADM2,hospitals,TIME,1800,1716206,119902,74.14,8118,5.02,553083,74.12,37432,5.02,1581993,74.11,106753,5.0,513973,74.11,34761,5.01,147638,74.13,10035,5.04,74.11,115882,5.0
Khulna,,16705992B21968895988188,BGD,ADM2,hospitals,TIME,2400,1854255,129539,80.1,9637,5.96,597564,80.08,44481,5.96,1709248,80.07,127255,5.96,555323,80.07,41350,5.96,159512,80.09,11874,5.96,80.07,138049,5.96
Khulna,,16705992B21968895988188,BGD,ADM2,hospitals,TIME,3000,1967985,137474,85.0,7935,4.91,634201,84.99,36637,4.91,1814084,84.98,104836,4.91,589399,84.98,34076,4.91,169295,85.0,9783,4.91,84.98,113730,4.91
Khulna,,16705992B21968895988188,BGD,ADM2,hospitals,TIME,3600,2022016,141241,87.33,3767,2.33,651595,87.32,17394,2.33,1863900,87.32,49816,2.33,605578,87.32,16179,2.33,173933,87.33,4638,2.33,87.32,54031,2.33
Khulna,,16705992B21968895988188,BGD,ADM2,hospitals,TIME,4200,2083609,145545,89.99,4304,2.66,671459,89.99,19864,2.66,1920661,89.97,56761,2.66,624051,89.98,18473,2.66,179246,89.99,5313,2.67,89.98,61593,2.66
Khulna,,16705992B21968895988188,BGD,ADM2,hospitals,TIME,4800,2147109,149973,92.73,4428,2.74,691903,92.73,20444,2.74,1979206,92.72,58545,2.74,643067,92.72,19016,2.74,184699,92.73,5453,2.74,92.72,63500,2.74
Khulna,,16705992B21968895988188,BGD,ADM2,hospitals,TIME,5400,2154586,150495,93.05,522,0.32,694310,93.05,2407,0.32,1986099,93.04,6893,0.32,645306,93.04,2239,0.32,185341,93.05,642,0.32,93.04,7477,0.32
Khulna,,16705992B21968895988188,BGD,ADM2,hospitals,TIME,6000,2162798,151067,93.41,572,0.35,696954,93.4,2644,0.35,1993670,93.39,7571,0.35,647765,93.4,2459,0.35,186046,93.41,705,0.35,93.4,8212,0.35
Khulna,,16705992B21968895988188,BGD,ADM2,hospitals,TIME,6600,2164930,151216,93.5,149,0.09,697640,93.49,686,0.09,1995636,93.49,1966,0.09,648403,93.49,638,0.09,186229,93.5,183,0.09,93.49,2132,0.09
Khulna,,16705992B21968895988188,BGD,ADM2,hospitals,TIME,7200,2167257,151378,93.6,162,0.1,698389,93.59,749,0.1,1997782,93.59,2146,0.1,649100,93.59,697,0.1,186429,93.6,200,0.1,93.59,2327,0.1
Joypurhat,,16705992B2288856744536,BGD,ADM2,hospitals,TIME,600,186065,12878,20.03,12878,20.03,55656,20.03,55656,20.03,171465,20.03,171465,20.03,56834,20.03,56834,20.03,16055,20.04,16055,20.04,20.03,186065,20.03
Joypurhat,,16705992B2288856744536,BGD,ADM2,hospitals,TIME,1200,420281,29096,45.25,16218,25.22,125736,45.25,70080,25.22,387307,45.25,215842,25.22,128374,45.25,71540,25.22,36261,45.25,20206,25.22,45.25,234216,25.22
Joypurhat,,16705992B2288856744536,BGD,ADM2,hospitals,TIME,1800,639221,44257,68.82,15161,23.58,191249,68.82,65513,23.58,589075,68.82,201768,23.57,195258,68.82,66884,23.57,55147,68.82,18886,23.57,68.82,218940,23.57
Joypurhat,,16705992B2288856744536,BGD,ADM2,hospitals,TIME,2400,829751,57448,89.33,13191,20.51,248247,89.33,56998,20.51,764657,89.34,175582,20.51,253459,89.33,58201,20.51,71585,89.34,16438,20.51,89.34,190530,20.51
Joypurhat,,16705992B2288856744536,BGD,ADM2,hospitals,TIME,3000,928806,64307,100.0,6859,10.67,277886,100.0,29639,10.67,855942,100.0,91285,10.66,283718,100.0,30259,10.67,80129,100.0,8544,10.66,100.0,99055,10.66
Joypurhat,,16705992B2288856744536,BGD,ADM2,hospitals,TIME,3600,928806,64307,100.0,0,0.0,277886,100.0,0,0.0,855942,100.0,0,0.0,283718,100.0,0,0.0,80129,100.0,0,0.0,100.0,0,0.0
Joypurhat,,16705992B2288856744536,BGD,ADM2,hospitals,TIME,4200,928806,64307,100.0,0,0.0,277886,100.0,0,0.0,855942,100.0,0,0.0,283718,100.0,0,0.0,80129,100.0,0,0.0,100.0,0,0.0
Joypurhat,,16705992B2288856744536,BGD,ADM2,hospitals,TIME,4800,928806,64307,100.0,0,0.0,277886,100.0,0,0.0,855942,100.0,0,0.0,283718,100.0,0,0.0,80129,100.0,0,0.0,100.0,0,0.0
Joypurhat,,16705992B2288856744536,BGD,ADM2,hospitals,TIME,5400,928806,64307,100.0,0,0.0,277886,100.0,0,0.0,855942,100.0,0,0.0,283718,100.0,0,0.0,80129,100.0,0,0.0,100.0,0,0.0
Joypurhat,,16705992B2288856744536,BGD,ADM2,hospitals,TIME,6000,928806,64307,100.0,0,0.0,277886,100.0,0,0.0,855942,100.0,0,0.0,283718,100.0,0,0.0,80129,100.0,0,0.0,100.0,0,0.0
Joypurhat,,16705992B2288856744536,BGD,ADM2,hospitals,TIME,6600,928806,64307,100.0,0,0.0,277886,100.0,0,0.0,855942,100.0,0,0.0,283718,100.0,0,0.0,80129,100.0,0,0.0,100.0,0,0.0
Joypurhat,,16705992B2288856744536,BGD,ADM2,hospitals,TIME,7200,928806,64307,100.0,0,0.0,277886,100.0,0,0.0,855942,100.0,0,0.0,283718,100.0,0,0.0,80129,100.0,0,0.0,100.0,0,0.0
Bandarban,,16705992B23463827258150,BGD,ADM2,hospitals,TIME,600,135544,15370,25.49,15370,25.49,56372,25.36,56372,25.36,128755,25.36,128755,25.36,35787,25.28,35787,25.28,7849,25.3,7849,25.3,25.36,135544,25.36
Bandarban,,16705992B23463827258150,BGD,ADM2,hospitals,TIME,1200,214411,24224,40.18,8854,14.69,89162,40.1,32790,14.75,203650,40.12,74895,14.75,56734,40.08,20947,14.8,12438,40.09,4589,14.79,40.12,78867,14.76
Bandarban,,16705992B23463827258150,BGD,ADM2,hospitals,TIME,1800,270679,30604,50.76,6380,10.58,112885,50.77,23723,10.67,257107,50.65,53457,10.53,71629,50.6,14895,10.52,15690,50.57,3252,10.48,50.64,56268,10.53
Bandarban,,16705992B23463827258150,BGD,ADM2,hospitals,TIME,2400,301088,34031,56.45,3427,5.68,125431,56.42,12546,5.64,285985,56.34,28878,5.69,79677,56.28,8048,5.69,17458,56.27,1768,5.7,56.33,30409,5.69
Bandarban,,16705992B23463827258150,BGD,ADM2,hospitals,TIME,3000,376844,42403,70.33,8372,13.89,157100,70.66,31669,14.24,357897,70.5,71912,14.17,100004,70.64,20327,14.36,21895,70.57,4437,14.3,70.51,75756,14.17
Bandarban,,16705992B23463827258150,BGD,ADM2,hospitals,TIME,3600,386521,43508,72.16,1105,1.83,161226,72.52,4126,1.86,367093,72.32,9196,1.81,102561,72.45,2557,1.81,22451,72.36,556,1.79,72.32,9677,1.81
Bandarban,,16705992B23463827258150,BGD,ADM2,hospitals,TIME,4200,388622,43744,72.56,236,0.39,162091,72.91,865,0.39,369088,72.71,1995,0.39,103116,72.84,555,0.39,22573,72.76,122,0.39,72.71,2101,0.39
Bandarban,,16705992B23463827258150,BGD,ADM2,hospitals,TIME,4800,389275,43819,72.68,75,0.12,162360,73.03,269,0.12,369709,72.83,621,0.12,103289,72.96,173,0.12,22611,72.88,38,0.12,72.83,653,0.12
Bandarban,,16705992B23463827258150,BGD,ADM2,hospitals,TIME,5400,405527,45662,75.74,1843,3.06,169064,76.04,6704,3.02,385145,75.87,15436,3.04,107573,75.99,4284,3.03,23554,75.92,943,3.04,75.88,16252,3.04
Bandarban,,16705992B23463827258150,BGD,ADM2,hospitals,TIME,6000,426692,48069,79.73,2407,3.99,177901,80.02,8837,3.97,405252,79.83,20107,3.96,113155,79.93,5582,3.94,24777,79.86,1223,3.94,79.84,21165,3.96
Bandarban,,16705992B23463827258150,BGD,ADM2,hospitals,TIME,6600,427024,48106,79.79,37,0.06,178038,80.08,137,0.06,405568,79.9,316,0.06,113243,79.99,88,0.06,24796,79.92,19,0.06,79.9,332,0.06
Bandarban,,16705992B23463827258150,BGD,ADM2,hospitals,TIME,7200,427723,48186,79.92,80,0.13,178326,80.21,288,0.13,406232,80.03,664,0.13,113427,80.12,184,0.13,24837,80.05,41,0.13,80.03,699,0.13
Jessore,,16705992B28022870637862,BGD,ADM2,hospitals,TIME,600,1540033,113301,50.42,113301,50.42,503598,50.43,503598,50.43,1421371,50.46,1421371,50.46,464922,50.47,464922,50.47,130709,50.41,130709,50.41,50.46,1540033,50.46
Jessore,,16705992B28022870637862,BGD,ADM2,hospitals,TIME,1200,2602605,191599,85.27,78298,34.85,851496,85.27,347898,34.84,2401870,85.27,980499,34.81,785501,85.27,320579,34.8,221094,85.26,90385,34.86,85.27,1062572,34.81
Jessore,,16705992B28022870637862,BGD,ADM2,hospitals,TIME,1800,2940357,216450,96.33,24851,11.06,961964,96.33,110468,11.06,2713562,96.34,311692,11.07,887448,96.34,101947,11.07,249797,96.33,28703,11.07,96.34,337752,11.07
Jessore,,16705992B28022870637862,BGD,ADM2,hospitals,TIME,2400,3038220,223669,99.54,7219,3.21,994013,99.54,32049,3.21,2803866,99.54,90304,3.21,916967,99.54,29519,3.2,258120,99.54,8323,3.21,99.54,97863,3.21
Jessore,,16705992B28022870637862,BGD,ADM2,hospitals,TIME,3000,3041853,223937,99.66,268,0.12,995202,99.66,1189,0.12,2807219,99.66,3353,0.12,918063,99.66,1096,0.12,258429,99.66,309,0.12,99.66,3633,0.12
Jessore,,16705992B28022870637862,BGD,ADM2,hospitals,TIME,3600,3043727,224074,99.72,137,0.06,995815,99.72,613,0.06,2808949,99.72,1730,0.06,918629,99.72,566,0.06,258588,99.72,159,0.06,99.72,1874,0.06
Jessore,,16705992B28022870637862,BGD,ADM2,hospitals,TIME,4200,3052166,224697,100.0,623,0.28,998578,100.0,2763,0.28,2816735,100.0,7786,0.28,921174,100.0,2545,0.28,259306,100.0,718,0.28,100.0,8439,0.28
Jessore,,16705992B28022870637862,BGD,ADM2,hospitals,TIME,4800,3052166,224697,100.0,0,0.0,998578,100.0,0,0.0,2816735,100.0,0,0.0,921174,100.0,0,0.0,259306,100.0,0,0.0,100.0,0,0.0
Jessore,,16705992B28022870637862,BGD,ADM2,hospitals,TIME,5400,3052166,224697,100.0,0,0.0,998578,100.0,0,0.0,2816735,100.0,0,0.0,921174,100.0,0,0.0,259306,100.0,0,0.0,100.0,0,0.0
Jessore,,16705992B28022870637862,BGD,ADM2,hospitals,TIME,6000,3052166,224697,100.0,0,0.0,998578,100.0,0,0.0,2816735,100.0,0,0.0,921174,100.0,0,0.0,259306,100.0,0,0.0,100.0,0,0.0
Jessore,,16705992B28022870637862,BGD,ADM2,hospitals,TIME,6600,3052166,224697,100.0,0,0.0,998578,100.0,0,0.0,2816735,100.0,0,0.0,921174,100.0,0,0.0,259306,100.0,0,0.0,100.0,0,0.0
Jessore,,16705992B28022870637862,BGD,ADM2,hospitals,TIME,7200,3052166,224697,100.0,0,0.0,998578,100.0,0,0.0,2816735,100.0,0,0.0,921174,100.0,0,0.0,259306,100.0,0,0.0,100.0,0,0.0
Brahamanbaria,,16705992B2831557138260,BGD,ADM2,hospitals,TIME,600,846542,100838,26.16,100838,26.16,372349,26.15,372349,26.15,782770,26.13,782770,26.13,233745,26.14,233745,26.14,70394,26.12,70394,26.12,26.13,846542,26.13
Brahamanbaria,,16705992B2831557138260,BGD,ADM2,hospitals,TIME,1200,1555667,185263,48.05,84425,21.9,684213,48.05,311864,21.9,1438463,48.03,655693,21.89,429587,48.03,195842,21.9,129372,48.01,58978,21.89,48.02,709125,21.89
Brahamanbaria,,16705992B2831557138260,BGD,ADM2,hospitals,TIME,1800,2050706,244186,63.34,58923,15.28,901883,63.34,217670,15.29,1896209,63.31,457746,15.28,566304,63.32,136717,15.29,170538,63.28,41166,15.28,63.31,495039,15.28
Brahamanbaria,,16705992B2831557138260,BGD,ADM2,hospitals,TIME,2400,2605519,310275,80.48,66089,17.14,1145917,80.48,244034,17.14,2409228,80.44,513019,17.13,719497,80.45,153193,17.13,216673,80.4,46135,17.12,80.43,554813,17.13
Brahamanbaria,,16705992B2831557138260,BGD,ADM2,hospitals,TIME,3000,2856765,340198,88.24,29923,7.76,1256424,88.24,110507,7.76,2641545,88.19,232317,7.76,788876,88.21,69379,7.76,237567,88.16,20894,7.75,88.19,251246,7.76
Brahamanbaria,,16705992B2831557138260,BGD,ADM2,hospitals,TIME,3600,2921152,347869,90.23,7671,1.99,1284746,90.23,28322,1.99,2701082,90.18,59537,1.99,806652,90.2,17776,1.99,242920,90.14,5353,1.99,90.18,64387,1.99
Brahamanbaria,,16705992B2831557138260,BGD,ADM2,hospitals,TIME,4200,2955812,351998,91.3,4129,1.07,1299987,91.3,15241,1.07,2733132,91.25,32050,1.07,816222,91.27,9570,1.07,245802,91.21,2882,1.07,91.25,34660,1.07
Brahamanbaria,,16705992B2831557138260,BGD,ADM2,hospitals,TIME,4800,3075604,366259,95.0,14261,3.7,1352658,95.0,52671,3.7,2843905,94.95,110773,3.7,849300,94.96,33078,3.7,255759,94.91,9957,3.69,94.94,119792,3.7
Brahamanbaria,,16705992B2831557138260,BGD,ADM2,hospitals,TIME,5400,3081381,366947,95.18,688,0.18,1355198,95.17,2540,0.18,2849246,95.13,5341,0.18,850894,95.14,1594,0.18,256239,95.09,480,0.18,95.12,5777,0.18
Brahamanbaria,,16705992B2831557138260,BGD,ADM2,hospitals,TIME,6000,3082255,367051,95.21,104,0.03,1355582,95.2,384,0.03,2850054,95.15,808,0.03,851136,95.17,242,0.03,256311,95.11,72,0.03,95.15,874,0.03
Brahamanbaria,,16705992B2831557138260,BGD,ADM2,hospitals,TIME,6600,3084865,367362,95.29,311,0.08,1356731,95.28,1149,0.08,2852468,95.23,2414,0.08,851856,95.25,720,0.08,256528,95.19,217,0.08,95.23,2610,0.08
Brahamanbaria,,16705992B2831557138260,BGD,ADM2,hospitals,TIME,7200,3088775,367828,95.41,466,0.12,1358451,95.4,1720,0.12,2856083,95.35,3615,0.12,852936,95.37,1080,0.12,256854,95.32,326,0.12,95.35,3910,0.12
Narayanganj,,16705992B28796010313895,BGD,ADM2,hospitals,TIME,600,2729475,224408,73.33,224408,73.33,969365,73.34,969365,73.34,2591760,73.39,2591760,73.39,828242,73.38,828242,73.38,159066,73.24,159066,73.24,73.38,2729475,73.38
Narayanganj,,16705992B28796010313895,BGD,ADM2,hospitals,TIME,1200,3519917,289581,94.62,65173,21.3,1250611,94.62,281246,21.28,3342138,94.64,750378,21.25,1068111,94.64,239869,21.25,205314,94.54,46248,21.29,94.63,790442,21.25
Narayanganj,,16705992B28796010313895,BGD,ADM2,hospitals,TIME,1800,3621515,297955,97.36,8374,2.74,1286754,97.36,36143,2.73,3438561,97.37,96423,2.73,1098941,97.37,30830,2.73,211283,97.28,5969,2.75,97.37,101598,2.73
Narayanganj,,16705992B28796010313895,BGD,ADM2,hospitals,TIME,2400,3663158,301387,98.48,3432,1.12,1301567,98.48,14813,1.12,3478101,98.49,39540,1.12,1111582,98.49,12641,1.12,213712,98.4,2429,1.12,98.49,41643,1.12
Narayanganj,,16705992B28796010313895,BGD,ADM2,hospitals,TIME,3000,3672140,302128,98.72,741,0.24,1304762,98.72,3195,0.24,3486629,98.73,8528,0.24,1114308,98.73,2726,0.24,214237,98.64,525,0.24,98.73,8982,0.24
Narayanganj,,16705992B28796010313895,BGD,ADM2,hospitals,TIME,3600,3684378,303136,99.05,1008,0.33,1309127,99.05,4365,0.33,3498089,99.06,11460,0.32,1117980,99.06,3672,0.33,215110,99.05,873,0.4,99.06,12238,0.33
Narayanganj,,16705992B28796010313895,BGD,ADM2,hospitals,TIME,4200,3686029,303272,99.09,136,0.04,1309714,99.1,587,0.04,3499657,99.1,1568,0.04,1118481,99.1,501,0.04,215206,99.09,96,0.04,99.1,1651,0.04
Narayanganj,,16705992B28796010313895,BGD,ADM2,hospitals,TIME,4800,3719485,306045,100.0,2773,0.91,1321669,100.0,11955,0.9,3531399,100.0,31742,0.9,1128628,100.0,10147,0.9,217182,100.0,1976,0.91,100.0,33456,0.9
Narayanganj,,16705992B28796010313895,BGD,ADM2,hospitals,TIME,5400,3719485,306045,100.0,0,0.0,1321669,100.0,0,0.0,3531399,100.0,0,0.0,1128628,100.0,0,0.0,217182,100.0,0,0.0,100.0,0,0.0
Narayanganj,,16705992B28796010313895,BGD,ADM2,hospitals,TIME,6000,3719485,306045,100.0,0,0.0,1321669,100.0,0,0.0,3531399,100.0,0,0.0,1128628,100.0,0,0.0,217182,100.0,0,0.0,100.0,0,0.0
Narayanganj,,16705992B28796010313895,BGD,ADM2,hospitals,TIME,6600,3719485,306045,100.0,0,0.0,1321669,100.0,0,0.0,3531399,100.0,0,0.0,1128628,100.0,0,0.0,217182,100.0,0,0.0,100.0,0,0.0
Narayanganj,,16705992B28796010313895,BGD,ADM2,hospitals,TIME,7200,3719485,306045,100.0,0,0.0,1321669,100.0,0,0.0,3531399,100.0,0,0.0,1128628,100.0,0,0.0,217182,100.0,0,0.0,100.0,0,0.0
Lakshmipur,,16705992B31973889793084,BGD,ADM2,hospitals,TIME,600,454004,46315,22.47,46315,22.47,190921,22.46,190921,22.46,418156,22.46,418156,22.46,132225,22.46,132225,22.46,39399,22.45,39399,22.45,22.46,454004,22.46
Lakshmipur,,16705992B31973889793084,BGD,ADM2,hospitals,TIME,1200,709339,72328,35.09,26013,12.62,298257,35.09,107336,12.63,653295,35.09,235139,12.63,206606,35.09,74381,12.63,61592,35.1,22193,12.65,35.09,255335,12.63
Lakshmipur,,16705992B31973889793084,BGD,ADM2,hospitals,TIME,1800,1326566,135203,65.6,62875,30.51,557655,65.6,259398,30.51,1221697,65.63,568402,30.53,386414,65.64,179808,30.54,115246,65.67,53654,30.57,65.63,617227,30.54
Lakshmipur,,16705992B31973889793084,BGD,ADM2,hospitals,TIME,2400,1453966,148198,71.9,12995,6.3,611235,71.9,53580,6.3,1339035,71.93,117338,6.3,423519,71.94,37105,6.3,126304,71.97,11058,6.3,71.93,127400,6.3
Lakshmipur,,16705992B31973889793084,BGD,ADM2,hospitals,TIME,3000,1495509,152424,73.95,4226,2.05,628700,73.96,17465,2.05,1377287,73.98,38252,2.05,435624,73.99,12105,2.06,129920,74.03,3616,2.06,73.99,41543,2.06
Lakshmipur,,16705992B31973889793084,BGD,ADM2,hospitals,TIME,3600,1510736,153968,74.7,1544,0.75,635091,74.71,6391,0.75,1391302,74.74,14015,0.75,440063,74.75,4439,0.75,131251,74.79,1331,0.76,74.74,15227,0.75
Lakshmipur,,16705992B31973889793084,BGD,ADM2,hospitals,TIME,4200,1698167,173080,83.97,19112,9.27,713950,83.99,78859,9.28,1563925,84.01,172623,9.27,494654,84.02,54591,9.27,147525,84.06,16274,9.27,84.01,187431,9.27
Lakshmipur,,16705992B31973889793084,BGD,ADM2,hospitals,TIME,4800,1732003,176535,85.65,3455,1.68,728184,85.66,14234,1.67,1595093,85.68,31168,1.67,504507,85.69,9853,1.67,150459,85.73,2934,1.67,85.69,33836,1.67
Lakshmipur,,16705992B31973889793084,BGD,ADM2,hospitals,TIME,5400,1771426,180559,87.6,4024,1.95,744768,87.61,16584,1.95,1631405,87.63,36312,1.95,515987,87.64,11480,1.95,153878,87.68,3419,1.95,87.64,39423,1.95
Lakshmipur,,16705992B31973889793084,BGD,ADM2,hospitals,TIME,6000,1813970,184903,89.71,4344,2.11,762666,89.72,17898,2.11,1670593,89.74,39188,2.11,528376,89.75,12389,2.1,157567,89.78,3689,2.1,89.74,42544,2.1
Lakshmipur,,16705992B31973889793084,BGD,ADM2,hospitals,TIME,6600,1818560,185367,89.93,464,0.23,764586,89.94,1920,0.23,1674816,89.97,4223,0.23,529715,89.98,1339,0.23,157969,90.01,402,0.23,89.97,4590,0.23
Lakshmipur,,16705992B31973889793084,BGD,ADM2,hospitals,TIME,7200,1820666,185582,90.04,215,0.1,765472,90.05,886,0.1,1676756,90.07,1940,0.1,530328,90.08,613,0.1,158152,90.12,183,0.1,90.07,2106,0.1
Naogaon,,16705992B34203284467157,BGD,ADM2,hospitals,TIME,600,437596,31294,15.97,31294,15.97,135081,15.97,135081,15.97,404169,15.97,404169,15.97,134159,15.98,134159,15.98,36850,15.98,36850,15.98,15.98,437596,15.98
Naogaon,,16705992B34203284467157,BGD,ADM2,hospitals,TIME,1200,828179,59246,30.24,27952,14.27,255725,30.24,120644,14.26,764928,30.23,360759,14.26,253897,30.23,119738,14.26,69730,30.24,32880,14.26,30.23,390583,14.26
Naogaon,,16705992B34203284467157,BGD,ADM2,hospitals,TIME,1800,1364004,97552,49.79,38306,19.55,421084,49.79,165359,19.55,1259815,49.79,494887,19.56,418176,49.8,164279,19.56,114859,49.81,45129,19.57,49.8,535825,19.56
Naogaon,,16705992B34203284467157,BGD,ADM2,hospitals,TIME,2400,1810370,129469,66.09,31917,16.29,558858,66.08,137774,16.29,1672083,66.09,412268,16.29,555028,66.09,136852,16.3,152449,66.11,37590,16.3,66.09,446366,16.3
Naogaon,,16705992B34203284467157,BGD,ADM2,hospitals,TIME,3000,2054811,146963,75.02,17494,8.93,634358,75.0,75500,8.93,1897858,75.01,225775,8.92,629961,75.01,74933,8.92,173026,75.03,20577,8.92,75.01,244441,8.92
Naogaon,,16705992B34203284467157,BGD,ADM2,hospitals,TIME,3600,2423614,173336,88.48,26373,13.46,748222,88.47,113864,13.46,2238499,88.48,340641,13.46,743033,88.48,113072,13.46,204074,88.5,31048,13.46,88.48,368803,13.46
Naogaon,,16705992B34203284467157,BGD,ADM2,hospitals,TIME,4200,2675008,191308,97.65,17972,9.17,825892,97.65,77670,9.18,2470727,97.66,232228,9.18,820112,97.66,77079,9.18,225207,97.66,21133,9.16,97.66,251394,9.18
Naogaon,,16705992B34203284467157,BGD,ADM2,hospitals,TIME,4800,2692953,192590,98.31,1282,0.65,831433,98.31,5541,0.66,2487302,98.31,16575,0.66,825614,98.31,5502,0.66,226716,98.31,1509,0.65,98.31,17945,0.66
Naogaon,,16705992B34203284467157,BGD,ADM2,hospitals,TIME,5400,2693682,192644,98.33,54,0.03,831662,98.33,229,0.03,2487977,98.34,675,0.03,825837,98.34,223,0.03,226777,98.34,61,0.03,98.34,729,0.03
Naogaon,,16705992B34203284467157,BGD,ADM2,hospitals,TIME,6000,2695134,192748,98.39,104,0.05,832112,98.39,450,0.05,2489318,98.39,1341,0.05,826282,98.39,445,0.05,226899,98.39,122,0.05,98.39,1452,0.05
Naogaon,,16705992B34203284467157,BGD,ADM2,hospitals,TIME,6600,2696959,192879,98.45,131,0.07,832676,98.45,564,0.07,2491004,98.46,1686,0.07,826842,98.46,560,0.07,227053,98.46,154,0.07,98.46,1825,0.07
Naogaon,,16705992B34203284467157,BGD,ADM2,hospitals,TIME,7200,2697854,192943,98.49,64,0.03,832953,98.49,277,0.03,2491830,98.49,826,0.03,827116,98.49,274,0.03,227128,98.49,75,0.03,98.49,895,0.03
Rangpur,,16705992B34260815515495,BGD,ADM2,hospitals,TIME,600,991206,82531,30.48,82531,30.48,341687,30.52,341687,30.52,917845,30.6,917845,30.6,288155,30.63,288155,30.63,81114,30.71,81114,30.71,30.61,991206,30.61
Rangpur,,16705992B34260815515495,BGD,ADM2,hospitals,TIME,1200,1982908,165180,61.01,82649,30.52,683759,61.08,342072,30.56,1836213,61.22,918368,30.62,576419,61.27,288264,30.64,162206,61.41,81092,30.7,61.23,991702,30.62
Rangpur,,16705992B34260815515495,BGD,ADM2,hospitals,TIME,1800,2698756,225106,83.14,59926,22.13,931430,83.2,247671,22.12,2499327,83.33,663114,22.11,784363,83.37,207944,22.1,220540,83.49,58334,22.08,83.34,715848,22.11
Rangpur,,16705992B34260815515495,BGD,ADM2,hospitals,TIME,2400,2979495,248873,91.92,23767,8.78,1029332,91.95,97902,8.75,2759594,92.0,260267,8.68,865772,92.02,81409,8.65,243208,92.07,22668,8.58,92.01,280739,8.67
Rangpur,,16705992B34260815515495,BGD,ADM2,hospitals,TIME,3000,3196085,267008,98.61,18135,6.7,1104248,98.64,74916,6.69,2960213,98.69,200619,6.69,928692,98.71,62920,6.69,260874,98.76,17666,6.69,98.7,216590,6.69
Rangpur,,16705992B34260815515495,BGD,ADM2,hospitals,TIME,3600,3212255,268395,99.13,1387,0.51,1109940,99.15,5692,0.51,2975218,99.19,15005,0.5,933372,99.21,4680,0.5,262165,99.25,1291,0.49,99.2,16170,0.5
Rangpur,,16705992B34260815515495,BGD,ADM2,hospitals,TIME,4200,3235929,270563,99.93,2168,0.8,1118670,99.93,8730,0.78,2997292,99.93,22074,0.74,940149,99.93,6777,0.72,263950,99.93,1785,0.68,99.93,23674,0.73
Rangpur,,16705992B34260815515495,BGD,ADM2,hospitals,TIME,4800,3236393,270602,99.94,39,0.01,1118830,99.94,160,0.01,2997722,99.94,430,0.01,940284,99.94,135,0.01,263988,99.94,38,0.01,99.94,464,0.01
Rangpur,,16705992B34260815515495,BGD,ADM2,hospitals,TIME,5400,3236393,270602,99.94,0,0.0,1118830,99.94,0,0.0,2997722,99.94,0,0.0,940284,99.94,0,0.0,263988,99.94,0,0.0,99.94,0,0.0
Rangpur,,16705992B34260815515495,BGD,ADM2,hospitals,TIME,6000,3238251,270762,100.0,160,0.06,1119478,100.0,648,0.06,2999440,100.0,1718,0.06,940825,100.0,541,0.06,264142,100.0,154,0.06,100.0,1858,0.06
Rangpur,,16705992B34260815515495,BGD,ADM2,hospitals,TIME,6600,3238251,270762,100.0,0,0.0,1119478,100.0,0,0.0,2999440,100.0,0,0.0,940825,100.0,0,0.0,264142,100.0,0,0.0,100.0,0,0.0
Rangpur,,16705992B34260815515495,BGD,ADM2,hospitals,TIME,7200,3238251,270762,100.0,0,0.0,1119478,100.0,0,0.0,2999440,100.0,0,0.0,940825,100.0,0,0.0,264142,100.0,0,0.0,100.0,0,0.0
Cox's Bazar,,16705992B34517682786426,BGD,ADM2,hospitals,TIME,600,1057007,123119,37.96,123119,37.96,489265,37.97,489265,37.97,1005913,37.95,1005913,37.95,280214,37.94,280214,37.94,59362,37.94,59362,37.94,37.95,1057007,37.95
Cox's Bazar,,16705992B34517682786426,BGD,ADM2,hospitals,TIME,1200,1796316,209233,64.51,86114,26.55,831471,64.52,342206,26.55,1709485,64.49,703572,26.54,476207,64.48,195993,26.54,100882,64.47,41520,26.54,64.49,739309,26.54
Cox's Bazar,,16705992B34517682786426,BGD,ADM2,hospitals,TIME,1800,2074865,241640,74.5,32407,9.99,960025,74.49,128554,9.98,1974553,74.49,265068,10.0,550060,74.48,73853,10.0,116543,74.48,15661,10.01,74.49,278549,10.0
Cox's Bazar,,16705992B34517682786426,BGD,ADM2,hospitals,TIME,2400,2208388,257190,79.29,15550,4.79,1021822,79.29,61797,4.8,2101621,79.28,127068,4.79,585461,79.28,35401,4.79,124043,79.28,7500,4.79,79.28,133523,4.79
Cox's Bazar,,16705992B34517682786426,BGD,ADM2,hospitals,TIME,3000,2408120,280453,86.46,23263,7.17,1114245,86.46,92423,7.17,2291697,86.45,190076,7.17,638409,86.45,52948,7.17,135261,86.45,11218,7.17,86.45,199732,7.17
Cox's Bazar,,16705992B34517682786426,BGD,ADM2,hospitals,TIME,3600,2513499,292722,90.25,12269,3.78,1162966,90.24,48721,3.78,2391979,90.24,100282,3.78,666347,90.23,27938,3.78,141181,90.23,5920,3.78,90.24,105379,3.78
Cox's Bazar,,16705992B34517682786426,BGD,ADM2,hospitals,TIME,4200,2544415,296294,91.35,3572,1.1,1177205,91.35,14239,1.1,2421393,91.35,29414,1.11,674575,91.34,8228,1.11,142926,91.34,1745,1.12,91.35,30916,1.11
Cox's Bazar,,16705992B34517682786426,BGD,ADM2,hospitals,TIME,4800,2564314,298598,92.06,2304,0.71,1186382,92.06,9177,0.71,2440326,92.06,18933,0.71,679866,92.06,5291,0.72,144048,92.06,1122,0.72,92.06,19899,0.71
Cox's Bazar,,16705992B34517682786426,BGD,ADM2,hospitals,TIME,5400,2568652,299103,92.21,505,0.16,1188390,92.21,2008,0.16,2444454,92.22,4128,0.16,681016,92.22,1150,0.16,144291,92.22,243,0.16,92.22,4338,0.16
Cox's Bazar,,16705992B34517682786426,BGD,ADM2,hospitals,TIME,6000,2578174,300212,92.56,1109,0.34,1192792,92.56,4402,0.34,2453515,92.56,9061,0.34,683540,92.56,2524,0.34,144826,92.56,535,0.34,92.56,9522,0.34
Cox's Bazar,,16705992B34517682786426,BGD,ADM2,hospitals,TIME,6600,2608271,303718,93.64,3506,1.08,1206723,93.64,13931,1.08,2482157,93.64,28642,1.08,691519,93.64,7979,1.08,146517,93.64,1691,1.08,93.64,30097,1.08
Cox's Bazar,,16705992B34517682786426,BGD,ADM2,hospitals,TIME,7200,2608435,303737,93.64,19,0.01,1206799,93.64,76,0.01,2482313,93.64,156,0.01,691562,93.64,43,0.01,146526,93.65,9,0.01,93.64,164,0.01
Khagrachhari,,16705992B35326431749719,BGD,ADM2,hospitals,TIME,600,135217,13025,19.08,13025,19.08,53261,19.11,53261,19.11,126381,19.11,126381,19.11,37031,19.14,37031,19.14,9893,19.08,9893,19.08,19.11,135217,19.11
Khagrachhari,,16705992B35326431749719,BGD,ADM2,hospitals,TIME,1200,180158,17367,25.44,4342,6.36,70973,25.46,17712,6.35,168377,25.46,41996,6.35,49309,25.49,12278,6.35,13190,25.44,3297,6.36,25.46,44941,6.35
Khagrachhari,,16705992B35326431749719,BGD,ADM2,hospitals,TIME,1800,238111,22973,33.65,5606,8.21,93820,33.66,22847,8.2,222528,33.65,54151,8.19,65127,33.66,15818,8.18,17445,33.65,4255,8.21,33.65,57953,8.19
Khagrachhari,,16705992B35326431749719,BGD,ADM2,hospitals,TIME,2400,308373,29750,43.57,6777,9.93,121503,43.59,27683,9.93,288194,43.58,65666,9.93,84351,43.6,19224,9.94,22591,43.58,5146,9.93,43.58,70262,9.93
Khagrachhari,,16705992B35326431749719,BGD,ADM2,hospitals,TIME,3000,537857,51889,76.0,22139,32.43,211922,76.02,90419,32.44,502661,76.01,214467,32.43,147124,76.05,62773,32.45,39403,76.01,16812,32.43,76.01,229484,32.43
Khagrachhari,,16705992B35326431749719,BGD,ADM2,hospitals,TIME,3600,544826,52562,76.98,673,0.99,214666,77.01,2744,0.98,509174,76.99,6513,0.98,149026,77.03,1902,0.98,39914,76.99,511,0.99,76.99,6969,0.98
Khagrachhari,,16705992B35326431749719,BGD,ADM2,hospitals,TIME,4200,572001,55164,80.8,2602,3.81,225312,80.83,10646,3.82,534587,80.83,25413,3.84,156444,80.86,7418,3.83,41888,80.8,1974,3.81,80.83,27175,3.84
Khagrachhari,,16705992B35326431749719,BGD,ADM2,hospitals,TIME,4800,591427,57043,83.55,1879,2.75,232971,83.57,7659,2.75,552739,83.58,18152,2.74,161746,83.6,5302,2.74,43314,83.55,1426,2.75,83.58,19426,2.75
Khagrachhari,,16705992B35326431749719,BGD,ADM2,hospitals,TIME,5400,595287,57416,84.09,373,0.55,234493,84.12,1522,0.55,556346,84.12,3607,0.55,162800,84.15,1054,0.54,43598,84.1,284,0.55,84.12,3860,0.55
Khagrachhari,,16705992B35326431749719,BGD,ADM2,hospitals,TIME,6000,599279,57803,84.66,387,0.57,236066,84.68,1573,0.56,560075,84.69,3729,0.56,163889,84.71,1089,0.56,43891,84.67,293,0.57,84.69,3992,0.56
Khagrachhari,,16705992B35326431749719,BGD,ADM2,hospitals,TIME,6600,602800,58143,85.16,340,0.5,237454,85.18,1388,0.5,563366,85.19,3291,0.5,164850,85.21,961,0.5,44149,85.16,258,0.5,85.18,3521,0.5
Khagrachhari,,16705992B35326431749719,BGD,ADM2,hospitals,TIME,7200,606465,58498,85.68,355,0.52,238899,85.7,1445,0.52,566790,85.7,3424,0.52,165851,85.73,1001,0.52,44419,85.68,270,0.52,85.7,3665,0.52
Rangamati,,16705992B35610473312733,BGD,ADM2,hospitals,TIME,600,144085,12744,20.99,12744,20.99,53795,20.95,53795,20.95,135588,20.98,135588,20.98,39338,20.91,39338,20.91,9623,21.0,9623,21.0,20.98,144085,20.98
Rangamati,,16705992B35610473312733,BGD,ADM2,hospitals,TIME,1200,192634,17030,28.05,4286,7.06,71946,28.02,18151,7.07,181277,28.05,45689,7.07,52658,27.99,13320,7.08,12863,28.07,3240,7.07,28.05,48549,7.07
Rangamati,,16705992B35610473312733,BGD,ADM2,hospitals,TIME,1800,261231,23049,37.96,6019,9.91,97687,38.05,25741,10.03,245843,38.04,64566,9.99,71729,38.13,19071,10.14,17430,38.04,4567,9.97,38.04,68597,9.99
Rangamati,,16705992B35610473312733,BGD,ADM2,hospitals,TIME,2400,315886,27893,45.94,4844,7.98,118162,46.02,20475,7.97,297287,45.99,51444,7.96,86731,46.1,15002,7.97,21069,45.98,3639,7.94,45.99,54655,7.96
Rangamati,,16705992B35610473312733,BGD,ADM2,hospitals,TIME,3000,353973,31253,51.47,3360,5.53,132407,51.57,14245,5.55,333131,51.54,35844,5.55,97194,51.67,10463,5.56,23610,51.52,2541,5.54,51.54,38087,5.55
Rangamati,,16705992B35610473312733,BGD,ADM2,hospitals,TIME,3600,371210,32776,53.98,1523,2.51,138847,54.08,6440,2.51,349352,54.05,16221,2.51,101912,54.17,4718,2.51,24761,54.03,1151,2.51,54.05,17237,2.51
Rangamati,,16705992B35610473312733,BGD,ADM2,hospitals,TIME,4200,388664,34312,56.51,1536,2.53,145387,56.62,6540,2.55,365780,56.59,16428,2.54,106738,56.74,4826,2.57,25924,56.57,1163,2.54,56.59,17454,2.54
Rangamati,,16705992B35610473312733,BGD,ADM2,hospitals,TIME,4800,397276,35073,57.76,761,1.25,148602,57.88,3215,1.25,373884,57.84,8104,1.25,109089,57.99,2351,1.25,26500,57.83,576,1.26,57.84,8612,1.25
Rangamati,,16705992B35610473312733,BGD,ADM2,hospitals,TIME,5400,402013,35513,58.49,440,0.72,150403,58.58,1801,0.7,378348,58.54,4464,0.69,110374,58.67,1285,0.68,26809,58.5,309,0.67,58.53,4737,0.69
Rangamati,,16705992B35610473312733,BGD,ADM2,hospitals,TIME,6000,402660,35571,58.58,58,0.1,150645,58.67,242,0.09,378957,58.63,609,0.09,110551,58.77,177,0.09,26852,58.6,43,0.09,58.63,647,0.09
Rangamati,,16705992B35610473312733,BGD,ADM2,hospitals,TIME,6600,407428,35992,59.28,421,0.69,152425,59.37,1780,0.69,383445,59.32,4488,0.69,111853,59.46,1302,0.69,27170,59.29,318,0.69,59.32,4768,0.69
Rangamati,,16705992B35610473312733,BGD,ADM2,hospitals,TIME,7200,412393,36432,60.0,440,0.72,154279,60.09,1854,0.72,388116,60.05,4671,0.72,113208,60.18,1355,0.72,27502,60.01,332,0.72,60.04,4965,0.72
Bhola,,16705992B37732832620169,BGD,ADM2,hospitals,TIME,600,711798,74074,38.19,74074,38.19,297623,38.11,297623,38.11,658175,38.07,658175,38.07,191791,38.0,191791,38.0,59190,37.94,59190,37.94,38.06,711798,38.06
Bhola,,16705992B37732832620169,BGD,ADM2,hospitals,TIME,1200,867880,90317,46.56,16243,8.37,362886,46.47,65263,8.36,802500,46.41,144325,8.35,233847,46.33,42056,8.33,72169,46.26,12979,8.32,46.4,156082,8.34
Bhola,,16705992B37732832620169,BGD,ADM2,hospitals,TIME,1800,1174418,122208,63.01,31891,16.44,491039,62.88,128153,16.41,1085939,62.81,283439,16.39,316449,62.69,82602,16.36,97666,62.6,25497,16.34,62.79,306538,16.39
Bhola,,16705992B37732832620169,BGD,ADM2,hospitals,TIME,2400,1235725,128577,66.29,6369,3.28,516651,66.16,25612,3.28,1142619,66.08,56680,3.28,332976,65.97,16527,3.27,102772,65.88,5106,3.27,66.07,61307,3.28
Bhola,,16705992B37732832620169,BGD,ADM2,hospitals,TIME,3000,1271968,132349,68.23,3772,1.94,531805,68.1,15154,1.94,1176132,68.02,33513,1.94,342742,67.9,9766,1.93,105786,67.81,3014,1.93,68.01,36243,1.94
Bhola,,16705992B37732832620169,BGD,ADM2,hospitals,TIME,3600,1307523,136049,70.14,3700,1.91,546671,70.0,14866,1.9,1209008,69.92,32876,1.9,352322,69.8,9580,1.9,108742,69.7,2956,1.89,69.91,35555,1.9
Bhola,,16705992B37732832620169,BGD,ADM2,hospitals,TIME,4200,1333548,138757,71.54,2708,1.4,557553,71.4,10882,1.39,1233073,71.32,24065,1.39,359335,71.19,7013,1.39,110906,71.09,2164,1.39,71.3,26025,1.39
Bhola,,16705992B37732832620169,BGD,ADM2,hospitals,TIME,4800,1341203,139554,71.95,797,0.41,560754,71.81,3201,0.41,1240151,71.73,7078,0.41,361397,71.6,2062,0.41,111543,71.5,637,0.41,71.71,7655,0.41
Bhola,,16705992B37732832620169,BGD,ADM2,hospitals,TIME,5400,1359707,141479,72.94,1925,0.99,568491,72.8,7737,0.99,1257261,72.72,17110,0.99,366383,72.59,4986,0.99,113082,72.49,1539,0.99,72.7,18504,0.99
Bhola,,16705992B37732832620169,BGD,ADM2,hospitals,TIME,6000,1366649,142202,73.31,723,0.37,571394,73.17,2903,0.37,1263680,73.09,6419,0.37,368253,72.96,1870,0.37,113659,72.86,577,0.37,73.07,6942,0.37
Bhola,,16705992B37732832620169,BGD,ADM2,hospitals,TIME,6600,1373345,142899,73.67,697,0.36,574194,73.53,2800,0.36,1269872,73.44,6192,0.36,370058,73.32,1805,0.36,114216,73.21,557,0.36,73.43,6696,0.36
Bhola,,16705992B37732832620169,BGD,ADM2,hospitals,TIME,7200,1378623,143446,73.95,547,0.28,576398,73.81,2204,0.28,1274752,73.73,4880,0.28,371481,73.6,1423,0.28,114656,73.49,440,0.28,73.71,5278,0.28
Natore,,16705992B43065208682222,BGD,ADM2,hospitals,TIME,600,340209,25735,18.22,25735,18.22,109156,18.22,109156,18.22,314314,18.21,314314,18.21,103189,18.2,103189,18.2,28556,18.21,28556,18.21,18.21,340209,18.21
Natore,,16705992B43065208682222,BGD,ADM2,hospitals,TIME,1200,674514,51010,36.12,25275,17.9,216383,36.11,107227,17.89,623173,36.1,308859,17.89,204600,36.1,101411,17.89,56617,36.11,28061,17.9,36.1,334305,17.89
Natore,,16705992B43065208682222,BGD,ADM2,hospitals,TIME,1800,1015359,76768,54.36,25758,18.24,325705,54.35,109322,18.24,938089,54.34,314916,18.24,308004,54.34,103404,18.24,85212,54.35,28595,18.24,54.34,340845,18.24
Natore,,16705992B43065208682222,BGD,ADM2,hospitals,TIME,2400,1629474,123179,87.23,46411,32.87,522639,87.21,196934,32.86,1505464,87.21,567375,32.87,494311,87.21,186307,32.87,136756,87.22,51544,32.88,87.21,614115,32.87
Natore,,16705992B43065208682222,BGD,ADM2,hospitals,TIME,3000,1781955,134690,95.38,11511,8.15,571527,95.37,48888,8.16,1646349,95.37,140885,8.16,540580,95.37,46269,8.16,149545,95.38,12789,8.16,95.37,152481,8.16
Natore,,16705992B43065208682222,BGD,ADM2,hospitals,TIME,3600,1829033,138238,97.9,3548,2.51,586623,97.89,15096,2.52,1689855,97.89,43506,2.52,554870,97.89,14290,2.52,153486,97.89,3941,2.51,97.89,47078,2.52
Natore,,16705992B43065208682222,BGD,ADM2,hospitals,TIME,4200,1830042,138314,97.95,76,0.05,586946,97.95,323,0.05,1690787,97.94,932,0.05,555176,97.94,306,0.05,153571,97.95,85,0.05,97.95,1009,0.05
Natore,,16705992B43065208682222,BGD,ADM2,hospitals,TIME,4800,1858768,140479,99.48,2165,1.53,596157,99.48,9211,1.54,1717333,99.48,26546,1.54,563895,99.48,8719,1.54,155975,99.48,2404,1.53,99.48,28726,1.54
Natore,,16705992B43065208682222,BGD,ADM2,hospitals,TIME,5400,1859235,140515,99.51,36,0.03,596307,99.51,150,0.03,1717764,99.51,431,0.02,564037,99.51,142,0.03,156014,99.51,39,0.02,99.51,467,0.02
Natore,,16705992B43065208682222,BGD,ADM2,hospitals,TIME,6000,1859957,140569,99.55,54,0.04,596538,99.55,231,0.04,1718432,99.55,668,0.04,564256,99.55,219,0.04,156075,99.55,61,0.04,99.55,722,0.04
Natore,,16705992B43065208682222,BGD,ADM2,hospitals,TIME,6600,1861080,140654,99.61,85,0.06,596898,99.61,360,0.06,1719468,99.61,1036,0.06,564596,99.61,340,0.06,156169,99.61,94,0.06,99.61,1123,0.06
Natore,,16705992B43065208682222,BGD,ADM2,hospitals,TIME,7200,1861452,140682,99.63,28,0.02,597018,99.63,120,0.02,1719813,99.63,345,0.02,564710,99.63,114,0.02,156201,99.63,32,0.02,99.63,372,0.02
Thakurgaon,,16705992B44482388014877,BGD,ADM2,hospitals,TIME,600,443367,39565,29.04,39565,29.04,162106,29.04,162106,29.04,414439,29.04,414439,29.04,128029,29.04,128029,29.04,32396,29.04,32396,29.04,29.04,443367,29.04
Thakurgaon,,16705992B44482388014877,BGD,ADM2,hospitals,TIME,1200,1003513,89547,65.73,49982,36.69,366899,65.73,204793,36.69,938033,65.73,523594,36.69,289781,65.73,161752,36.69,73329,65.72,40933,36.69,65.73,560146,36.69
Thakurgaon,,16705992B44482388014877,BGD,ADM2,hospitals,TIME,1800,1178126,105129,77.17,15582,11.44,430742,77.17,63843,11.44,1101254,77.16,163221,11.44,340204,77.16,50423,11.44,86088,77.16,12759,11.44,77.16,174613,11.44
Thakurgaon,,16705992B44482388014877,BGD,ADM2,hospitals,TIME,2400,1268596,113200,83.09,8071,5.92,463817,83.09,33075,5.93,1185819,83.09,84565,5.93,366328,83.09,26124,5.93,92700,83.09,6612,5.93,83.09,90470,5.93
Thakurgaon,,16705992B44482388014877,BGD,ADM2,hospitals,TIME,3000,1287582,114894,84.33,1694,1.24,470758,84.33,6941,1.24,1203566,84.33,17747,1.24,371811,84.33,5483,1.24,94088,84.33,1388,1.24,84.33,18986,1.24
Thakurgaon,,16705992B44482388014877,BGD,ADM2,hospitals,TIME,3600,1289214,115040,84.44,146,0.11,471355,84.44,597,0.11,1205091,84.44,1525,0.11,372282,84.44,471,0.11,94207,84.44,119,0.11,84.44,1632,0.11
Thakurgaon,,16705992B44482388014877,BGD,ADM2,hospitals,TIME,4200,1291162,115214,84.57,174,0.13,472067,84.57,712,0.13,1206913,84.57,1822,0.13,372844,84.57,562,0.13,94350,84.57,143,0.13,84.57,1948,0.13
Thakurgaon,,16705992B44482388014877,BGD,ADM2,hospitals,TIME,4800,1293906,115459,84.75,245,0.18,473070,84.75,1003,0.18,1209477,84.75,2564,0.18,373637,84.75,793,0.18,94550,84.75,200,0.18,84.75,2744,0.18
Thakurgaon,,16705992B44482388014877,BGD,ADM2,hospitals,TIME,5400,1299561,115963,85.12,504,0.37,475138,85.12,2068,0.37,1214763,85.12,5286,0.37,375270,85.12,1633,0.37,94963,85.12,413,0.37,85.12,5655,0.37
Thakurgaon,,16705992B44482388014877,BGD,ADM2,hospitals,TIME,6000,1491367,133077,97.68,17114,12.56,545262,97.68,70124,12.56,1394052,97.68,179289,12.56,430656,97.68,55386,12.56,108981,97.68,14018,12.56,97.68,191806,12.56
Thakurgaon,,16705992B44482388014877,BGD,ADM2,hospitals,TIME,6600,1493886,133301,97.85,224,0.16,546182,97.85,920,0.16,1396406,97.85,2354,0.16,431384,97.85,728,0.17,109165,97.84,184,0.16,97.85,2519,0.16
Thakurgaon,,16705992B44482388014877,BGD,ADM2,hospitals,TIME,7200,1526730,136232,100.0,2931,2.15,558190,100.0,12008,2.15,1427107,100.0,30701,2.15,440868,100.0,9484,2.15,111566,100.0,2401,2.15,100.0,32844,2.15
Pirojpur,,16705992B46028667424095,BGD,ADM2,hospitals,TIME,600,264437,21220,23.86,21220,23.86,93335,23.86,93335,23.86,238866,23.86,238866,23.86,75190,23.86,75190,23.86,27639,23.87,27639,23.87,23.86,264437,23.86
Pirojpur,,16705992B46028667424095,BGD,ADM2,hospitals,TIME,1200,490695,39392,44.3,18172,20.44,173235,44.28,79900,20.42,443256,44.27,204390,20.41,139515,44.27,64325,20.41,51277,44.28,23638,20.41,44.27,226258,20.41
Pirojpur,,16705992B46028667424095,BGD,ADM2,hospitals,TIME,1800,613403,49239,55.37,9847,11.07,216594,55.37,43359,11.08,554112,55.34,110856,11.07,174410,55.34,34895,11.07,64088,55.35,12811,11.06,55.34,122708,11.07
Pirojpur,,16705992B46028667424095,BGD,ADM2,hospitals,TIME,2400,789852,63353,71.25,14114,15.87,278717,71.25,62123,15.88,713529,71.26,159417,15.92,224588,71.26,50178,15.92,82501,71.25,18413,15.9,71.26,176449,15.92
Pirojpur,,16705992B46028667424095,BGD,ADM2,hospitals,TIME,3000,837976,67216,75.59,3863,4.34,295725,75.6,17008,4.35,757001,75.6,43472,4.34,238273,75.6,13685,4.34,87529,75.59,5028,4.34,75.6,48124,4.34
Pirojpur,,16705992B46028667424095,BGD,ADM2,hospitals,TIME,3600,868492,69665,78.34,2449,2.75,306494,78.35,10769,2.75,784566,78.36,27565,2.75,246950,78.35,8677,2.75,90719,78.35,3190,2.75,78.35,30516,2.75
Pirojpur,,16705992B46028667424095,BGD,ADM2,hospitals,TIME,4200,878819,70494,79.28,829,0.93,310139,79.28,3645,0.93,793895,79.29,9329,0.93,249886,79.29,2936,0.93,91799,79.28,1080,0.93,79.29,10327,0.93
Pirojpur,,16705992B46028667424095,BGD,ADM2,hospitals,TIME,4800,894637,71763,80.7,1269,1.43,315722,80.71,5583,1.43,808182,80.71,14287,1.43,254384,80.71,4498,1.43,93453,80.71,1654,1.43,80.71,15818,1.43
Pirojpur,,16705992B46028667424095,BGD,ADM2,hospitals,TIME,5400,1100399,88278,99.28,16515,18.57,388368,99.28,72646,18.57,994050,99.28,185868,18.56,312889,99.28,58505,18.56,114956,99.28,21503,18.57,99.28,205762,18.56
Pirojpur,,16705992B46028667424095,BGD,ADM2,hospitals,TIME,6000,1100988,88325,99.33,47,0.05,388576,99.33,208,0.05,994582,99.33,532,0.05,313057,99.33,168,0.05,115018,99.33,62,0.05,99.33,589,0.05
Pirojpur,,16705992B46028667424095,BGD,ADM2,hospitals,TIME,6600,1102299,88431,99.45,106,0.12,389038,99.45,462,0.12,995766,99.45,1184,0.12,313430,99.45,373,0.12,115155,99.45,137,0.12,99.45,1311,0.12
Pirojpur,,16705992B46028667424095,BGD,ADM2,hospitals,TIME,7200,1103187,88501,99.53,70,0.08,389349,99.53,311,0.08,996569,99.53,803,0.08,313682,99.53,252,0.08,115247,99.53,92,0.08,99.53,888,0.08
Pabna,,16705992B46384724638491,BGD,ADM2,hospitals,TIME,600,818953,71600,28.88,71600,28.88,287115,28.86,287115,28.86,757274,28.83,757274,28.83,239349,28.82,239349,28.82,68085,28.81,68085,28.81,28.83,818953,28.83
Pabna,,16705992B46384724638491,BGD,ADM2,hospitals,TIME,1200,1485317,129844,52.38,58244,23.5,520700,52.33,233585,23.48,1373449,52.28,616175,23.46,434111,52.26,194762,23.45,123486,52.26,55401,23.45,52.28,666364,23.45
Pabna,,16705992B46384724638491,BGD,ADM2,hospitals,TIME,1800,1860880,162634,65.6,32790,13.23,652269,65.55,131569,13.22,1720718,65.5,347269,13.22,543900,65.48,109789,13.22,154718,65.48,31232,13.22,65.5,375563,13.22
Pabna,,16705992B46384724638491,BGD,ADM2,hospitals,TIME,2400,2303396,201282,81.2,38648,15.59,807308,81.14,155039,15.58,2129902,81.08,409184,15.58,673266,81.06,129366,15.57,191512,81.05,36794,15.57,81.07,442516,15.58
Pabna,,16705992B46384724638491,BGD,ADM2,hospitals,TIME,3000,2714246,237201,95.68,35919,14.49,951344,95.61,144036,14.48,2509810,95.54,379908,14.46,793343,95.51,120077,14.46,225669,95.5,34157,14.45,95.53,410850,14.46
Pabna,,16705992B46384724638491,BGD,ADM2,hospitals,TIME,3600,2720387,237737,95.9,536,0.22,953497,95.83,2153,0.22,2515488,95.75,5678,0.22,795138,95.73,1795,0.22,226179,95.72,510,0.22,95.75,6141,0.22
Pabna,,16705992B46384724638491,BGD,ADM2,hospitals,TIME,4200,2726483,238267,96.11,530,0.21,955628,96.04,2131,0.21,2521124,95.97,5636,0.21,796921,95.94,1783,0.21,226687,95.93,508,0.21,95.97,6096,0.21
Pabna,,16705992B46384724638491,BGD,ADM2,hospitals,TIME,4800,2731758,238718,96.3,451,0.18,957455,96.23,1827,0.18,2526000,96.15,4876,0.19,798468,96.13,1547,0.19,227127,96.12,440,0.19,96.15,5275,0.19
Pabna,,16705992B46384724638491,BGD,ADM2,hospitals,TIME,5400,2736395,239105,96.45,387,0.16,959042,96.39,1587,0.16,2530284,96.32,4284,0.16,799832,96.29,1364,0.16,227517,96.28,390,0.17,96.31,4637,0.16
Pabna,,16705992B46384724638491,BGD,ADM2,hospitals,TIME,6000,2820800,246123,99.28,7018,2.83,987877,99.28,28835,2.9,2608255,99.28,77971,2.97,824677,99.29,24845,2.99,234610,99.29,7093,3.0,99.29,84405,2.97
Pabna,,16705992B46384724638491,BGD,ADM2,hospitals,TIME,6600,2821720,246203,99.32,80,0.03,988200,99.32,323,0.03,2609106,99.32,851,0.03,824946,99.32,269,0.03,234687,99.32,77,0.03,99.32,920,0.03
Pabna,,16705992B46384724638491,BGD,ADM2,hospitals,TIME,7200,2821946,246223,99.32,20,0.01,988279,99.32,79,0.01,2609316,99.33,210,0.01,825012,99.33,66,0.01,234706,99.33,19,0.01,99.33,226,0.01
Netrakona,,16705992B47191620994273,BGD,ADM2,hospitals,TIME,600,694475,75773,28.73,75773,28.73,279390,28.73,279390,28.73,635571,28.73,635571,28.73,181920,28.73,181920,28.73,64337,28.76,64337,28.76,28.74,694475,28.74
Netrakona,,16705992B47191620994273,BGD,ADM2,hospitals,TIME,1200,1526657,166514,63.14,90741,34.41,614064,63.15,334674,34.42,1397159,63.16,761588,34.43,399966,63.16,218046,34.43,141440,63.23,77103,34.47,63.17,832182,34.43
Netrakona,,16705992B47191620994273,BGD,ADM2,hospitals,TIME,1800,2042430,222963,84.54,56449,21.4,821981,84.53,207917,21.38,1869416,84.51,472257,21.35,535143,84.51,135177,21.35,188991,84.49,47551,21.26,84.51,515773,21.34
Netrakona,,16705992B47191620994273,BGD,ADM2,hospitals,TIME,2400,2234363,243879,92.47,20916,7.93,899142,92.46,77161,7.93,2045064,92.45,175648,7.94,585444,92.45,50301,7.94,206777,92.44,17786,7.95,92.45,191933,7.94
Netrakona,,16705992B47191620994273,BGD,ADM2,hospitals,TIME,3000,2344223,255836,97.0,11957,4.53,943277,97.0,44135,4.54,2145595,97.0,100531,4.54,614242,97.0,28798,4.55,216965,96.99,10188,4.55,97.0,109860,4.55
Netrakona,,16705992B47191620994273,BGD,ADM2,hospitals,TIME,3600,2379895,259722,98.48,3886,1.47,957615,98.48,14338,1.47,2178237,98.48,32642,1.48,623588,98.48,9346,1.48,220275,98.47,3310,1.48,98.48,35672,1.48
Netrakona,,16705992B47191620994273,BGD,ADM2,hospitals,TIME,4200,2381131,259857,98.53,135,0.05,958112,98.53,497,0.05,2179368,98.53,1131,0.05,623912,98.53,324,0.05,220389,98.52,114,0.05,98.53,1236,0.05
Netrakona,,16705992B47191620994273,BGD,ADM2,hospitals,TIME,4800,2383208,260083,98.61,226,0.09,958946,98.61,834,0.09,2181269,98.61,1901,0.09,624456,98.61,544,0.09,220582,98.61,193,0.09,98.61,2077,0.09
Netrakona,,16705992B47191620994273,BGD,ADM2,hospitals,TIME,5400,2384851,260262,98.68,179,0.07,959607,98.68,661,0.07,2182772,98.68,1503,0.07,624886,98.68,430,0.07,220734,98.68,152,0.07,98.68,1643,0.07
Netrakona,,16705992B47191620994273,BGD,ADM2,hospitals,TIME,6000,2385141,260294,98.69,32,0.01,959724,98.69,117,0.01,2183038,98.69,266,0.01,624962,98.69,76,0.01,220761,98.69,27,0.01,98.69,290,0.01
Netrakona,,16705992B47191620994273,BGD,ADM2,hospitals,TIME,6600,2385656,260350,98.72,56,0.02,959930,98.71,206,0.02,2183509,98.71,471,0.02,625097,98.71,135,0.02,220809,98.71,48,0.02,98.71,515,0.02
Netrakona,,16705992B47191620994273,BGD,ADM2,hospitals,TIME,7200,2389641,260784,98.88,434,0.16,961532,98.88,1602,0.16,2187155,98.88,3646,0.16,626141,98.88,1044,0.16,221179,98.88,370,0.17,98.88,3985,0.16
Sylhet,,16705992B47932115867008,BGD,ADM2,hospitals,TIME,600,2009229,210410,47.24,210410,47.24,862598,47.28,862598,47.28,1884291,47.28,1884291,47.28,560127,47.29,560127,47.29,140655,47.23,140655,47.23,47.28,2009229,47.28
Sylhet,,16705992B47932115867008,BGD,ADM2,hospitals,TIME,1200,3511024,367810,82.59,157400,35.34,1507230,82.62,644632,35.33,3292537,82.62,1408246,35.34,978705,82.63,418578,35.34,245952,82.59,105297,35.36,82.62,1501795,35.34
Sylhet,,16705992B47932115867008,BGD,ADM2,hospitals,TIME,1800,3955398,414408,93.05,46598,10.46,1697968,93.07,190738,10.45,3709209,93.08,416672,10.46,1102536,93.09,123831,10.45,277130,93.06,31178,10.47,93.07,444374,10.46
Sylhet,,16705992B47932115867008,BGD,ADM2,hospitals,TIME,2400,4110222,430732,96.71,16324,3.67,1764492,96.72,66524,3.65,3854354,96.72,145145,3.64,1145581,96.72,43045,3.63,288020,96.72,10890,3.66,96.72,154824,3.64
Sylhet,,16705992B47932115867008,BGD,ADM2,hospitals,TIME,3000,4179445,437993,98.34,7261,1.63,1794221,98.35,29729,1.63,3919271,98.35,64917,1.63,1164865,98.35,19284,1.63,292869,98.35,4849,1.63,98.35,69223,1.63
Sylhet,,16705992B47932115867008,BGD,ADM2,hospitals,TIME,3600,4205976,440791,98.97,2798,0.63,1805620,98.97,11399,0.62,3944142,98.97,24871,0.62,1172240,98.97,7375,0.62,294736,98.97,1867,0.63,98.97,26531,0.62
Sylhet,,16705992B47932115867008,BGD,ADM2,hospitals,TIME,4200,4209439,441154,99.05,363,0.08,1807107,99.05,1487,0.08,3947389,99.05,3247,0.08,1173205,99.05,965,0.08,294978,99.05,242,0.08,99.05,3463,0.08
Sylhet,,16705992B47932115867008,BGD,ADM2,hospitals,TIME,4800,4211938,441416,99.11,262,0.06,1808180,99.11,1073,0.06,3949734,99.11,2345,0.06,1173902,99.11,697,0.06,295153,99.11,175,0.06,99.11,2499,0.06
Sylhet,,16705992B47932115867008,BGD,ADM2,hospitals,TIME,5400,4212478,441472,99.12,56,0.01,1808412,99.12,232,0.01,3950240,99.12,506,0.01,1174052,99.12,150,0.01,295191,99.13,38,0.01,99.12,540,0.01
Sylhet,,16705992B47932115867008,BGD,ADM2,hospitals,TIME,6000,4213374,441566,99.15,94,0.02,1808797,99.14,385,0.02,3951080,99.15,840,0.02,1174302,99.14,250,0.02,295253,99.15,62,0.02,99.15,896,0.02
Sylhet,,16705992B47932115867008,BGD,ADM2,hospitals,TIME,6600,4214614,441696,99.18,130,0.03,1809329,99.17,532,0.03,3952243,99.17,1163,0.03,1174648,99.17,346,0.03,295340,99.18,87,0.03,99.17,1240,0.03
Sylhet,,16705992B47932115867008,BGD,ADM2,hospitals,TIME,7200,4215579,441797,99.2,101,0.02,1809744,99.2,415,0.02,3953148,99.2,905,0.02,1174917,99.2,269,0.02,295408,99.2,68,0.02,99.2,965,0.02
Rajbari,,16705992B48875454234518,BGD,ADM2,hospitals,TIME,600,161172,13524,14.13,13524,14.13,56694,14.14,56694,14.14,147287,14.11,147287,14.11,46592,14.11,46592,14.11,15145,14.1,15145,14.1,14.11,161172,14.11
Rajbari,,16705992B48875454234518,BGD,ADM2,hospitals,TIME,1200,475059,39834,41.63,26310,27.5,166951,41.63,110257,27.49,434092,41.6,286805,27.48,137357,41.59,90765,27.48,44683,41.61,29538,27.5,41.6,313887,27.49
Rajbari,,16705992B48875454234518,BGD,ADM2,hospitals,TIME,1800,670857,56265,58.8,16431,17.17,235824,58.8,68873,17.17,613020,58.74,178928,17.15,193958,58.73,56601,17.14,63084,58.74,18401,17.13,58.74,195798,17.14
Rajbari,,16705992B48875454234518,BGD,ADM2,hospitals,TIME,2400,750798,62966,65.81,6701,7.0,263906,65.8,28082,7.0,686064,65.74,73044,7.0,217074,65.73,23116,7.0,70606,65.74,7522,7.0,65.74,79941,7.0
Rajbari,,16705992B48875454234518,BGD,ADM2,hospitals,TIME,3000,904040,75802,79.22,12836,13.41,317691,79.21,53785,13.41,826076,79.16,140012,13.42,261393,79.14,44319,13.42,85035,79.18,14429,13.44,79.16,153242,13.42
Rajbari,,16705992B48875454234518,BGD,ADM2,hospitals,TIME,3600,969769,81293,84.96,5491,5.74,340715,84.95,23024,5.74,886143,84.92,60067,5.76,280417,84.9,19024,5.76,91212,84.93,6177,5.75,84.92,65729,5.76
Rajbari,,16705992B48875454234518,BGD,ADM2,hospitals,TIME,4200,975201,81748,85.43,455,0.48,342621,85.43,1906,0.48,891106,85.39,4963,0.48,281988,85.38,1571,0.48,91723,85.41,511,0.48,85.39,5432,0.48
Rajbari,,16705992B48875454234518,BGD,ADM2,hospitals,TIME,4800,980982,82232,85.94,484,0.51,344650,85.94,2029,0.51,896387,85.9,5281,0.51,283660,85.89,1672,0.51,92268,85.91,545,0.51,85.9,5781,0.51
Rajbari,,16705992B48875454234518,BGD,ADM2,hospitals,TIME,5400,998668,83713,87.49,1481,1.55,350856,87.48,6206,1.55,912546,87.45,16159,1.55,288776,87.44,5116,1.55,93933,87.46,1665,1.55,87.45,17686,1.55
Rajbari,,16705992B48875454234518,BGD,ADM2,hospitals,TIME,6000,1099204,92098,96.25,8385,8.76,386026,96.25,35170,8.77,1004437,96.25,91891,8.81,317891,96.25,29115,8.82,103365,96.25,9432,8.78,96.25,100536,8.8
Rajbari,,16705992B48875454234518,BGD,ADM2,hospitals,TIME,6600,1099913,92157,96.31,59,0.06,386275,96.31,249,0.06,1005085,96.31,648,0.06,318096,96.31,205,0.06,103432,96.31,67,0.06,96.31,709,0.06
Rajbari,,16705992B48875454234518,BGD,ADM2,hospitals,TIME,7200,1104678,92556,96.73,399,0.42,387947,96.73,1672,0.42,1009439,96.73,4354,0.42,319474,96.73,1378,0.42,103881,96.73,449,0.42,96.73,4765,0.42
Patuakhali,,16705992B49808088196813,BGD,ADM2,hospitals,TIME,600,563615,49532,34.36,49532,34.36,206208,34.37,206208,34.37,514222,34.32,514222,34.32,159343,34.3,159343,34.3,53801,34.3,53801,34.3,34.32,563615,34.32
Patuakhali,,16705992B49808088196813,BGD,ADM2,hospitals,TIME,1200,789009,69274,48.06,19742,13.7,288360,48.06,82152,13.69,719824,48.05,205602,13.72,223153,48.04,63810,13.74,75357,48.04,21556,13.74,48.05,225394,13.73
Patuakhali,,16705992B49808088196813,BGD,ADM2,hospitals,TIME,1800,1018893,89455,62.06,20181,14.0,372401,62.07,84041,14.01,929550,62.05,209726,14.0,288170,62.04,65017,14.0,97313,62.04,21956,14.0,62.05,229884,14.0
Patuakhali,,16705992B49808088196813,BGD,ADM2,hospitals,TIME,2400,1289524,113194,78.53,23739,16.47,471152,78.53,98751,16.46,1176435,78.53,246885,16.48,364749,78.52,76579,16.49,123176,78.53,25863,16.49,78.53,270631,16.48
Patuakhali,,16705992B49808088196813,BGD,ADM2,hospitals,TIME,3000,1352064,118662,82.32,5468,3.79,493890,82.32,22738,3.79,1233477,82.34,57042,3.81,382468,82.34,17719,3.81,129163,82.35,5987,3.82,82.34,62540,3.81
Patuakhali,,16705992B49808088196813,BGD,ADM2,hospitals,TIME,3600,1409621,123681,85.8,5019,3.48,514851,85.82,20961,3.49,1285969,85.84,52492,3.5,398781,85.85,16313,3.51,134679,85.87,5516,3.52,85.84,57557,3.51
Patuakhali,,16705992B49808088196813,BGD,ADM2,hospitals,TIME,4200,1457235,127866,88.71,4185,2.9,532266,88.72,17415,2.9,1329411,88.74,43442,2.9,412243,88.75,13462,2.9,139224,88.76,4545,2.9,88.74,47614,2.9
Patuakhali,,16705992B49808088196813,BGD,ADM2,hospitals,TIME,4800,1485602,130358,90.44,2492,1.73,542631,90.45,10365,1.73,1355290,90.47,25879,1.73,420265,90.48,8022,1.73,141932,90.49,2708,1.73,90.47,28367,1.73
Patuakhali,,16705992B49808088196813,BGD,ADM2,hospitals,TIME,5400,1505096,132051,91.61,1693,1.17,549653,91.62,7022,1.17,1373063,91.65,17773,1.19,425805,91.67,5540,1.19,143806,91.68,1874,1.19,91.66,19494,1.19
Patuakhali,,16705992B49808088196813,BGD,ADM2,hospitals,TIME,6000,1517075,133104,92.34,1053,0.73,554035,92.35,4382,0.73,1383993,92.38,10930,0.73,429192,92.4,3387,0.73,144949,92.41,1143,0.73,92.39,11979,0.73
Patuakhali,,16705992B49808088196813,BGD,ADM2,hospitals,TIME,6600,1517743,133163,92.38,59,0.04,554280,92.39,245,0.04,1384602,92.42,609,0.04,429380,92.44,188,0.04,145013,92.45,64,0.04,92.43,668,0.04
Patuakhali,,16705992B49808088196813,BGD,ADM2,hospitals,TIME,7200,1518839,133259,92.45,96,0.07,554681,92.46,401,0.07,1385602,92.49,1000,0.07,429690,92.51,310,0.07,145117,92.52,104,0.07,92.49,1096,0.07
Gazipur,,16705992B50862305652789,BGD,ADM2,hospitals,TIME,600,3786235,276761,63.34,276761,63.34,1211886,63.52,1211886,63.52,3606050,63.69,3606050,63.69,1187977,63.57,1187977,63.57,209804,63.15,209804,63.15,63.66,3786235,63.66
Gazipur,,16705992B50862305652789,BGD,ADM2,hospitals,TIME,1200,5480938,402455,92.1,125694,28.76,1757929,92.14,546043,28.62,5217942,92.16,1611892,28.47,1721590,92.13,533613,28.56,305871,92.07,96067,28.92,92.16,1694703,28.49
Gazipur,,16705992B50862305652789,BGD,ADM2,hospitals,TIME,1800,5871213,431351,98.71,28896,6.61,1883494,98.72,125565,6.58,5589211,98.72,371269,6.56,1844627,98.71,123037,6.58,327930,98.71,22059,6.64,98.72,390275,6.56
Gazipur,,16705992B50862305652789,BGD,ADM2,hospitals,TIME,2400,5947464,436972,100.0,5621,1.29,1907921,100.0,24427,1.28,5661760,100.0,72549,1.28,1868702,100.0,24075,1.29,332230,100.0,4300,1.29,100.0,76251,1.28
Gazipur,,16705992B50862305652789,BGD,ADM2,hospitals,TIME,3000,5947464,436972,100.0,0,0.0,1907921,100.0,0,0.0,5661760,100.0,0,0.0,1868702,100.0,0,0.0,332230,100.0,0,0.0,100.0,0,0.0
Gazipur,,16705992B50862305652789,BGD,ADM2,hospitals,TIME,3600,5947464,436972,100.0,0,0.0,1907921,100.0,0,0.0,5661760,100.0,0,0.0,1868702,100.0,0,0.0,332230,100.0,0,0.0,100.0,0,0.0
Gazipur,,16705992B50862305652789,BGD,ADM2,hospitals,TIME,4200,5947464,436972,100.0,0,0.0,1907921,100.0,0,0.0,5661760,100.0,0,0.0,1868702,100.0,0,0.0,332230,100.0,0,0.0,100.0,0,0.0
Gazipur,,16705992B50862305652789,BGD,ADM2,hospitals,TIME,4800,5947464,436972,100.0,0,0.0,1907921,100.0,0,0.0,5661760,100.0,0,0.0,1868702,100.0,0,0.0,332230,100.0,0,0.0,100.0,0,0.0
Gazipur,,16705992B50862305652789,BGD,ADM2,hospitals,TIME,5400,5947464,436972,100.0,0,0.0,1907921,100.0,0,0.0,5661760,100.0,0,0.0,1868702,100.0,0,0.0,332230,100.0,0,0.0,100.0,0,0.0
Gazipur,,16705992B50862305652789,BGD,ADM2,hospitals,TIME,6000,5947464,436972,100.0,0,0.0,1907921,100.0,0,0.0,5661760,100.0,0,0.0,1868702,100.0,0,0.0,332230,100.0,0,0.0,100.0,0,0.0
Gazipur,,16705992B50862305652789,BGD,ADM2,hospitals,TIME,6600,5947464,436972,100.0,0,0.0,1907921,100.0,0,0.0,5661760,100.0,0,0.0,1868702,100.0,0,0.0,332230,100.0,0,0.0,100.0,0,0.0
Gazipur,,16705992B50862305652789,BGD,ADM2,hospitals,TIME,7200,5947464,436972,100.0,0,0.0,1907921,100.0,0,0.0,5661760,100.0,0,0.0,1868702,100.0,0,0.0,332230,100.0,0,0.0,100.0,0,0.0
Rajshahi,,16705992B51815672792645,BGD,ADM2,hospitals,TIME,600,791117,54806,27.32,54806,27.32,254669,27.33,254669,27.33,737369,27.34,737369,27.34,243603,27.34,243603,27.34,59936,27.33,59936,27.33,27.34,791117,27.34
Rajshahi,,16705992B51815672792645,BGD,ADM2,hospitals,TIME,1200,1180407,81767,40.75,26961,13.44,379951,40.78,125282,13.45,1100204,40.79,362835,13.45,363477,40.8,119874,13.46,89437,40.78,29501,13.45,40.79,389290,13.45
Rajshahi,,16705992B51815672792645,BGD,ADM2,hospitals,TIME,1800,1662707,115178,57.41,33411,16.65,535166,57.44,155215,16.66,1549716,57.46,449512,16.67,511984,57.47,148507,16.67,125997,57.45,36560,16.67,57.46,482300,16.67
Rajshahi,,16705992B51815672792645,BGD,ADM2,hospitals,TIME,2400,2006213,138977,69.27,23799,11.86,645698,69.3,110532,11.86,1869861,69.33,320145,11.87,617752,69.34,105768,11.87,152046,69.33,26049,11.88,69.33,343506,11.87
Rajshahi,,16705992B51815672792645,BGD,ADM2,hospitals,TIME,3000,2238045,155056,77.28,16079,8.01,720351,77.31,74653,8.01,2085931,77.34,216070,8.01,689128,77.35,71376,8.01,169621,77.35,17575,8.01,77.34,231832,8.01
Rajshahi,,16705992B51815672792645,BGD,ADM2,hospitals,TIME,3600,2385946,165329,82.4,10273,5.12,768011,82.43,47660,5.12,2223777,82.46,137846,5.11,734658,82.46,45530,5.11,180833,82.46,11212,5.11,82.46,147901,5.11
Rajshahi,,16705992B51815672792645,BGD,ADM2,hospitals,TIME,4200,2631221,182313,90.87,16984,8.47,846928,90.9,78917,8.47,2452379,90.93,228602,8.48,810187,90.94,75529,8.48,199425,90.94,18592,8.48,90.93,245275,8.48
Rajshahi,,16705992B51815672792645,BGD,ADM2,hospitals,TIME,4800,2767402,191750,95.57,9437,4.7,890743,95.6,43815,4.7,2579293,95.64,126914,4.71,852117,95.64,41930,4.71,209757,95.65,10332,4.71,95.64,136181,4.71
Rajshahi,,16705992B51815672792645,BGD,ADM2,hospitals,TIME,5400,2770501,191965,95.68,215,0.11,891740,95.71,997,0.11,2582182,95.74,2889,0.11,853071,95.75,954,0.11,209991,95.76,234,0.11,95.75,3099,0.11
Rajshahi,,16705992B51815672792645,BGD,ADM2,hospitals,TIME,6000,2773282,192157,95.77,192,0.1,892635,95.8,895,0.1,2584774,95.84,2592,0.1,853927,95.85,856,0.1,210202,95.85,211,0.1,95.84,2781,0.1
Rajshahi,,16705992B51815672792645,BGD,ADM2,hospitals,TIME,6600,2777416,192444,95.92,287,0.14,893966,95.94,1331,0.14,2588627,95.98,3853,0.14,855201,95.99,1274,0.14,210515,96.0,313,0.14,95.98,4134,0.14
Rajshahi,,16705992B51815672792645,BGD,ADM2,hospitals,TIME,7200,2781205,192706,96.05,262,0.13,895185,96.08,1219,0.13,2592159,96.11,3532,0.13,856367,96.12,1166,0.13,210802,96.13,287,0.13,96.12,3789,0.13
Mymensingh,,16705992B54511139091050,BGD,ADM2,hospitals,TIME,600,1684731,170748,29.5,170748,29.5,652436,29.5,652436,29.5,1546251,29.49,1546251,29.49,460357,29.49,460357,29.49,151658,29.48,151658,29.48,29.49,1684731,29.49
Mymensingh,,16705992B54511139091050,BGD,ADM2,hospitals,TIME,1200,3214802,325932,56.3,155184,26.81,1245150,56.3,592714,26.8,2950539,56.28,1404288,26.78,878293,56.27,417936,26.77,289411,56.26,137753,26.78,56.28,1530071,26.78
Mymensingh,,16705992B54511139091050,BGD,ADM2,hospitals,TIME,1800,4652870,471592,81.47,145660,25.16,1801666,81.46,556516,25.16,4270375,81.45,1319836,25.17,1271288,81.44,392995,25.18,418893,81.43,129482,25.17,81.45,1438068,25.17
Mymensingh,,16705992B54511139091050,BGD,ADM2,hospitals,TIME,2400,5496651,557095,96.24,85503,14.77,2128379,96.23,326713,14.77,5044720,96.22,774345,14.77,1501865,96.21,230577,14.77,494929,96.22,76036,14.78,96.22,843781,14.77
Mymensingh,,16705992B54511139091050,BGD,ADM2,hospitals,TIME,3000,5568318,564285,97.48,7190,1.24,2155922,97.48,27543,1.25,5110461,97.48,65741,1.25,1521537,97.47,19672,1.26,501415,97.48,6486,1.26,97.48,71667,1.25
Mymensingh,,16705992B54511139091050,BGD,ADM2,hospitals,TIME,3600,5573308,564791,97.57,506,0.09,2157853,97.56,1931,0.09,5115041,97.56,4580,0.09,1522901,97.56,1364,0.09,501864,97.56,449,0.09,97.56,4990,0.09
Mymensingh,,16705992B54511139091050,BGD,ADM2,hospitals,TIME,4200,5691406,576741,99.63,11950,2.06,2203524,99.63,45671,2.06,5223433,99.63,108392,2.07,1555184,99.63,32283,2.07,512494,99.63,10630,2.07,99.63,118098,2.07
Mymensingh,,16705992B54511139091050,BGD,ADM2,hospitals,TIME,4800,5692739,576877,99.65,136,0.02,2204041,99.65,517,0.02,5224657,99.65,1224,0.02,1555549,99.65,365,0.02,512614,99.65,120,0.02,99.65,1333,0.02
Mymensingh,,16705992B54511139091050,BGD,ADM2,hospitals,TIME,5400,5697449,577354,99.74,477,0.08,2205865,99.74,1824,0.08,5228979,99.74,4322,0.08,1556835,99.74,1286,0.08,513038,99.74,424,0.08,99.74,4710,0.08
Mymensingh,,16705992B54511139091050,BGD,ADM2,hospitals,TIME,6000,5703544,577972,99.84,618,0.11,2208227,99.84,2362,0.11,5234573,99.84,5594,0.11,1558501,99.84,1666,0.11,513587,99.84,549,0.11,99.84,6095,0.11
Mymensingh,,16705992B54511139091050,BGD,ADM2,hospitals,TIME,6600,5705373,578158,99.87,186,0.03,2208935,99.87,708,0.03,5236251,99.87,1678,0.03,1559000,99.87,499,0.03,513752,99.87,165,0.03,99.87,1829,0.03
Mymensingh,,16705992B54511139091050,BGD,ADM2,hospitals,TIME,7200,5705772,578198,99.88,40,0.01,2209089,99.88,154,0.01,5236618,99.88,367,0.01,1559109,99.88,109,0.01,513788,99.88,36,0.01,99.88,399,0.01
Sirajganj,,16705992B55394931042500,BGD,ADM2,hospitals,TIME,600,871599,81327,24.98,81327,24.98,319889,24.97,319889,24.97,809408,24.95,809408,24.95,249056,24.93,249056,24.93,69009,24.91,69009,24.91,24.94,871599,24.94
Sirajganj,,16705992B55394931042500,BGD,ADM2,hospitals,TIME,1200,1808623,168695,51.81,87368,26.83,663611,51.79,343722,26.83,1679531,51.76,870123,26.82,516878,51.74,267822,26.81,143240,51.7,74231,26.79,51.76,937024,26.81
Sirajganj,,16705992B55394931042500,BGD,ADM2,hospitals,TIME,1800,2574088,240017,73.71,71322,21.9,944265,73.69,280654,21.9,2390311,73.67,710780,21.91,735716,73.65,218838,21.91,203913,73.6,60673,21.9,73.66,765465,21.91
Sirajganj,,16705992B55394931042500,BGD,ADM2,hospitals,TIME,2400,2906040,270907,83.19,30890,9.49,1065864,83.19,121599,9.49,2698521,83.17,308210,9.5,830660,83.15,94944,9.5,230251,83.11,26338,9.51,83.16,331952,9.5
Sirajganj,,16705992B55394931042500,BGD,ADM2,hospitals,TIME,3000,3055684,284777,87.45,13870,4.26,1120526,87.45,54662,4.27,2837418,87.45,138897,4.28,873524,87.44,42864,4.29,242169,87.41,11918,4.3,87.44,149644,4.28
Sirajganj,,16705992B55394931042500,BGD,ADM2,hospitals,TIME,3600,3172004,295634,90.79,10857,3.33,1163226,90.78,42700,3.33,2945438,90.78,108020,3.33,906759,90.77,33235,3.33,251379,90.74,9210,3.32,90.77,116320,3.33
Sirajganj,,16705992B55394931042500,BGD,ADM2,hospitals,TIME,4200,3181062,296474,91.05,840,0.26,1166537,91.04,3311,0.26,2953844,91.03,8406,0.26,909352,91.03,2593,0.26,252102,91.0,723,0.26,91.03,9058,0.26
Sirajganj,,16705992B55394931042500,BGD,ADM2,hospitals,TIME,4800,3187633,297088,91.24,614,0.19,1168949,91.23,2412,0.19,2959946,91.22,6102,0.19,911230,91.21,1878,0.19,252623,91.19,521,0.19,91.22,6571,0.19
Sirajganj,,16705992B55394931042500,BGD,ADM2,hospitals,TIME,5400,3195649,297836,91.46,748,0.23,1171892,91.46,2943,0.23,2967390,91.45,7444,0.23,913520,91.44,2290,0.23,253257,91.42,634,0.23,91.45,8016,0.23
Sirajganj,,16705992B55394931042500,BGD,ADM2,hospitals,TIME,6000,3204732,298684,91.73,848,0.26,1175227,91.72,3335,0.26,2975825,91.71,8435,0.26,916115,91.7,2595,0.26,253976,91.68,719,0.26,91.71,9083,0.26
Sirajganj,,16705992B55394931042500,BGD,ADM2,hospitals,TIME,6600,3213796,299530,91.99,846,0.26,1178554,91.98,3327,0.26,2984242,91.97,8417,0.26,918705,91.96,2590,0.26,254694,91.93,718,0.26,91.97,9064,0.26
Sirajganj,,16705992B55394931042500,BGD,ADM2,hospitals,TIME,7200,3224186,300500,92.28,970,0.3,1182368,92.28,3814,0.3,2993891,92.27,9649,0.3,921673,92.26,2968,0.3,255516,92.23,822,0.3,92.27,10390,0.3
Tangail,,16705992B55867939933107,BGD,ADM2,hospitals,TIME,600,967847,77832,25.21,77832,25.21,321408,25.21,321408,25.21,882273,25.2,882273,25.2,290228,25.2,290228,25.2,93145,25.23,93145,25.23,25.21,967847,25.21
Tangail,,16705992B55867939933107,BGD,ADM2,hospitals,TIME,1200,2144045,172390,55.83,94558,30.63,711965,55.84,390557,30.63,1954775,55.84,1072502,30.64,643020,55.84,352792,30.64,206041,55.81,112896,30.58,55.84,1176198,30.63
Tangail,,16705992B55867939933107,BGD,ADM2,hospitals,TIME,1800,2845515,228781,74.1,56391,18.26,944886,74.1,232921,18.27,2594277,74.11,639502,18.27,853371,74.11,210351,18.27,273497,74.08,67456,18.27,74.1,701470,18.27
Tangail,,16705992B55867939933107,BGD,ADM2,hospitals,TIME,2400,3186115,256177,82.97,27396,8.87,1058008,82.97,113122,8.87,2904753,82.98,310476,8.87,955492,82.98,102121,8.87,306285,82.96,32788,8.88,82.97,340600,8.87
Tangail,,16705992B55867939933107,BGD,ADM2,hospitals,TIME,3000,3358328,270028,87.46,13851,4.49,1115203,87.46,57195,4.49,3061738,87.46,156985,4.48,1007131,87.46,51639,4.48,322861,87.45,16576,4.49,87.46,172213,4.48
Tangail,,16705992B55867939933107,BGD,ADM2,hospitals,TIME,3600,3372943,271204,87.84,1176,0.38,1120056,87.84,4853,0.38,3075061,87.84,13323,0.38,1011513,87.84,4382,0.38,324267,87.83,1406,0.38,87.84,14615,0.38
Tangail,,16705992B55867939933107,BGD,ADM2,hospitals,TIME,4200,3474241,279349,90.48,8145,2.64,1153693,90.48,33637,2.64,3167400,90.48,92339,2.64,1041891,90.48,30378,2.64,334018,90.47,9751,2.64,90.48,101298,2.64
Tangail,,16705992B55867939933107,BGD,ADM2,hospitals,TIME,4800,3490321,280642,90.9,1293,0.42,1159033,90.9,5340,0.42,3182058,90.9,14658,0.42,1046713,90.9,4822,0.42,335566,90.89,1548,0.42,90.9,16080,0.42
Tangail,,16705992B55867939933107,BGD,ADM2,hospitals,TIME,5400,3499840,281406,91.14,764,0.25,1162189,91.14,3156,0.25,3190730,91.15,8672,0.25,1049565,91.15,2852,0.25,336488,91.14,922,0.25,91.14,9519,0.25
Tangail,,16705992B55867939933107,BGD,ADM2,hospitals,TIME,6000,3533854,284141,92.03,2735,0.89,1173484,92.03,11295,0.89,3221736,92.03,31006,0.89,1059765,92.03,10200,0.89,339762,92.02,3274,0.89,92.03,34014,0.89
Tangail,,16705992B55867939933107,BGD,ADM2,hospitals,TIME,6600,3547895,285270,92.39,1129,0.37,1178147,92.4,4663,0.37,3234535,92.4,12799,0.37,1063976,92.4,4211,0.37,341113,92.39,1351,0.37,92.4,14041,0.37
Tangail,,16705992B55867939933107,BGD,ADM2,hospitals,TIME,7200,3562798,286468,92.78,1198,0.39,1183095,92.78,4948,0.39,3248120,92.79,13585,0.39,1068445,92.79,4469,0.39,342548,92.78,1435,0.39,92.78,14903,0.39
Narail,,16705992B56503274196630,BGD,ADM2,hospitals,TIME,600,153662,13239,19.88,13239,19.88,55208,19.86,55208,19.86,140035,19.86,140035,19.86,43894,19.86,43894,19.86,14828,19.91,14828,19.91,19.86,153662,19.86
Narail,,16705992B56503274196630,BGD,ADM2,hospitals,TIME,1200,468234,40304,60.52,27065,40.64,168207,60.5,112999,40.64,426765,60.51,286730,40.66,133753,60.52,89859,40.66,45131,60.59,30303,40.68,60.52,314572,40.66
Narail,,16705992B56503274196630,BGD,ADM2,hospitals,TIME,1800,617019,53071,79.69,12767,19.17,221649,79.72,53442,19.22,562464,79.75,135699,19.24,176287,79.76,42534,19.24,59381,79.72,14250,19.13,79.75,148785,19.23
Narail,,16705992B56503274196630,BGD,ADM2,hospitals,TIME,2400,730154,62829,94.34,9758,14.65,262331,94.35,40682,14.63,665573,94.37,103109,14.62,208596,94.38,32309,14.62,70292,94.37,10911,14.65,94.37,113135,14.62
Narail,,16705992B56503274196630,BGD,ADM2,hospitals,TIME,3000,756551,65116,97.78,2287,3.43,271877,97.78,9546,3.43,689636,97.78,24063,3.41,216120,97.78,7524,3.4,72832,97.78,2540,3.41,97.78,26397,3.41
Narail,,16705992B56503274196630,BGD,ADM2,hospitals,TIME,3600,762624,65639,98.56,523,0.79,274059,98.57,2182,0.78,695171,98.57,5535,0.78,217854,98.57,1734,0.78,73419,98.56,587,0.79,98.57,6073,0.78
Narail,,16705992B56503274196630,BGD,ADM2,hospitals,TIME,4200,773700,66595,100.0,956,1.44,278039,100.0,3980,1.43,705263,100.0,10092,1.43,221017,100.0,3163,1.43,74489,100.0,1070,1.44,100.0,11076,1.43
Narail,,16705992B56503274196630,BGD,ADM2,hospitals,TIME,4800,773700,66595,100.0,0,0.0,278039,100.0,0,0.0,705263,100.0,0,0.0,221017,100.0,0,0.0,74489,100.0,0,0.0,100.0,0,0.0
Narail,,16705992B56503274196630,BGD,ADM2,hospitals,TIME,5400,773700,66595,100.0,0,0.0,278039,100.0,0,0.0,705263,100.0,0,0.0,221017,100.0,0,0.0,74489,100.0,0,0.0,100.0,0,0.0
Narail,,16705992B56503274196630,BGD,ADM2,hospitals,TIME,6000,773700,66595,100.0,0,0.0,278039,100.0,0,0.0,705263,100.0,0,0.0,221017,100.0,0,0.0,74489,100.0,0,0.0,100.0,0,0.0
Narail,,16705992B56503274196630,BGD,ADM2,hospitals,TIME,6600,773700,66595,100.0,0,0.0,278039,100.0,0,0.0,705263,100.0,0,0.0,221017,100.0,0,0.0,74489,100.0,0,0.0,100.0,0,0.0
Narail,,16705992B56503274196630,BGD,ADM2,hospitals,TIME,7200,773700,66595,100.0,0,0.0,278039,100.0,0,0.0,705263,100.0,0,0.0,221017,100.0,0,0.0,74489,100.0,0,0.0,100.0,0,0.0
Comilla,,16705992B59490572634285,BGD,ADM2,hospitals,TIME,600,2762061,272208,46.2,272208,46.2,1145020,46.21,1145020,46.21,2543433,46.21,2543433,46.21,808782,46.21,808782,46.21,240235,46.2,240235,46.2,46.21,2762061,46.21
Comilla,,16705992B59490572634285,BGD,ADM2,hospitals,TIME,1200,4751482,468285,79.49,196077,33.28,1969690,79.49,824670,33.28,4375298,79.49,1831865,33.28,1391292,79.5,582510,33.28,413353,79.5,173118,33.29,79.49,1989421,33.28
Comilla,,16705992B59490572634285,BGD,ADM2,hospitals,TIME,1800,5507895,542871,92.15,74586,12.66,2283273,92.15,313583,12.66,5071808,92.15,696510,12.65,1612743,92.15,221451,12.65,479173,92.16,65820,12.66,92.15,756413,12.66
Comilla,,16705992B59490572634285,BGD,ADM2,hospitals,TIME,2400,5910516,582577,98.88,39706,6.74,2450213,98.89,166940,6.74,5442564,98.89,370756,6.74,1730616,98.89,117873,6.74,514187,98.89,35014,6.73,98.89,402621,6.74
Comilla,,16705992B59490572634285,BGD,ADM2,hospitals,TIME,3000,5930237,584541,99.22,1964,0.33,2458414,99.22,8201,0.33,5460729,99.22,18165,0.33,1736374,99.22,5758,0.33,515898,99.22,1711,0.33,99.22,19721,0.33
Comilla,,16705992B59490572634285,BGD,ADM2,hospitals,TIME,3600,5934001,584912,99.28,371,0.06,2459975,99.28,1561,0.06,5464194,99.28,3465,0.06,1737476,99.28,1102,0.06,516226,99.28,328,0.06,99.28,3764,0.06
Comilla,,16705992B59490572634285,BGD,ADM2,hospitals,TIME,4200,5936086,585114,99.32,202,0.03,2460827,99.32,852,0.03,5466114,99.31,1920,0.03,1738087,99.31,611,0.03,516408,99.32,182,0.04,99.31,2085,0.03
Comilla,,16705992B59490572634285,BGD,ADM2,hospitals,TIME,4800,5974234,588863,99.95,3749,0.64,2476595,99.95,15768,0.64,5501268,99.95,35154,0.64,1749264,99.95,11177,0.64,519701,99.95,3293,0.63,99.95,38148,0.64
Comilla,,16705992B59490572634285,BGD,ADM2,hospitals,TIME,5400,5977127,589148,100.0,285,0.05,2477794,100.0,1199,0.05,5503931,100.0,2663,0.05,1750111,100.0,847,0.05,519952,100.0,251,0.05,100.0,2893,0.05
Comilla,,16705992B59490572634285,BGD,ADM2,hospitals,TIME,6000,5977127,589148,100.0,0,0.0,2477794,100.0,0,0.0,5503931,100.0,0,0.0,1750111,100.0,0,0.0,519952,100.0,0,0.0,100.0,0,0.0
Comilla,,16705992B59490572634285,BGD,ADM2,hospitals,TIME,6600,5977127,589148,100.0,0,0.0,2477794,100.0,0,0.0,5503931,100.0,0,0.0,1750111,100.0,0,0.0,519952,100.0,0,0.0,100.0,0,0.0
Comilla,,16705992B59490572634285,BGD,ADM2,hospitals,TIME,7200,5977127,589148,100.0,0,0.0,2477794,100.0,0,0.0,5503931,100.0,0,0.0,1750111,100.0,0,0.0,519952,100.0,0,0.0,100.0,0,0.0
Satkhira,,16705992B60176987344662,BGD,ADM2,hospitals,TIME,600,557050,39560,27.77,39560,27.77,182539,27.77,182539,27.77,510994,27.77,510994,27.77,169683,27.77,169683,27.77,50413,27.77,50413,27.77,27.77,557050,27.77
Satkhira,,16705992B60176987344662,BGD,ADM2,hospitals,TIME,1200,1148002,81532,57.24,41972,29.46,376186,57.23,193647,29.46,1053096,57.23,542102,29.46,349689,57.23,180006,29.46,103886,57.23,53473,29.46,57.23,590952,29.46
Satkhira,,16705992B60176987344662,BGD,ADM2,hospitals,TIME,1800,1561452,110893,77.85,29361,20.61,511669,77.85,135483,20.61,1432363,77.85,379267,20.61,475631,77.85,125942,20.61,141304,77.85,37418,20.61,77.85,413450,20.61
Satkhira,,16705992B60176987344662,BGD,ADM2,hospitals,TIME,2400,1693476,120270,84.43,9377,6.58,554932,84.43,43263,6.58,1553472,84.43,121109,6.58,515847,84.43,40216,6.58,153252,84.43,11948,6.58,84.43,132024,6.58
Satkhira,,16705992B60176987344662,BGD,ADM2,hospitals,TIME,3000,1849551,131353,92.21,11083,7.78,606072,92.21,51140,7.78,1696645,92.21,143173,7.78,563386,92.21,47539,7.78,167374,92.21,14122,7.78,92.21,156075,7.78
Satkhira,,16705992B60176987344662,BGD,ADM2,hospitals,TIME,3600,1874847,133149,93.47,1796,1.26,614361,93.47,8289,1.26,1719850,93.47,23205,1.26,571091,93.47,7705,1.26,169663,93.47,2289,1.26,93.47,25296,1.26
Satkhira,,16705992B60176987344662,BGD,ADM2,hospitals,TIME,4200,1933335,137303,96.39,4154,2.92,633526,96.39,19165,2.92,1773502,96.39,53652,2.92,588906,96.39,17815,2.92,174956,96.39,5293,2.92,96.39,58488,2.92
Satkhira,,16705992B60176987344662,BGD,ADM2,hospitals,TIME,4800,1989827,141315,99.2,4012,2.82,652038,99.2,18512,2.82,1825323,99.2,51821,2.82,606115,99.2,17209,2.82,180068,99.2,5112,2.82,99.2,56492,2.82
Satkhira,,16705992B60176987344662,BGD,ADM2,hospitals,TIME,5400,1994834,141670,99.45,355,0.25,653679,99.45,1641,0.25,1829917,99.45,4594,0.25,607640,99.45,1525,0.25,180522,99.45,454,0.25,99.45,5007,0.25
Satkhira,,16705992B60176987344662,BGD,ADM2,hospitals,TIME,6000,1997072,141829,99.56,159,0.11,654412,99.57,733,0.11,1831969,99.56,2052,0.11,608321,99.56,681,0.11,180724,99.56,202,0.11,99.57,2238,0.11
Satkhira,,16705992B60176987344662,BGD,ADM2,hospitals,TIME,6600,1998379,141922,99.63,93,0.07,654841,99.63,429,0.07,1833169,99.63,1200,0.07,608720,99.63,399,0.07,180842,99.63,118,0.07,99.63,1307,0.07
Satkhira,,16705992B60176987344662,BGD,ADM2,hospitals,TIME,7200,1998483,141929,99.63,7,0.0,654875,99.64,34,0.01,1833264,99.64,95,0.01,608751,99.64,31,0.01,180852,99.64,10,0.01,99.64,104,0.01
Sunamganj,,16705992B61059366245275,BGD,ADM2,hospitals,TIME,600,579463,72211,20.17,72211,20.17,253462,20.17,253462,20.17,537382,20.17,537382,20.17,149926,20.17,149926,20.17,46613,20.18,46613,20.18,20.17,579463,20.17
Sunamganj,,16705992B61059366245275,BGD,ADM2,hospitals,TIME,1200,1500157,187033,52.24,114822,32.07,656337,52.23,402875,32.06,1391255,52.23,853873,32.05,388079,52.22,238153,32.04,120637,52.23,74024,32.05,52.23,920694,32.05
Sunamganj,,16705992B61059366245275,BGD,ADM2,hospitals,TIME,1800,2107322,262688,73.38,75655,21.13,921919,73.37,265582,21.14,1954336,73.36,563081,21.14,545168,73.35,157089,21.14,169470,73.38,48833,21.14,73.36,607165,21.14
Sunamganj,,16705992B61059366245275,BGD,ADM2,hospitals,TIME,2400,2436017,303677,84.83,40989,11.45,1065765,84.81,143846,11.45,2259190,84.81,304854,11.44,630214,84.8,85046,11.44,195883,84.81,26413,11.44,84.81,328695,11.44
Sunamganj,,16705992B61059366245275,BGD,ADM2,hospitals,TIME,3000,2655263,330957,92.45,27280,7.62,1161612,92.44,95847,7.63,2462512,92.44,203322,7.63,686974,92.43,56760,7.64,213522,92.45,17639,7.64,92.44,219246,7.63
Sunamganj,,16705992B61059366245275,BGD,ADM2,hospitals,TIME,3600,2764781,344566,96.25,13609,3.8,1209501,96.25,47889,3.81,2564099,96.25,101587,3.81,715369,96.26,28395,3.82,222309,96.25,8787,3.8,96.25,109518,3.81
Sunamganj,,16705992B61059366245275,BGD,ADM2,hospitals,TIME,4200,2835045,353338,98.7,8772,2.45,1240259,98.7,30758,2.45,2629265,98.7,65166,2.45,733538,98.7,18169,2.44,227957,98.7,5648,2.45,98.7,70264,2.45
Sunamganj,,16705992B61059366245275,BGD,ADM2,hospitals,TIME,4800,2856908,356064,99.46,2726,0.76,1249824,99.46,9565,0.76,2649541,99.46,20276,0.76,739195,99.46,5657,0.76,229716,99.46,1759,0.76,99.46,21863,0.76
Sunamganj,,16705992B61059366245275,BGD,ADM2,hospitals,TIME,5400,2860861,356557,99.6,493,0.14,1251553,99.6,1729,0.14,2653206,99.6,3665,0.14,740218,99.6,1023,0.14,230034,99.6,318,0.14,99.6,3953,0.14
Sunamganj,,16705992B61059366245275,BGD,ADM2,hospitals,TIME,6000,2861644,356655,99.63,98,0.03,1251896,99.63,343,0.03,2653932,99.63,726,0.03,740421,99.63,203,0.03,230097,99.63,63,0.03,99.63,783,0.03
Sunamganj,,16705992B61059366245275,BGD,ADM2,hospitals,TIME,6600,2862370,356742,99.65,87,0.02,1252207,99.65,311,0.02,2654603,99.65,671,0.03,740609,99.65,188,0.03,230158,99.65,61,0.03,99.65,726,0.03
Sunamganj,,16705992B61059366245275,BGD,ADM2,hospitals,TIME,7200,2864099,356958,99.71,216,0.06,1252964,99.71,757,0.06,2656207,99.71,1604,0.06,741056,99.71,447,0.06,230297,99.71,139,0.06,99.71,1729,0.06
Maulvibazar,,16705992B62450131352427,BGD,ADM2,hospitals,TIME,600,538346,52317,24.29,52317,24.29,218619,24.3,218619,24.3,500901,24.31,500901,24.31,155917,24.32,155917,24.32,41655,24.32,41655,24.32,24.31,538346,24.31
Maulvibazar,,16705992B62450131352427,BGD,ADM2,hospitals,TIME,1200,1025846,99963,46.41,47646,22.12,416939,46.35,198320,22.04,954479,46.33,453578,22.02,296866,46.31,140949,21.99,79392,46.36,37737,22.04,46.33,487500,22.02
Maulvibazar,,16705992B62450131352427,BGD,ADM2,hospitals,TIME,1800,1517936,147869,68.65,47906,22.24,616912,68.57,199973,22.23,1412354,68.55,457875,22.22,439303,68.53,142437,22.22,117456,68.59,38064,22.23,68.55,492090,22.22
Maulvibazar,,16705992B62450131352427,BGD,ADM2,hospitals,TIME,2400,1739376,169343,78.62,21474,9.97,706812,78.57,89900,9.99,1618413,78.55,206059,10.0,503467,78.54,64164,10.01,134569,78.58,17113,9.99,78.56,221440,10.0
Maulvibazar,,16705992B62450131352427,BGD,ADM2,hospitals,TIME,3000,1863126,181363,84.2,12020,5.58,757107,84.16,50295,5.59,1733585,84.14,115172,5.59,539300,84.13,35833,5.59,144115,84.15,9546,5.57,84.14,123750,5.59
Maulvibazar,,16705992B62450131352427,BGD,ADM2,hospitals,TIME,3600,1941270,188951,87.72,7588,3.52,788862,87.69,31755,3.53,1806311,87.67,72726,3.53,561929,87.66,22629,3.53,150144,87.67,6029,3.52,87.67,78144,3.53
Maulvibazar,,16705992B62450131352427,BGD,ADM2,hospitals,TIME,4200,1947163,189522,87.98,571,0.27,791254,87.95,2392,0.27,1811795,87.94,5484,0.27,563637,87.93,1708,0.27,150600,87.94,456,0.27,87.94,5893,0.27
Maulvibazar,,16705992B62450131352427,BGD,ADM2,hospitals,TIME,4800,1967583,191501,88.9,1979,0.92,799540,88.88,8286,0.92,1830795,88.86,19000,0.92,569555,88.85,5918,0.92,152179,88.86,1579,0.92,88.86,20420,0.92
Maulvibazar,,16705992B62450131352427,BGD,ADM2,hospitals,TIME,5400,1977217,192435,89.34,934,0.43,803449,89.31,3909,0.43,1839759,89.3,8964,0.44,572348,89.28,2793,0.44,152924,89.3,745,0.44,89.3,9634,0.44
Maulvibazar,,16705992B62450131352427,BGD,ADM2,hospitals,TIME,6000,1982160,192914,89.56,479,0.22,805455,89.53,2006,0.22,1844359,89.52,4600,0.22,573781,89.51,1433,0.22,153307,89.52,383,0.22,89.52,4943,0.22
Maulvibazar,,16705992B62450131352427,BGD,ADM2,hospitals,TIME,6600,1987230,193405,89.79,491,0.23,807513,89.76,2058,0.23,1849076,89.75,4717,0.23,575250,89.74,1469,0.23,153699,89.75,392,0.23,89.75,5070,0.23
Maulvibazar,,16705992B62450131352427,BGD,ADM2,hospitals,TIME,7200,1991545,193823,89.98,418,0.19,809264,89.96,1751,0.19,1853091,89.94,4015,0.19,576501,89.93,1251,0.2,154032,89.94,333,0.19,89.94,4315,0.19
Jamalpur,,16705992B65705561019803,BGD,ADM2,hospitals,TIME,600,763738,71106,31.55,71106,31.55,274852,31.55,274852,31.55,703360,31.55,703360,31.55,217686,31.55,217686,31.55,66352,31.58,66352,31.58,31.55,763738,31.55
Jamalpur,,16705992B65705561019803,BGD,ADM2,hospitals,TIME,1200,1622123,151009,67.01,79903,35.46,583739,67.0,308887,35.45,1493889,67.01,790529,35.46,462383,67.01,244697,35.46,140923,67.07,74571,35.49,67.01,858385,35.46
Jamalpur,,16705992B65705561019803,BGD,ADM2,hospitals,TIME,1800,1976484,183994,81.65,32985,14.64,711249,81.64,127510,14.64,1820237,81.64,326348,14.64,563388,81.65,101005,14.64,171708,81.72,30785,14.65,81.65,354361,14.64
Jamalpur,,16705992B65705561019803,BGD,ADM2,hospitals,TIME,2400,2166359,201673,89.49,17679,7.85,779591,89.48,68342,7.84,1995097,89.49,174860,7.84,617496,89.49,54108,7.84,188209,89.57,16501,7.85,89.49,189875,7.84
Jamalpur,,16705992B65705561019803,BGD,ADM2,hospitals,TIME,3000,2204629,205238,91.08,3565,1.58,793367,91.06,13776,1.58,2030340,91.07,35243,1.58,628402,91.07,10906,1.58,191534,91.16,3325,1.58,91.08,38270,1.58
Jamalpur,,16705992B65705561019803,BGD,ADM2,hospitals,TIME,3600,2260925,210476,93.4,5238,2.32,813621,93.39,20254,2.32,2082187,93.39,51847,2.33,644449,93.4,16047,2.33,196424,93.48,4890,2.33,93.4,56296,2.33
Jamalpur,,16705992B65705561019803,BGD,ADM2,hospitals,TIME,4200,2267891,211125,93.69,649,0.29,816125,93.68,2504,0.29,2088603,93.68,6416,0.29,646437,93.68,1988,0.29,197028,93.77,604,0.29,93.69,6966,0.29
Jamalpur,,16705992B65705561019803,BGD,ADM2,hospitals,TIME,4800,2290659,213245,94.63,2120,0.94,824317,94.62,8192,0.94,2109579,94.62,20976,0.94,652931,94.62,6494,0.94,198998,94.71,1970,0.94,94.63,22768,0.94
Jamalpur,,16705992B65705561019803,BGD,ADM2,hospitals,TIME,5400,2302749,214370,95.13,1125,0.5,828663,95.12,4346,0.5,2120716,95.12,11137,0.5,656381,95.12,3450,0.5,200046,95.21,1048,0.5,95.13,12090,0.5
Jamalpur,,16705992B65705561019803,BGD,ADM2,hospitals,TIME,6000,2327932,216717,96.17,2347,1.04,837802,96.16,9139,1.05,2143994,96.17,23278,1.04,663568,96.17,7187,1.04,202149,96.21,2103,1.0,96.17,25183,1.04
Jamalpur,,16705992B65705561019803,BGD,ADM2,hospitals,TIME,6600,2334331,217313,96.43,596,0.26,840121,96.43,2319,0.27,2149905,96.43,5911,0.27,665394,96.43,1826,0.26,202686,96.46,537,0.26,96.43,6399,0.26
Jamalpur,,16705992B65705561019803,BGD,ADM2,hospitals,TIME,7200,2337860,217641,96.58,328,0.15,841391,96.58,1270,0.15,2153155,96.58,3250,0.15,666400,96.58,1006,0.15,202993,96.61,307,0.15,96.58,3529,0.15
Dinajpur,,16705992B66423446659680,BGD,ADM2,hospitals,TIME,600,1549623,127896,47.67,127896,47.67,528180,47.67,528180,47.67,1435926,47.68,1435926,47.68,452889,47.69,452889,47.69,125819,47.69,125819,47.69,47.68,1549623,47.68
Dinajpur,,16705992B66423446659680,BGD,ADM2,hospitals,TIME,1200,2866126,236622,88.19,108726,40.52,977079,88.19,448899,40.52,2655861,88.19,1219935,40.51,837611,88.19,384722,40.51,232686,88.19,106867,40.51,88.19,1316503,40.51
Dinajpur,,16705992B66423446659680,BGD,ADM2,hospitals,TIME,1800,3208813,264919,98.74,28297,10.55,1093945,98.74,116866,10.55,2973410,98.74,317549,10.54,937751,98.74,100140,10.54,260504,98.74,27818,10.54,98.74,342687,10.54
Dinajpur,,16705992B66423446659680,BGD,ADM2,hospitals,TIME,2400,3236745,267229,99.6,2310,0.86,1103471,99.6,9526,0.86,2999291,99.6,25881,0.86,945913,99.6,8162,0.86,262773,99.6,2269,0.86,99.6,27932,0.86
Dinajpur,,16705992B66423446659680,BGD,ADM2,hospitals,TIME,3000,3241146,267592,99.73,363,0.14,1104971,99.73,1500,0.14,3003370,99.73,4079,0.14,947200,99.73,1287,0.14,263131,99.73,358,0.14,99.73,4401,0.14
Dinajpur,,16705992B66423446659680,BGD,ADM2,hospitals,TIME,3600,3245586,267958,99.87,366,0.14,1106485,99.87,1514,0.14,3007484,99.87,4114,0.14,948497,99.87,1297,0.14,263491,99.87,360,0.14,99.87,4440,0.14
Dinajpur,,16705992B66423446659680,BGD,ADM2,hospitals,TIME,4200,3247266,268097,99.92,139,0.05,1107057,99.92,572,0.05,3009041,99.92,1557,0.05,948988,99.92,491,0.05,263627,99.92,136,0.05,99.92,1680,0.05
Dinajpur,,16705992B66423446659680,BGD,ADM2,hospitals,TIME,4800,3249003,268241,99.98,144,0.05,1107649,99.98,592,0.05,3010650,99.98,1609,0.05,949496,99.98,508,0.05,263768,99.98,141,0.05,99.98,1737,0.05
Dinajpur,,16705992B66423446659680,BGD,ADM2,hospitals,TIME,5400,3249605,268290,99.99,49,0.02,1107855,99.99,206,0.02,3011208,99.99,558,0.02,949672,99.99,176,0.02,263817,99.99,49,0.02,99.99,602,0.02
Dinajpur,,16705992B66423446659680,BGD,ADM2,hospitals,TIME,6000,3249802,268306,100.0,16,0.01,1107922,100.0,67,0.01,3011391,100.0,183,0.01,949729,100.0,57,0.01,263833,100.0,16,0.01,100.0,197,0.01
Dinajpur,,16705992B66423446659680,BGD,ADM2,hospitals,TIME,6600,3249802,268306,100.0,0,0.0,1107922,100.0,0,0.0,3011391,100.0,0,0.0,949729,100.0,0,0.0,263833,100.0,0,0.0,100.0,0,0.0
Dinajpur,,16705992B66423446659680,BGD,ADM2,hospitals,TIME,7200,3249802,268306,100.0,0,0.0,1107922,100.0,0,0.0,3011391,100.0,0,0.0,949729,100.0,0,0.0,263833,100.0,0,0.0,100.0,0,0.0
Panchagarh,,16705992B66536058617583,BGD,ADM2,hospitals,TIME,600,530824,49199,48.29,49199,48.29,197374,48.29,197374,48.29,497945,48.3,497945,48.3,153499,48.3,153499,48.3,37031,48.29,37031,48.29,48.3,530824,48.3
Panchagarh,,16705992B66536058617583,BGD,ADM2,hospitals,TIME,1200,920023,85270,83.7,36071,35.41,342088,83.7,144714,35.41,863031,83.7,365086,35.41,266039,83.7,112540,35.41,64189,83.71,27158,35.42,83.7,389199,35.41
Panchagarh,,16705992B66536058617583,BGD,ADM2,hospitals,TIME,1800,1008796,93499,91.78,8229,8.08,375098,91.78,33010,8.08,946306,91.78,83275,8.08,291709,91.78,25670,8.08,70381,91.78,6192,8.08,91.78,88773,8.08
Panchagarh,,16705992B66536058617583,BGD,ADM2,hospitals,TIME,2400,1075147,99649,97.82,6150,6.04,399771,97.82,24673,6.04,1008548,97.82,62242,6.04,310896,97.82,19187,6.04,75009,97.82,4628,6.04,97.82,66351,6.04
Panchagarh,,16705992B66536058617583,BGD,ADM2,hospitals,TIME,3000,1097243,101697,99.83,2048,2.01,407987,99.83,8216,2.01,1029276,99.83,20728,2.01,317286,99.83,6390,2.01,76550,99.83,1541,2.01,99.83,22096,2.01
Panchagarh,,16705992B66536058617583,BGD,ADM2,hospitals,TIME,3600,1097684,101738,99.87,41,0.04,408151,99.87,164,0.04,1029690,99.87,414,0.04,317413,99.87,127,0.04,76580,99.87,30,0.04,99.87,441,0.04
Panchagarh,,16705992B66536058617583,BGD,ADM2,hospitals,TIME,4200,1097998,101767,99.9,29,0.03,408268,99.9,117,0.03,1029985,99.9,295,0.03,317504,99.9,91,0.03,76602,99.9,22,0.03,99.9,314,0.03
Panchagarh,,16705992B66536058617583,BGD,ADM2,hospitals,TIME,4800,1098619,101825,99.95,58,0.06,408499,99.95,231,0.06,1030567,99.95,582,0.06,317684,99.95,180,0.06,76646,99.95,44,0.06,99.95,621,0.06
Panchagarh,,16705992B66536058617583,BGD,ADM2,hospitals,TIME,5400,1098619,101825,99.95,0,0.0,408499,99.95,0,0.0,1030567,99.95,0,0.0,317684,99.95,0,0.0,76646,99.95,0,0.0,99.95,0,0.0
Panchagarh,,16705992B66536058617583,BGD,ADM2,hospitals,TIME,6000,1098623,101825,99.95,0,0.0,408500,99.95,1,0.0,1030570,99.95,3,0.0,317685,99.95,1,0.0,76646,99.95,0,0.0,99.95,4,0.0
Panchagarh,,16705992B66536058617583,BGD,ADM2,hospitals,TIME,6600,1098623,101825,99.95,0,0.0,408501,99.95,1,0.0,1030571,99.95,1,0.0,317685,99.95,0,0.0,76646,99.95,0,0.0,99.95,0,0.0
Panchagarh,,16705992B66536058617583,BGD,ADM2,hospitals,TIME,7200,1098623,101825,99.95,0,0.0,408501,99.95,0,0.0,1030571,99.95,0,0.0,317685,99.95,0,0.0,76646,99.95,0,0.0,99.95,0,0.0
Barisal,,16705992B66943755852345,BGD,ADM2,hospitals,TIME,600,638258,52948,28.79,52948,28.79,240197,28.8,240197,28.8,581090,28.8,581090,28.8,181767,28.8,181767,28.8,62160,28.8,62160,28.8,28.8,638258,28.8
Barisal,,16705992B66943755852345,BGD,ADM2,hospitals,TIME,1200,865828,71824,39.06,18876,10.26,325831,39.07,85634,10.27,788269,39.06,207179,10.27,246578,39.06,64811,10.27,84331,39.07,22171,10.27,39.06,227570,10.27
Barisal,,16705992B66943755852345,BGD,ADM2,hospitals,TIME,1800,966960,80232,43.63,8408,4.57,363918,43.63,38087,4.57,880355,43.63,92086,4.56,275363,43.62,28785,4.56,94168,43.62,9837,4.56,43.63,101132,4.56
Barisal,,16705992B66943755852345,BGD,ADM2,hospitals,TIME,2400,1164322,96613,52.54,16381,8.91,438205,52.54,74287,8.91,1060049,52.53,179694,8.9,331563,52.53,56200,8.9,113380,52.52,19212,8.9,52.53,197362,8.9
Barisal,,16705992B66943755852345,BGD,ADM2,hospitals,TIME,3000,1284302,106546,57.94,9933,5.4,483311,57.95,45106,5.41,1169245,57.94,109196,5.41,365745,57.94,34182,5.42,125103,57.95,11723,5.43,57.94,119980,5.41
Barisal,,16705992B66943755852345,BGD,ADM2,hospitals,TIME,3600,1422609,118016,64.18,11470,6.24,535229,64.18,51918,6.23,1295159,64.18,125914,6.24,405153,64.19,39408,6.24,138579,64.2,13476,6.24,64.18,138307,6.24
Barisal,,16705992B66943755852345,BGD,ADM2,hospitals,TIME,4200,1430673,118685,64.54,669,0.36,538264,64.54,3035,0.36,1302501,64.55,7342,0.36,407449,64.55,2296,0.36,139364,64.56,785,0.36,64.55,8064,0.36
Barisal,,16705992B66943755852345,BGD,ADM2,hospitals,TIME,4800,1441487,119583,65.03,898,0.49,542334,65.03,4070,0.49,1312346,65.03,9845,0.49,410529,65.04,3080,0.49,140416,65.05,1052,0.49,65.04,10814,0.49
Barisal,,16705992B66943755852345,BGD,ADM2,hospitals,TIME,5400,1552083,128757,70.02,9174,4.99,583938,70.02,41604,4.99,1413035,70.02,100689,4.99,442024,70.03,31495,4.99,151190,70.04,10774,4.99,70.03,110596,4.99
Barisal,,16705992B66943755852345,BGD,ADM2,hospitals,TIME,6000,1555678,129055,70.18,298,0.16,585291,70.18,1353,0.16,1416308,70.19,3273,0.16,443048,70.19,1024,0.16,151539,70.2,349,0.16,70.19,3595,0.16
Barisal,,16705992B66943755852345,BGD,ADM2,hospitals,TIME,6600,1565036,129831,70.6,776,0.42,588813,70.6,3522,0.42,1424828,70.61,8520,0.42,445713,70.61,2665,0.42,152451,70.62,912,0.42,70.61,9358,0.42
Barisal,,16705992B66943755852345,BGD,ADM2,hospitals,TIME,7200,1572433,130445,70.94,614,0.33,591597,70.93,2784,0.33,1431563,70.94,6735,0.33,447820,70.95,2107,0.33,153171,70.96,720,0.33,70.94,7397,0.33
Faridpur,,16705992B67131385183639,BGD,ADM2,hospitals,TIME,600,308533,27056,15.48,27056,15.48,114563,15.48,114563,15.48,283319,15.47,283319,15.47,88204,15.47,88204,15.47,27627,15.46,27627,15.46,15.47,308533,15.47
Faridpur,,16705992B67131385183639,BGD,ADM2,hospitals,TIME,1200,674480,59130,33.83,32074,18.35,250359,33.82,135796,18.35,619335,33.83,336016,18.35,192833,33.83,104629,18.36,60421,33.81,32794,18.35,33.83,365947,18.35
Faridpur,,16705992B67131385183639,BGD,ADM2,hospitals,TIME,1800,1100445,96489,55.2,37359,21.37,408532,55.19,158173,21.37,1010443,55.19,391108,21.36,314573,55.19,121740,21.36,98611,55.18,38190,21.37,55.19,425965,21.36
Faridpur,,16705992B67131385183639,BGD,ADM2,hospitals,TIME,2400,1380581,121066,69.26,24577,14.06,512687,69.26,104155,14.07,1267651,69.24,257208,14.05,394601,69.23,80028,14.04,123729,69.23,25118,14.05,69.24,280136,14.05
Faridpur,,16705992B67131385183639,BGD,ADM2,hospitals,TIME,3000,1736122,152244,87.1,31178,17.84,644695,87.1,132008,17.83,1594128,87.07,326477,17.83,496239,87.06,101638,17.83,155575,87.05,31846,17.82,87.07,355541,17.83
Faridpur,,16705992B67131385183639,BGD,ADM2,hospitals,TIME,3600,1751345,153578,87.86,1334,0.76,650344,87.86,5649,0.76,1608107,87.83,13979,0.76,500591,87.82,4352,0.76,156938,87.81,1363,0.76,87.83,15223,0.76
Faridpur,,16705992B67131385183639,BGD,ADM2,hospitals,TIME,4200,1878445,164699,94.22,11121,6.36,697442,94.22,47098,6.36,1724813,94.21,116706,6.37,536941,94.2,36350,6.38,168326,94.19,11388,6.37,94.21,127100,6.37
Faridpur,,16705992B67131385183639,BGD,ADM2,hospitals,TIME,4800,1891461,165840,94.87,1141,0.65,702274,94.88,4832,0.65,1736765,94.86,11952,0.65,540662,94.85,3721,0.65,169492,94.84,1166,0.65,94.86,13016,0.65
Faridpur,,16705992B67131385183639,BGD,ADM2,hospitals,TIME,5400,1901986,166754,95.4,914,0.52,706135,95.4,3861,0.52,1746419,95.39,9654,0.53,543679,95.38,3017,0.53,170445,95.37,953,0.53,95.39,10525,0.53
Faridpur,,16705992B67131385183639,BGD,ADM2,hospitals,TIME,6000,1903313,166870,95.46,116,0.07,706627,95.47,492,0.07,1747638,95.45,1219,0.07,544058,95.45,379,0.07,170564,95.44,119,0.07,95.45,1327,0.07
Faridpur,,16705992B67131385183639,BGD,ADM2,hospitals,TIME,6600,1908980,167367,95.75,497,0.28,708731,95.75,2104,0.28,1752841,95.74,5203,0.28,545678,95.73,1620,0.28,171071,95.72,507,0.28,95.74,5667,0.28
Faridpur,,16705992B67131385183639,BGD,ADM2,hospitals,TIME,7200,1918600,168211,96.23,844,0.48,712303,96.23,3572,0.48,1761675,96.22,8834,0.48,548429,96.22,2751,0.48,171933,96.2,862,0.48,96.22,9620,0.48
Chandpur,,16705992B70711841490613,BGD,ADM2,hospitals,TIME,600,733059,67587,29.69,67587,29.69,292635,29.69,292635,29.69,668177,29.69,668177,29.69,217115,29.7,217115,29.7,70616,29.7,70616,29.7,29.69,733059,29.69
Chandpur,,16705992B70711841490613,BGD,ADM2,hospitals,TIME,1200,1625235,149870,65.83,82283,36.14,648853,65.83,356218,36.14,1481427,65.83,813250,36.14,481344,65.84,264229,36.14,156521,65.84,85905,36.13,65.83,892176,36.14
Chandpur,,16705992B70711841490613,BGD,ADM2,hospitals,TIME,1800,2116377,195172,85.73,45302,19.9,844956,85.73,196103,19.9,1929128,85.73,447701,19.9,626797,85.73,145453,19.89,203804,85.73,47283,19.89,85.73,491142,19.9
Chandpur,,16705992B70711841490613,BGD,ADM2,hospitals,TIME,2400,2279791,210242,92.35,15070,6.62,910198,92.35,65242,6.62,2078082,92.35,148954,6.62,675195,92.35,48398,6.62,219543,92.35,15739,6.62,92.35,163414,6.62
Chandpur,,16705992B70711841490613,BGD,ADM2,hospitals,TIME,3000,2416126,222811,97.87,12569,5.52,964620,97.87,54422,5.52,2202349,97.87,124267,5.52,715575,97.87,40380,5.52,232678,97.87,13135,5.52,97.87,136335,5.52
Chandpur,,16705992B70711841490613,BGD,ADM2,hospitals,TIME,3600,2419129,223088,97.99,277,0.12,965819,97.99,1199,0.12,2205086,97.99,2737,0.12,716465,97.99,890,0.12,232967,97.99,289,0.12,97.99,3003,0.12
Chandpur,,16705992B70711841490613,BGD,ADM2,hospitals,TIME,4200,2424617,223593,98.22,505,0.22,968009,98.22,2190,0.22,2210087,98.22,5001,0.22,718090,98.22,1625,0.22,233496,98.22,529,0.22,98.22,5488,0.22
Chandpur,,16705992B70711841490613,BGD,ADM2,hospitals,TIME,4800,2432833,224351,98.55,758,0.33,971289,98.55,3280,0.33,2217576,98.55,7489,0.33,720523,98.55,2433,0.33,234287,98.55,791,0.33,98.55,8216,0.33
Chandpur,,16705992B70711841490613,BGD,ADM2,hospitals,TIME,5400,2435680,224613,98.66,262,0.12,972425,98.66,1136,0.12,2220171,98.66,2595,0.12,721366,98.66,843,0.12,234562,98.66,275,0.12,98.66,2847,0.12
Chandpur,,16705992B70711841490613,BGD,ADM2,hospitals,TIME,6000,2439349,224952,98.81,339,0.15,973890,98.81,1465,0.15,2223516,98.81,3345,0.15,722453,98.81,1087,0.15,234915,98.81,353,0.15,98.81,3669,0.15
Chandpur,,16705992B70711841490613,BGD,ADM2,hospitals,TIME,6600,2441371,225138,98.89,186,0.08,974697,98.89,807,0.08,2225358,98.89,1842,0.08,723052,98.9,599,0.08,235110,98.89,195,0.08,98.89,2022,0.08
Chandpur,,16705992B70711841490613,BGD,ADM2,hospitals,TIME,7200,2441523,225152,98.9,14,0.01,974758,98.9,61,0.01,2225498,98.9,140,0.01,723097,98.9,45,0.01,235125,98.9,15,0.01,98.9,152,0.01
Nilphamari,,16705992B74406959438199,BGD,ADM2,hospitals,TIME,600,906843,86488,45.94,86488,45.94,344288,45.95,344288,45.95,848252,45.97,848252,45.97,257828,45.98,257828,45.98,65685,45.99,65685,45.99,45.97,906843,45.97
Nilphamari,,16705992B74406959438199,BGD,ADM2,hospitals,TIME,1200,1546118,147451,78.33,60963,32.38,586972,78.34,242684,32.39,1446212,78.37,597960,32.4,439582,78.39,181754,32.41,112000,78.42,46315,32.43,78.38,639275,32.41
Nilphamari,,16705992B74406959438199,BGD,ADM2,hospitals,TIME,1800,1826766,174293,92.59,26842,14.26,693746,92.59,106774,14.25,1708780,92.6,262568,14.23,519329,92.61,79747,14.22,132275,92.62,20275,14.2,92.6,280648,14.23
Nilphamari,,16705992B74406959438199,BGD,ADM2,hospitals,TIME,2400,1896660,180978,96.14,6685,3.55,720338,96.14,26592,3.55,1774172,96.15,65392,3.54,539189,96.15,19860,3.54,137324,96.16,5049,3.54,96.15,69894,3.54
Nilphamari,,16705992B74406959438199,BGD,ADM2,hospitals,TIME,3000,1921421,183347,97.4,2369,1.26,729759,97.4,9421,1.26,1797338,97.4,23166,1.26,546225,97.4,7036,1.25,139113,97.41,1789,1.25,97.4,24761,1.26
Nilphamari,,16705992B74406959438199,BGD,ADM2,hospitals,TIME,3600,1925937,183778,97.63,431,0.23,731477,97.63,1718,0.23,1801563,97.63,4225,0.23,547508,97.63,1283,0.23,139439,97.64,326,0.23,97.63,4516,0.23
Nilphamari,,16705992B74406959438199,BGD,ADM2,hospitals,TIME,4200,1935735,184716,98.12,938,0.5,735204,98.13,3727,0.5,1810730,98.13,9167,0.5,550293,98.13,2785,0.5,140147,98.13,708,0.5,98.13,9798,0.5
Nilphamari,,16705992B74406959438199,BGD,ADM2,hospitals,TIME,4800,1963095,187332,99.51,2616,1.39,745614,99.51,10410,1.39,1836327,99.52,25597,1.39,558067,99.52,7774,1.39,142124,99.52,1977,1.38,99.52,27360,1.39
Nilphamari,,16705992B74406959438199,BGD,ADM2,hospitals,TIME,5400,1964831,187499,99.6,167,0.09,746274,99.6,660,0.09,1837952,99.6,1625,0.09,558560,99.6,493,0.09,142249,99.6,125,0.09,99.6,1736,0.09
Nilphamari,,16705992B74406959438199,BGD,ADM2,hospitals,TIME,6000,1965017,187516,99.61,17,0.01,746345,99.61,71,0.01,1838126,99.61,174,0.01,558613,99.61,53,0.01,142263,99.61,14,0.01,99.61,186,0.01
Nilphamari,,16705992B74406959438199,BGD,ADM2,hospitals,TIME,6600,1965067,187521,99.61,5,0.0,746364,99.61,19,0.0,1838173,99.62,47,0.0,558627,99.62,14,0.0,142266,99.62,3,0.0,99.62,50,0.0
Nilphamari,,16705992B74406959438199,BGD,ADM2,hospitals,TIME,7200,1965250,187539,99.62,18,0.01,746434,99.62,70,0.01,1838344,99.62,171,0.01,558679,99.62,52,0.01,142279,99.63,13,0.01,99.62,183,0.01
Gaibandha,,16705992B74857221285320,BGD,ADM2,hospitals,TIME,600,503442,46624,19.29,46624,19.29,177696,19.28,177696,19.28,465212,19.27,465212,19.27,146032,19.26,146032,19.26,42168,19.27,42168,19.27,19.27,503442,19.27
Gaibandha,,16705992B74857221285320,BGD,ADM2,hospitals,TIME,1200,1290928,119489,49.43,72865,30.14,455554,49.42,277858,30.14,1192907,49.41,727695,30.14,374487,49.4,228455,30.14,108119,49.41,65951,30.14,49.41,787486,30.14
Gaibandha,,16705992B74857221285320,BGD,ADM2,hospitals,TIME,1800,1932082,178774,73.96,59285,24.53,681704,73.95,226150,24.53,1785382,73.94,592475,24.54,560505,73.94,186018,24.54,161813,73.94,53694,24.54,73.94,641154,24.54
Gaibandha,,16705992B74857221285320,BGD,ADM2,hospitals,TIME,2400,2254525,208599,86.3,29825,12.34,795463,86.29,113759,12.34,2083349,86.29,297967,12.34,654047,86.28,93542,12.34,188812,86.28,26999,12.34,86.29,322443,12.34
Gaibandha,,16705992B74857221285320,BGD,ADM2,hospitals,TIME,3000,2412965,223205,92.34,14606,6.04,851249,92.34,55786,6.05,2229758,92.35,146409,6.06,700046,92.35,45999,6.07,202083,92.35,13271,6.06,92.35,158440,6.06
Gaibandha,,16705992B74857221285320,BGD,ADM2,hospitals,TIME,3600,2434782,225224,93.17,2019,0.84,858950,93.18,7701,0.84,2249917,93.18,20159,0.83,706379,93.18,6333,0.84,203912,93.18,1829,0.84,93.18,21817,0.83
Gaibandha,,16705992B74857221285320,BGD,ADM2,hospitals,TIME,4200,2453637,226968,93.89,1744,0.72,865599,93.9,6649,0.72,2267340,93.91,17423,0.72,711851,93.91,5472,0.72,205491,93.9,1579,0.72,93.91,18855,0.72
Gaibandha,,16705992B74857221285320,BGD,ADM2,hospitals,TIME,4800,2471673,228640,94.59,1672,0.69,871967,94.59,6368,0.69,2284006,94.6,16666,0.69,717082,94.6,5231,0.69,207002,94.59,1511,0.69,94.6,18036,0.69
Gaibandha,,16705992B74857221285320,BGD,ADM2,hospitals,TIME,5400,2477004,229134,94.79,494,0.2,873849,94.8,1882,0.2,2288932,94.8,4926,0.2,718629,94.8,1547,0.2,207448,94.8,446,0.2,94.8,5331,0.2
Gaibandha,,16705992B74857221285320,BGD,ADM2,hospitals,TIME,6000,2489189,230262,95.26,1128,0.47,878150,95.26,4301,0.47,2300192,95.27,11260,0.47,722163,95.27,3534,0.47,208469,95.26,1021,0.47,95.27,12185,0.47
Gaibandha,,16705992B74857221285320,BGD,ADM2,hospitals,TIME,6600,2493629,230674,95.43,412,0.17,879717,95.43,1567,0.17,2304295,95.44,4103,0.17,723451,95.44,1288,0.17,208841,95.43,372,0.17,95.44,4440,0.17
Gaibandha,,16705992B74857221285320,BGD,ADM2,hospitals,TIME,7200,2498412,231117,95.61,443,0.18,881406,95.62,1689,0.18,2308715,95.62,4420,0.18,724838,95.62,1387,0.18,209242,95.62,401,0.18,95.62,4783,0.18
Nawabganj,,16705992B76725860359822,BGD,ADM2,hospitals,TIME,600,498727,44294,27.08,44294,27.08,186928,27.07,186928,27.07,466352,27.06,466352,27.06,149680,27.06,149680,27.06,36277,27.05,36277,27.05,27.06,498727,27.06
Nawabganj,,16705992B76725860359822,BGD,ADM2,hospitals,TIME,1200,711636,63187,38.62,18893,11.55,266665,38.62,79737,11.55,665427,38.61,199075,11.55,213585,38.61,63905,11.55,51775,38.61,15498,11.56,38.61,212909,11.55
Nawabganj,,16705992B76725860359822,BGD,ADM2,hospitals,TIME,1800,1080543,95941,58.65,32754,20.02,404908,58.64,138243,20.02,1010386,58.63,344959,20.02,324307,58.62,110722,20.01,78610,58.62,26835,20.01,58.63,368907,20.02
Nawabganj,,16705992B76725860359822,BGD,ADM2,hospitals,TIME,2400,1302787,115650,70.69,19709,12.05,488097,70.69,83189,12.05,1218183,70.68,207797,12.06,391019,70.68,66712,12.06,94795,70.68,16185,12.07,70.68,222244,12.06
Nawabganj,,16705992B76725860359822,BGD,ADM2,hospitals,TIME,3000,1442894,128087,78.3,12437,7.6,540594,78.29,52497,7.6,1349194,78.29,131011,7.6,433071,78.28,42052,7.6,104987,78.28,10192,7.6,78.29,140107,7.6
Nawabganj,,16705992B76725860359822,BGD,ADM2,hospitals,TIME,3600,1504094,133494,81.6,5407,3.31,563439,81.6,22845,3.31,1406409,81.61,57215,3.32,451449,81.61,18378,3.32,109450,81.61,4463,3.33,81.61,61200,3.32
Nawabganj,,16705992B76725860359822,BGD,ADM2,hospitals,TIME,4200,1521173,135011,82.53,1517,0.93,569839,82.53,6400,0.93,1422379,82.53,15970,0.93,456575,82.53,5126,0.93,110693,82.54,1243,0.93,82.53,17079,0.93
Nawabganj,,16705992B76725860359822,BGD,ADM2,hospitals,TIME,4800,1532830,136046,83.16,1035,0.63,574208,83.16,4369,0.63,1433279,83.16,10900,0.63,460073,83.17,3498,0.63,111541,83.17,848,0.63,83.17,11657,0.63
Nawabganj,,16705992B76725860359822,BGD,ADM2,hospitals,TIME,5400,1551957,137743,84.2,1697,1.04,581373,84.2,7165,1.04,1451164,84.2,17885,1.04,465815,84.2,5742,1.04,112932,84.21,1391,1.04,84.2,19127,1.04
Nawabganj,,16705992B76725860359822,BGD,ADM2,hospitals,TIME,6000,1579148,140159,85.68,2416,1.48,591566,85.67,10193,1.48,1476591,85.68,25427,1.48,473975,85.68,8160,1.48,114910,85.68,1978,1.47,85.68,27191,1.48
Nawabganj,,16705992B76725860359822,BGD,ADM2,hospitals,TIME,6600,1592148,141313,86.38,1154,0.71,596439,86.38,4873,0.71,1488746,86.38,12155,0.71,477877,86.38,3902,0.71,115856,86.39,946,0.71,86.38,13000,0.71
Nawabganj,,16705992B76725860359822,BGD,ADM2,hospitals,TIME,7200,1599720,141986,86.79,673,0.41,599277,86.79,2838,0.41,1495828,86.79,7082,0.41,480149,86.79,2272,0.41,116406,86.8,550,0.41,86.79,7572,0.41
Jhenaidah,,16705992B77509092527129,BGD,ADM2,hospitals,TIME,600,531213,39599,28.04,39599,28.04,173882,28.04,173882,28.04,488843,28.04,488843,28.04,157955,28.04,157955,28.04,46525,28.05,46525,28.05,28.04,531213,28.04
Jhenaidah,,16705992B77509092527129,BGD,ADM2,hospitals,TIME,1200,1053121,78503,55.59,38904,27.55,344723,55.59,170841,27.55,969126,55.59,480283,27.55,313149,55.59,155194,27.55,92232,55.6,45707,27.55,55.59,521908,27.55
Jhenaidah,,16705992B77509092527129,BGD,ADM2,hospitals,TIME,1800,1350830,100693,71.3,22190,15.71,442162,71.3,97439,15.71,1243106,71.31,273980,15.72,401688,71.31,88539,15.72,118290,71.31,26058,15.71,71.31,297709,15.72
Jhenaidah,,16705992B77509092527129,BGD,ADM2,hospitals,TIME,2400,1451121,108169,76.59,7476,5.29,474992,76.6,32830,5.29,1335399,76.61,92293,5.29,431511,76.61,29823,5.29,127074,76.6,8784,5.3,76.6,100291,5.29
Jhenaidah,,16705992B77509092527129,BGD,ADM2,hospitals,TIME,3000,1637307,122052,86.42,13883,9.83,535949,86.43,60957,9.83,1506730,86.43,171331,9.83,486868,86.43,55357,9.83,143385,86.43,16311,9.83,86.43,186186,9.83
Jhenaidah,,16705992B77509092527129,BGD,ADM2,hospitals,TIME,3600,1865741,139101,98.49,17049,12.07,610753,98.49,74804,12.06,1716946,98.49,210216,12.06,554786,98.49,67918,12.06,163390,98.49,20005,12.06,98.49,228434,12.06
Jhenaidah,,16705992B77509092527129,BGD,ADM2,hospitals,TIME,4200,1874028,139718,98.93,617,0.44,613466,98.93,2713,0.44,1724571,98.93,7625,0.44,557249,98.93,2463,0.44,164116,98.93,726,0.44,98.93,8287,0.44
Jhenaidah,,16705992B77509092527129,BGD,ADM2,hospitals,TIME,4800,1876124,139875,99.04,157,0.11,614152,99.04,686,0.11,1726500,99.04,1929,0.11,557873,99.04,624,0.11,164300,99.04,184,0.11,99.04,2096,0.11
Jhenaidah,,16705992B77509092527129,BGD,ADM2,hospitals,TIME,5400,1876477,139901,99.06,26,0.02,614267,99.06,115,0.02,1726825,99.06,325,0.02,557978,99.06,105,0.02,164331,99.06,31,0.02,99.06,353,0.02
Jhenaidah,,16705992B77509092527129,BGD,ADM2,hospitals,TIME,6000,1876600,139910,99.07,9,0.01,614308,99.07,41,0.01,1726938,99.07,113,0.01,558014,99.07,36,0.01,164341,99.07,10,0.01,99.07,123,0.01
Jhenaidah,,16705992B77509092527129,BGD,ADM2,hospitals,TIME,6600,1876641,139913,99.07,3,0.0,614321,99.07,13,0.0,1726976,99.07,38,0.0,558026,99.07,12,0.0,164345,99.07,4,0.0,99.07,41,0.0
Jhenaidah,,16705992B77509092527129,BGD,ADM2,hospitals,TIME,7200,1876906,139933,99.08,20,0.01,614408,99.08,87,0.01,1727220,99.08,244,0.01,558105,99.08,79,0.01,164368,99.08,23,0.01,99.08,265,0.01
Bagerhat,,16705992B77600989823530,BGD,ADM2,hospitals,TIME,600,408793,30935,28.81,30935,28.81,137818,28.8,137818,28.8,370403,28.72,370403,28.72,116505,28.72,116505,28.72,41587,28.82,41587,28.82,28.73,408793,28.73
Bagerhat,,16705992B77600989823530,BGD,ADM2,hospitals,TIME,1200,867570,65433,60.94,34498,32.13,291744,60.96,153926,32.16,786214,60.95,415811,32.24,247351,60.98,130846,32.26,88143,61.09,46556,32.27,60.97,458777,32.24
Bagerhat,,16705992B77600989823530,BGD,ADM2,hospitals,TIME,1800,1081780,81545,75.95,16112,15.01,363621,75.97,71877,15.02,980454,76.01,194240,15.06,308428,76.04,61077,15.06,109788,76.09,21645,15.0,76.02,214210,15.05
Bagerhat,,16705992B77600989823530,BGD,ADM2,hospitals,TIME,2400,1303401,98384,91.63,16839,15.68,438510,91.62,74889,15.65,1181482,91.59,201028,15.58,371515,91.59,63087,15.55,132115,91.57,22327,15.47,91.59,221621,15.57
Bagerhat,,16705992B77600989823530,BGD,ADM2,hospitals,TIME,3000,1316329,99357,92.54,973,0.91,442853,92.53,4343,0.91,1193195,92.5,11713,0.91,375200,92.5,3685,0.91,133430,92.48,1315,0.91,92.5,12928,0.91
Bagerhat,,16705992B77600989823530,BGD,ADM2,hospitals,TIME,3600,1364924,103004,95.93,3647,3.4,459130,95.93,16277,3.4,1237231,95.92,44036,3.41,389053,95.91,13853,3.42,138370,95.9,4940,3.42,95.91,48595,3.41
Bagerhat,,16705992B77600989823530,BGD,ADM2,hospitals,TIME,4200,1367219,103177,96.09,173,0.16,459903,96.09,773,0.16,1239310,96.08,2079,0.16,389707,96.08,654,0.16,138604,96.07,234,0.16,96.08,2295,0.16
Bagerhat,,16705992B77600989823530,BGD,ADM2,hospitals,TIME,4800,1368797,103296,96.21,119,0.11,460433,96.2,530,0.11,1240739,96.19,1429,0.11,390156,96.19,449,0.11,138764,96.18,160,0.11,96.19,1578,0.11
Bagerhat,,16705992B77600989823530,BGD,ADM2,hospitals,TIME,5400,1370663,103437,96.34,141,0.13,461062,96.33,629,0.13,1242430,96.32,1691,0.13,390688,96.32,532,0.13,138955,96.31,191,0.13,96.32,1866,0.13
Bagerhat,,16705992B77600989823530,BGD,ADM2,hospitals,TIME,6000,1373656,103661,96.55,224,0.21,462062,96.54,1000,0.21,1245143,96.53,2713,0.21,391542,96.53,854,0.21,139258,96.52,303,0.21,96.53,2993,0.21
Bagerhat,,16705992B77600989823530,BGD,ADM2,hospitals,TIME,6600,1374642,103735,96.61,74,0.07,462391,96.61,329,0.07,1246036,96.6,893,0.07,391823,96.6,281,0.07,139358,96.59,100,0.07,96.6,986,0.07
Bagerhat,,16705992B77600989823530,BGD,ADM2,hospitals,TIME,7200,1376435,103869,96.74,134,0.12,462990,96.73,599,0.13,1247662,96.72,1626,0.13,392334,96.72,511,0.13,139540,96.71,182,0.13,96.72,1793,0.13
Habiganj,,16705992B7772300815487,BGD,ADM2,hospitals,TIME,600,487050,56079,20.22,56079,20.22,206553,20.21,206553,20.21,451179,20.19,451179,20.19,133933,20.19,133933,20.19,39681,20.19,39681,20.19,20.19,487050,20.19
Habiganj,,16705992B7772300815487,BGD,ADM2,hospitals,TIME,1200,1049930,120652,43.5,64573,23.28,444978,43.53,238425,23.32,972654,43.53,521475,23.34,288927,43.56,154994,23.37,85489,43.5,45808,23.31,43.53,562880,23.34
Habiganj,,16705992B7772300815487,BGD,ADM2,hospitals,TIME,1800,1496897,172107,62.05,51455,18.55,634489,62.07,189511,18.54,1386703,62.07,414049,18.53,411849,62.09,122922,18.53,121904,62.03,36415,18.53,62.06,446967,18.53
Habiganj,,16705992B7772300815487,BGD,ADM2,hospitals,TIME,2400,1925723,221428,79.83,49321,17.78,816254,79.85,181765,17.78,1783941,79.85,397238,17.78,529849,79.87,118000,17.79,156846,79.81,34942,17.78,79.84,428826,17.78
Habiganj,,16705992B7772300815487,BGD,ADM2,hospitals,TIME,3000,2065699,237599,85.66,16171,5.83,875680,85.66,59426,5.81,1913616,85.65,129675,5.8,568251,85.66,38402,5.79,168241,85.6,11395,5.8,85.65,139976,5.8
Habiganj,,16705992B7772300815487,BGD,ADM2,hospitals,TIME,3600,2169322,249554,89.97,11955,4.31,919661,89.96,43981,4.3,2009611,89.95,95995,4.3,596713,89.95,28462,4.29,176681,89.9,8440,4.29,89.94,103623,4.3
Habiganj,,16705992B7772300815487,BGD,ADM2,hospitals,TIME,4200,2206886,253882,91.53,4328,1.56,935591,91.52,15930,1.56,2044409,91.51,34798,1.56,607038,91.51,10325,1.56,179740,91.46,3059,1.56,91.5,37564,1.56
Habiganj,,16705992B7772300815487,BGD,ADM2,hospitals,TIME,4800,2226028,256086,92.32,2204,0.79,943707,92.32,8116,0.79,2062141,92.3,17732,0.79,612302,92.3,5264,0.79,181299,92.25,1559,0.79,92.29,19142,0.79
Habiganj,,16705992B7772300815487,BGD,ADM2,hospitals,TIME,5400,2230980,256656,92.53,570,0.21,945806,92.52,2099,0.21,2066729,92.5,4588,0.21,613664,92.51,1362,0.21,181703,92.45,404,0.21,92.5,4952,0.21
Habiganj,,16705992B7772300815487,BGD,ADM2,hospitals,TIME,6000,2234635,257075,92.68,419,0.15,947352,92.67,1546,0.15,2070113,92.66,3384,0.15,614669,92.66,1005,0.15,182002,92.61,299,0.15,92.65,3655,0.15
Habiganj,,16705992B7772300815487,BGD,ADM2,hospitals,TIME,6600,2240179,257713,92.91,638,0.23,949701,92.9,2349,0.23,2075249,92.89,5136,0.23,616195,92.89,1526,0.23,182454,92.84,452,0.23,92.88,5544,0.23
Habiganj,,16705992B7772300815487,BGD,ADM2,hospitals,TIME,7200,2245373,258309,93.12,596,0.21,951899,93.12,2198,0.22,2080059,93.1,4810,0.22,617623,93.11,1428,0.22,182878,93.05,424,0.22,93.1,5194,0.22
Magura,,16705992B78415132034426,BGD,ADM2,hospitals,TIME,600,222066,18259,22.31,18259,22.31,77851,22.32,77851,22.32,203583,22.32,203583,22.32,64127,22.32,64127,22.32,20220,22.33,20220,22.33,22.32,222066,22.32
Magura,,16705992B78415132034426,BGD,ADM2,hospitals,TIME,1200,420079,34526,42.19,16267,19.88,147232,42.2,69381,19.89,385124,42.23,181541,19.91,121326,42.23,57199,19.91,38241,42.23,18021,19.9,42.23,198013,19.91
Magura,,16705992B78415132034426,BGD,ADM2,hospitals,TIME,1800,580838,47738,58.34,13212,16.15,203564,58.35,56332,16.15,532502,58.39,147378,16.16,167764,58.4,46438,16.16,52880,58.4,14639,16.17,58.39,160759,16.16
Magura,,16705992B78415132034426,BGD,ADM2,hospitals,TIME,2400,743360,61096,74.67,13358,16.32,260524,74.68,56960,16.33,681499,74.73,148997,16.34,214704,74.74,46940,16.34,67675,74.73,14795,16.34,74.73,162522,16.34
Magura,,16705992B78415132034426,BGD,ADM2,hospitals,TIME,3000,863908,71001,86.77,9905,12.1,302743,86.78,42219,12.1,792007,86.85,110508,12.12,249537,86.86,34833,12.12,78659,86.86,10984,12.13,86.85,120548,12.12
Magura,,16705992B78415132034426,BGD,ADM2,hospitals,TIME,3600,868742,71404,87.26,403,0.49,304462,87.27,1719,0.49,796439,87.33,4432,0.49,250929,87.35,1392,0.48,79098,87.35,439,0.48,87.33,4834,0.49
Magura,,16705992B78415132034426,BGD,ADM2,hospitals,TIME,4200,994747,81826,100.0,10422,12.74,348869,100.0,44407,12.73,911973,100.0,115534,12.67,287284,100.0,36355,12.65,90554,100.0,11456,12.65,100.0,126005,12.67
Magura,,16705992B78415132034426,BGD,ADM2,hospitals,TIME,4800,994747,81826,100.0,0,0.0,348869,100.0,0,0.0,911973,100.0,0,0.0,287284,100.0,0,0.0,90554,100.0,0,0.0,100.0,0,0.0
Magura,,16705992B78415132034426,BGD,ADM2,hospitals,TIME,5400,994747,81826,100.0,0,0.0,348869,100.0,0,0.0,911973,100.0,0,0.0,287284,100.0,0,0.0,90554,100.0,0,0.0,100.0,0,0.0
Magura,,16705992B78415132034426,BGD,ADM2,hospitals,TIME,6000,994747,81826,100.0,0,0.0,348869,100.0,0,0.0,911973,100.0,0,0.0,287284,100.0,0,0.0,90554,100.0,0,0.0,100.0,0,0.0
Magura,,16705992B78415132034426,BGD,ADM2,hospitals,TIME,6600,994747,81826,100.0,0,0.0,348869,100.0,0,0.0,911973,100.0,0,0.0,287284,100.0,0,0.0,90554,100.0,0,0.0,100.0,0,0.0
Magura,,16705992B78415132034426,BGD,ADM2,hospitals,TIME,7200,994747,81826,100.0,0,0.0,348869,100.0,0,0.0,911973,100.0,0,0.0,287284,100.0,0,0.0,90554,100.0,0,0.0,100.0,0,0.0
Manikganj,,16705992B79131283702140,BGD,ADM2,hospitals,TIME,600,438809,34652,29.66,34652,29.66,143411,29.63,143411,29.63,397117,29.62,397117,29.62,130192,29.63,130192,29.63,45123,29.77,45123,29.77,29.63,438809,29.63
Manikganj,,16705992B79131283702140,BGD,ADM2,hospitals,TIME,1200,749495,59184,50.65,24532,20.99,244944,50.61,101533,20.98,678286,50.59,281169,20.97,222368,50.61,92176,20.98,77072,50.85,31949,21.08,50.61,310686,20.98
Manikganj,,16705992B79131283702140,BGD,ADM2,hospitals,TIME,1800,1027431,81088,69.39,21904,18.75,335735,69.37,90791,18.76,930037,69.36,251751,18.78,304841,69.38,82473,18.77,105430,69.56,28358,18.71,69.38,277936,18.77
Manikganj,,16705992B79131283702140,BGD,ADM2,hospitals,TIME,2400,1265233,99838,85.44,18750,16.05,413440,85.43,77705,16.06,1145451,85.43,215414,16.07,375418,85.44,70577,16.06,129678,85.55,24248,16.0,85.44,237802,16.06
Manikganj,,16705992B79131283702140,BGD,ADM2,hospitals,TIME,3000,1281953,101126,86.54,1288,1.1,418875,86.55,5435,1.12,1160756,86.57,15305,1.14,380389,86.57,4971,1.13,131225,86.58,1547,1.02,86.57,16720,1.13
Manikganj,,16705992B79131283702140,BGD,ADM2,hospitals,TIME,3600,1295698,102200,87.46,1074,0.92,423357,87.48,4482,0.93,1173255,87.5,12499,0.93,384471,87.5,4082,0.93,132579,87.47,1354,0.89,87.5,13745,0.93
Manikganj,,16705992B79131283702140,BGD,ADM2,hospitals,TIME,4200,1320361,104148,89.13,1948,1.67,431416,89.15,8059,1.67,1195570,89.16,22315,1.66,391788,89.17,7317,1.67,135120,89.15,2541,1.68,89.16,24663,1.67
Manikganj,,16705992B79131283702140,BGD,ADM2,hospitals,TIME,4800,1328023,104753,89.65,605,0.52,433920,89.66,2504,0.52,1202502,89.68,6932,0.52,394060,89.68,2272,0.52,135909,89.67,789,0.52,89.68,7662,0.52
Manikganj,,16705992B79131283702140,BGD,ADM2,hospitals,TIME,5400,1406666,110965,94.96,6212,5.32,459625,94.97,25705,5.31,1273668,94.99,71166,5.31,417394,94.99,23334,5.31,144001,95.0,8092,5.34,94.99,78643,5.31
Manikganj,,16705992B79131283702140,BGD,ADM2,hospitals,TIME,6000,1407229,111009,95.0,44,0.04,459809,95.01,184,0.04,1274178,95.03,510,0.04,417561,95.03,167,0.04,144059,95.04,58,0.04,95.03,563,0.04
Manikganj,,16705992B79131283702140,BGD,ADM2,hospitals,TIME,6600,1408816,111134,95.11,125,0.11,460327,95.12,518,0.11,1275613,95.13,1435,0.11,418032,95.14,471,0.11,144223,95.15,164,0.11,95.14,1587,0.11
Manikganj,,16705992B79131283702140,BGD,ADM2,hospitals,TIME,7200,1409593,111196,95.16,62,0.05,460581,95.17,254,0.05,1276316,95.19,703,0.05,418262,95.19,230,0.05,144303,95.2,80,0.05,95.19,777,0.05
Kishoreganj,,16705992B82604838368079,BGD,ADM2,hospitals,TIME,600,848111,93152,26.35,93152,26.35,346937,26.34,346937,26.34,780804,26.33,780804,26.33,228546,26.32,228546,26.32,73941,26.34,73941,26.34,26.33,848111,26.33
Kishoreganj,,16705992B82604838368079,BGD,ADM2,hospitals,TIME,1200,1852790,203427,57.53,110275,31.19,757806,57.52,410869,31.19,1705772,57.52,924968,31.19,499331,57.51,270785,31.19,161511,57.53,87570,31.19,57.52,1004679,31.19
Kishoreganj,,16705992B82604838368079,BGD,ADM2,hospitals,TIME,1800,2343553,257221,72.75,53794,15.21,958369,72.75,200563,15.22,2157608,72.76,451836,15.24,631663,72.75,132332,15.24,204278,72.77,42767,15.23,72.76,490763,15.24
Kishoreganj,,16705992B82604838368079,BGD,ADM2,hospitals,TIME,2400,2494180,273651,77.39,16430,4.65,1019716,77.41,61347,4.66,2296259,77.43,138651,4.68,672317,77.43,40654,4.68,217431,77.45,13153,4.69,77.43,150627,4.68
Kishoreganj,,16705992B82604838368079,BGD,ADM2,hospitals,TIME,3000,2523826,276897,78.31,3246,0.92,1031834,78.33,12118,0.92,2323561,78.35,27302,0.92,680318,78.35,8001,0.92,220008,78.37,2577,0.92,78.35,29646,0.92
Kishoreganj,,16705992B82604838368079,BGD,ADM2,hospitals,TIME,3600,2546981,279440,79.03,2543,0.72,1041319,79.05,9485,0.72,2344887,79.07,21326,0.72,686570,79.07,6252,0.72,222018,79.09,2010,0.72,79.07,23155,0.72
Kishoreganj,,16705992B82604838368079,BGD,ADM2,hospitals,TIME,4200,2582300,283319,80.13,3879,1.1,1055770,80.14,14451,1.1,2377404,80.17,32517,1.1,696090,80.17,9520,1.1,225095,80.18,3077,1.1,80.17,35319,1.1
Kishoreganj,,16705992B82604838368079,BGD,ADM2,hospitals,TIME,4800,2600908,285364,80.71,2045,0.58,1063385,80.72,7615,0.58,2394536,80.74,17132,0.58,701104,80.75,5014,0.58,226717,80.76,1622,0.58,80.75,18608,0.58
Kishoreganj,,16705992B82604838368079,BGD,ADM2,hospitals,TIME,5400,2659491,291803,82.53,6439,1.82,1087355,82.54,23970,1.82,2448466,82.56,53930,1.82,716883,82.56,15779,1.82,231828,82.58,5111,1.82,82.56,58583,1.82
Kishoreganj,,16705992B82604838368079,BGD,ADM2,hospitals,TIME,6000,2675259,293535,83.02,1732,0.49,1093806,83.03,6451,0.49,2462982,83.05,14516,0.49,721130,83.05,4247,0.49,233204,83.07,1376,0.49,83.05,15768,0.49
Kishoreganj,,16705992B82604838368079,BGD,ADM2,hospitals,TIME,6600,2690024,295158,83.48,1623,0.46,1099848,83.49,6042,0.46,2476576,83.51,13594,0.46,725108,83.51,3978,0.46,234491,83.53,1287,0.46,83.51,14765,0.46
Kishoreganj,,16705992B82604838368079,BGD,ADM2,hospitals,TIME,7200,2699912,296245,83.78,1087,0.31,1103894,83.8,4046,0.31,2485679,83.82,9103,0.31,727773,83.82,2665,0.31,235353,83.84,862,0.31,83.82,9888,0.31
Feni,,16705992B83268326466345,BGD,ADM2,hospitals,TIME,600,763124,68409,49.12,68409,49.12,305742,49.16,305742,49.16,700417,49.19,700417,49.19,228093,49.21,228093,49.21,68676,49.23,68676,49.23,49.19,763124,49.19
Feni,,16705992B83268326466345,BGD,ADM2,hospitals,TIME,1200,1315884,118107,84.81,49698,35.69,527528,84.82,221786,35.66,1207823,84.83,507406,35.64,393221,84.83,165128,35.62,118354,84.84,49678,35.61,84.83,552760,35.63
Feni,,16705992B83268326466345,BGD,ADM2,hospitals,TIME,1800,1476575,132556,95.19,14449,10.38,592005,95.19,64477,10.37,1355332,95.19,147509,10.36,441224,95.19,48003,10.36,132794,95.19,14440,10.35,95.19,160691,10.36
Feni,,16705992B83268326466345,BGD,ADM2,hospitals,TIME,2400,1501573,134809,96.81,2253,1.62,602038,96.8,10033,1.61,1378279,96.8,22947,1.61,448687,96.8,7463,1.61,135039,96.8,2245,1.61,96.8,24998,1.61
Feni,,16705992B83268326466345,BGD,ADM2,hospitals,TIME,3000,1507047,135299,97.16,490,0.35,604230,97.15,2192,0.35,1383304,97.15,5025,0.35,450324,97.15,1637,0.35,135532,97.15,493,0.35,97.15,5474,0.35
Feni,,16705992B83268326466345,BGD,ADM2,hospitals,TIME,3600,1512976,135830,97.54,531,0.38,606605,97.54,2375,0.38,1388746,97.53,5442,0.38,452096,97.53,1772,0.38,136066,97.53,534,0.38,97.53,5929,0.38
Feni,,16705992B83268326466345,BGD,ADM2,hospitals,TIME,4200,1515772,136081,97.72,251,0.18,607725,97.72,1120,0.18,1391311,97.71,2565,0.18,452932,97.71,836,0.18,136317,97.71,251,0.18,97.71,2796,0.18
Feni,,16705992B83268326466345,BGD,ADM2,hospitals,TIME,4800,1518565,136331,97.9,250,0.18,608844,97.9,1119,0.18,1393875,97.89,2564,0.18,453767,97.89,835,0.18,136569,97.9,252,0.18,97.89,2793,0.18
Feni,,16705992B83268326466345,BGD,ADM2,hospitals,TIME,5400,1520446,136499,98.02,168,0.12,609594,98.02,750,0.12,1395606,98.02,1731,0.12,454329,98.01,562,0.12,136733,98.01,164,0.12,98.02,1881,0.12
Feni,,16705992B83268326466345,BGD,ADM2,hospitals,TIME,6000,1521229,136569,98.07,70,0.05,609907,98.07,313,0.05,1396325,98.07,719,0.05,454564,98.07,235,0.05,136804,98.06,71,0.05,98.07,783,0.05
Feni,,16705992B83268326466345,BGD,ADM2,hospitals,TIME,6600,1523750,136795,98.23,226,0.16,610917,98.23,1010,0.16,1398638,98.23,2313,0.16,455317,98.23,753,0.16,137031,98.23,227,0.16,98.23,2521,0.16
Feni,,16705992B83268326466345,BGD,ADM2,hospitals,TIME,7200,1525722,136971,98.36,176,0.13,611707,98.36,790,0.13,1400448,98.36,1810,0.13,455907,98.35,590,0.13,137208,98.35,177,0.13,98.36,1972,0.13
Lalmonirhat,,16705992B84214314165922,BGD,ADM2,hospitals,TIME,600,237885,21913,18.17,21913,18.17,88411,18.16,88411,18.16,220934,18.14,220934,18.14,67207,18.13,67207,18.13,18811,18.12,18811,18.12,18.14,237885,18.14
Lalmonirhat,,16705992B84214314165922,BGD,ADM2,hospitals,TIME,1200,614555,56557,46.89,34644,28.72,228139,46.87,139728,28.71,570677,46.86,349743,28.72,173723,46.86,106516,28.73,48685,46.91,29874,28.78,46.86,376670,28.72
Lalmonirhat,,16705992B84214314165922,BGD,ADM2,hospitals,TIME,1800,790801,72755,60.32,16198,13.43,293529,60.31,65390,13.43,734351,60.3,163674,13.44,223549,60.3,49826,13.44,62636,60.35,13951,13.44,60.3,176246,13.44
Lalmonirhat,,16705992B84214314165922,BGD,ADM2,hospitals,TIME,2400,894802,82296,68.23,9541,7.91,332061,68.22,38532,7.92,830929,68.23,96578,7.93,252968,68.23,29419,7.94,70872,68.29,8236,7.94,68.23,104001,7.93
Lalmonirhat,,16705992B84214314165922,BGD,ADM2,hospitals,TIME,3000,992967,91298,75.69,9002,7.46,368424,75.69,36363,7.47,922079,75.71,91150,7.48,280733,75.72,27765,7.49,78655,75.79,7783,7.5,75.72,98165,7.49
Lalmonirhat,,16705992B84214314165922,BGD,ADM2,hospitals,TIME,3600,1023521,94097,78.01,2799,2.32,379731,78.02,11307,2.32,950449,78.04,28370,2.33,289379,78.05,8646,2.33,81079,78.12,2424,2.34,78.05,30554,2.33
Lalmonirhat,,16705992B84214314165922,BGD,ADM2,hospitals,TIME,4200,1095376,100698,83.48,6601,5.47,406380,83.49,26649,5.48,1017188,83.52,66739,5.48,309704,83.54,20325,5.48,86757,83.59,5678,5.47,83.53,71855,5.48
Lalmonirhat,,16705992B84214314165922,BGD,ADM2,hospitals,TIME,4800,1158994,106555,88.34,5857,4.86,430016,88.35,23636,4.86,1076266,88.37,59078,4.85,327676,88.38,17972,4.85,91793,88.44,5036,4.85,88.38,63618,4.85
Lalmonirhat,,16705992B84214314165922,BGD,ADM2,hospitals,TIME,5400,1167517,107340,88.99,785,0.65,433183,89.0,3167,0.65,1084182,89.02,7916,0.65,330084,89.03,2408,0.65,92468,89.09,675,0.65,89.03,8523,0.65
Lalmonirhat,,16705992B84214314165922,BGD,ADM2,hospitals,TIME,6000,1177489,108258,89.75,918,0.76,436888,89.76,3705,0.76,1093443,89.78,9261,0.76,332901,89.79,2817,0.76,93257,89.85,789,0.76,89.79,9972,0.76
Lalmonirhat,,16705992B84214314165922,BGD,ADM2,hospitals,TIME,6600,1180611,108546,89.99,288,0.24,438049,90.0,1161,0.24,1096343,90.02,2900,0.24,333783,90.03,882,0.24,93503,90.09,246,0.24,90.03,3122,0.24
Lalmonirhat,,16705992B84214314165922,BGD,ADM2,hospitals,TIME,7200,1183102,108776,90.18,230,0.19,438975,90.19,926,0.19,1098656,90.21,2313,0.19,334487,90.22,704,0.19,93700,90.28,197,0.19,90.22,2491,0.19
Bogra,,16705992B87441692505107,BGD,ADM2,hospitals,TIME,600,988882,76404,26.02,76404,26.02,318716,26.03,318716,26.03,915690,26.04,915690,26.04,298206,26.05,298206,26.05,80927,26.04,80927,26.04,26.04,988882,26.04
Bogra,,16705992B87441692505107,BGD,ADM2,hospitals,TIME,1200,1869802,144641,49.26,68237,23.24,603095,49.25,284379,23.22,1731445,49.24,815755,23.2,563694,49.23,265488,23.19,152984,49.23,72057,23.19,49.24,880920,23.2
Bogra,,16705992B87441692505107,BGD,ADM2,hospitals,TIME,1800,2527722,195560,66.6,50919,17.34,815361,66.59,212266,17.34,2340678,66.56,609233,17.33,762020,66.55,198326,17.32,206817,66.56,53833,17.32,66.56,657920,17.33
Bogra,,16705992B87441692505107,BGD,ADM2,hospitals,TIME,2400,3353967,259398,88.34,63838,21.74,1081636,88.34,266275,21.75,3105776,88.32,765098,21.76,1011190,88.32,249170,21.76,274427,88.32,67610,21.76,88.32,826245,21.76
Bogra,,16705992B87441692505107,BGD,ADM2,hospitals,TIME,3000,3468469,268226,91.35,8828,3.01,1118482,91.34,36846,3.01,3211795,91.34,106019,3.01,1045734,91.33,34544,3.02,283806,91.34,9379,3.02,91.34,114502,3.02
Bogra,,16705992B87441692505107,BGD,ADM2,hospitals,TIME,3600,3490138,269899,91.92,1673,0.57,1125461,91.91,6979,0.57,3231861,91.91,20066,0.57,1052271,91.9,6537,0.57,285580,91.91,1774,0.57,91.91,21669,0.57
Bogra,,16705992B87441692505107,BGD,ADM2,hospitals,TIME,4200,3497704,270483,92.12,584,0.2,1127898,92.11,2437,0.2,3238866,92.11,7005,0.2,1054553,92.1,2282,0.2,286199,92.11,619,0.2,92.11,7566,0.2
Bogra,,16705992B87441692505107,BGD,ADM2,hospitals,TIME,4800,3502445,270852,92.24,369,0.13,1129431,92.24,1533,0.13,3243256,92.23,4390,0.12,1055981,92.23,1428,0.12,286587,92.23,388,0.12,92.23,4741,0.12
Bogra,,16705992B87441692505107,BGD,ADM2,hospitals,TIME,5400,3511041,271515,92.47,663,0.23,1132200,92.46,2769,0.23,3251215,92.46,7959,0.23,1058573,92.46,2592,0.23,287291,92.46,704,0.23,92.46,8596,0.23
Bogra,,16705992B87441692505107,BGD,ADM2,hospitals,TIME,6000,3517935,272047,92.65,532,0.18,1134420,92.65,2220,0.18,3257599,92.64,6384,0.18,1060653,92.64,2080,0.18,287855,92.64,564,0.18,92.64,6894,0.18
Bogra,,16705992B87441692505107,BGD,ADM2,hospitals,TIME,6600,3520607,272254,92.72,207,0.07,1135280,92.72,860,0.07,3260073,92.71,2474,0.07,1061459,92.71,806,0.07,288073,92.71,218,0.07,92.71,2672,0.07
Bogra,,16705992B87441692505107,BGD,ADM2,hospitals,TIME,7200,3529452,272936,92.95,682,0.23,1138129,92.95,2849,0.23,3268264,92.94,8191,0.23,1064127,92.94,2668,0.23,288797,92.94,724,0.23,92.94,8845,0.23
Gopalganj,,16705992B87804307332289,BGD,ADM2,hospitals,TIME,600,257745,23300,22.4,23300,22.4,98941,22.4,98941,22.4,235926,22.46,235926,22.46,72091,22.48,72091,22.48,23835,22.41,23835,22.41,22.45,257745,22.45
Gopalganj,,16705992B87804307332289,BGD,ADM2,hospitals,TIME,1200,464477,42035,40.41,18735,18.01,178515,40.42,79574,18.02,425107,40.46,189181,18.01,129809,40.48,57718,18.0,43003,40.43,19168,18.02,40.46,206732,18.01
Gopalganj,,16705992B87804307332289,BGD,ADM2,hospitals,TIME,1800,722925,65466,62.94,23431,22.53,278002,62.94,99487,22.52,661639,62.98,236532,22.51,201987,63.0,72178,22.51,66940,62.94,23937,22.51,62.97,258448,22.51
Gopalganj,,16705992B87804307332289,BGD,ADM2,hospitals,TIME,2400,882906,79979,76.9,14513,13.95,339646,76.9,61644,13.96,808033,76.91,146394,13.93,246630,76.92,44643,13.92,81779,76.89,14839,13.95,76.91,159981,13.94
Gopalganj,,16705992B87804307332289,BGD,ADM2,hospitals,TIME,3000,1105550,100159,96.3,20180,19.4,425336,96.3,85690,19.4,1011776,96.31,203743,19.39,308803,96.31,62173,19.39,102421,96.3,20642,19.41,96.3,222644,19.39
Gopalganj,,16705992B87804307332289,BGD,ADM2,hospitals,TIME,3600,1147970,104010,100.0,3851,3.7,441689,100.0,16353,3.7,1050594,100.0,38818,3.69,320639,100.0,11836,3.69,106355,100.0,3934,3.7,100.0,42420,3.7
Gopalganj,,16705992B87804307332289,BGD,ADM2,hospitals,TIME,4200,1147970,104010,100.0,0,0.0,441689,100.0,0,0.0,1050594,100.0,0,0.0,320639,100.0,0,0.0,106355,100.0,0,0.0,100.0,0,0.0
Gopalganj,,16705992B87804307332289,BGD,ADM2,hospitals,TIME,4800,1147970,104010,100.0,0,0.0,441689,100.0,0,0.0,1050594,100.0,0,0.0,320639,100.0,0,0.0,106355,100.0,0,0.0,100.0,0,0.0
Gopalganj,,16705992B87804307332289,BGD,ADM2,hospitals,TIME,5400,1147970,104010,100.0,0,0.0,441689,100.0,0,0.0,1050594,100.0,0,0.0,320639,100.0,0,0.0,106355,100.0,0,0.0,100.0,0,0.0
Gopalganj,,16705992B87804307332289,BGD,ADM2,hospitals,TIME,6000,1147970,104010,100.0,0,0.0,441689,100.0,0,0.0,1050594,100.0,0,0.0,320639,100.0,0,0.0,106355,100.0,0,0.0,100.0,0,0.0
Gopalganj,,16705992B87804307332289,BGD,ADM2,hospitals,TIME,6600,1147970,104010,100.0,0,0.0,441689,100.0,0,0.0,1050594,100.0,0,0.0,320639,100.0,0,0.0,106355,100.0,0,0.0,100.0,0,0.0
Gopalganj,,16705992B87804307332289,BGD,ADM2,hospitals,TIME,7200,1147970,104010,100.0,0,0.0,441689,100.0,0,0.0,1050594,100.0,0,0.0,320639,100.0,0,0.0,106355,100.0,0,0.0,100.0,0,0.0
Madaripur,,16705992B87985099055959,BGD,ADM2,hospitals,TIME,600,247315,21844,20.91,21844,20.91,95650,20.91,95650,20.91,226105,20.91,226105,20.91,69132,20.91,69132,20.91,23145,20.9,23145,20.9,20.91,247315,20.91
Madaripur,,16705992B87985099055959,BGD,ADM2,hospitals,TIME,1200,497988,43981,42.09,22137,21.19,192587,42.09,96937,21.19,455278,42.1,229173,21.19,139215,42.1,70083,21.19,46605,42.09,23460,21.19,42.1,250673,21.19
Madaripur,,16705992B87985099055959,BGD,ADM2,hospitals,TIME,1800,654279,57779,55.3,13798,13.21,253016,55.3,60429,13.21,598168,55.31,142890,13.21,182911,55.31,43696,13.21,61229,55.3,14624,13.21,55.31,156291,13.21
Madaripur,,16705992B87985099055959,BGD,ADM2,hospitals,TIME,2400,1016405,89805,85.95,32026,30.65,393154,85.93,140138,30.63,929215,85.93,331047,30.61,284139,85.93,101228,30.61,95141,85.93,33912,30.63,85.93,362126,30.61
Madaripur,,16705992B87985099055959,BGD,ADM2,hospitals,TIME,3000,1097055,96924,92.76,7119,6.81,424330,92.75,31176,6.81,1002953,92.74,73738,6.82,306682,92.74,22543,6.82,102683,92.74,7542,6.81,92.74,80650,6.82
Madaripur,,16705992B87985099055959,BGD,ADM2,hospitals,TIME,3600,1101996,97360,93.18,436,0.42,426239,93.17,1909,0.42,1007470,93.16,4517,0.42,308064,93.16,1382,0.42,103146,93.16,463,0.42,93.16,4941,0.42
Madaripur,,16705992B87985099055959,BGD,ADM2,hospitals,TIME,4200,1106259,97735,93.54,375,0.36,427887,93.53,1648,0.36,1011368,93.52,3898,0.36,309255,93.52,1191,0.36,103544,93.52,398,0.36,93.52,4263,0.36
Madaripur,,16705992B87985099055959,BGD,ADM2,hospitals,TIME,4800,1113825,98403,94.17,668,0.64,430812,94.17,2925,0.64,1018285,94.16,6917,0.64,311370,94.16,2115,0.64,104252,94.16,708,0.64,94.16,7566,0.64
Madaripur,,16705992B87985099055959,BGD,ADM2,hospitals,TIME,5400,1122719,99183,94.92,780,0.75,434242,94.91,3430,0.75,1026413,94.91,8128,0.75,313861,94.91,2491,0.75,105088,94.92,836,0.76,94.91,8894,0.75
Madaripur,,16705992B87985099055959,BGD,ADM2,hospitals,TIME,6000,1127573,99611,95.33,428,0.41,436119,95.33,1877,0.41,1030851,95.32,4438,0.41,315218,95.32,1357,0.41,105542,95.33,454,0.41,95.32,4854,0.41
Madaripur,,16705992B87985099055959,BGD,ADM2,hospitals,TIME,6600,1136443,100393,96.08,782,0.75,439549,96.07,3430,0.75,1038961,96.07,8110,0.75,317698,96.07,2480,0.75,106372,96.08,830,0.75,96.07,8870,0.75
Madaripur,,16705992B87985099055959,BGD,ADM2,hospitals,TIME,7200,1138536,100578,96.26,185,0.18,440358,96.25,809,0.18,1040874,96.25,1913,0.18,318283,96.25,585,0.18,106568,96.25,196,0.18,96.25,2093,0.18
Dhaka,,16705992B90744549146712,BGD,ADM2,hospitals,TIME,600,14977366,1032663,94.11,1032663,94.11,4762077,94.14,4762077,94.14,14361990,94.17,14361990,94.17,4494847,94.16,4494847,94.16,732539,93.94,732539,93.94,94.16,14977366,94.16
Dhaka,,16705992B90744549146712,BGD,ADM2,hospitals,TIME,1200,15464371,1066604,97.21,33941,3.09,4917685,97.22,155608,3.08,14827722,97.23,465732,3.05,4640917,97.22,146070,3.06,757621,97.15,25082,3.22,97.22,487005,3.06
Dhaka,,16705992B90744549146712,BGD,ADM2,hospitals,TIME,1800,15708744,1083590,98.76,16986,1.55,4995735,98.76,78050,1.54,15061664,98.76,233942,1.53,4714228,98.76,73311,1.54,769964,98.73,12343,1.58,98.76,244373,1.54
Dhaka,,16705992B90744549146712,BGD,ADM2,hospitals,TIME,2400,15800521,1089939,99.33,6349,0.58,5024953,99.34,29218,0.58,15149571,99.34,87907,0.58,4741762,99.34,27534,0.58,774552,99.32,4588,0.59,99.34,91777,0.58
Dhaka,,16705992B90744549146712,BGD,ADM2,hospitals,TIME,3000,15841933,1092796,99.6,2857,0.26,5038117,99.6,13164,0.26,15189258,99.6,39687,0.26,4754188,99.6,12426,0.26,776601,99.59,2049,0.26,99.6,41412,0.26
Dhaka,,16705992B90744549146712,BGD,ADM2,hospitals,TIME,3600,15861007,1094111,99.71,1315,0.12,5044179,99.72,6062,0.12,15207549,99.72,18291,0.12,4759911,99.72,5723,0.12,777533,99.7,932,0.12,99.72,19074,0.12
Dhaka,,16705992B90744549146712,BGD,ADM2,hospitals,TIME,4200,15861986,1094180,99.72,69,0.01,5044492,99.72,313,0.01,15208477,99.72,928,0.01,4760204,99.72,293,0.01,777591,99.71,58,0.01,99.72,979,0.01
Dhaka,,16705992B90744549146712,BGD,ADM2,hospitals,TIME,4800,15862935,1094246,99.73,66,0.01,5044795,99.73,303,0.01,15209387,99.73,910,0.01,4760489,99.73,285,0.01,777638,99.72,47,0.01,99.73,949,0.01
Dhaka,,16705992B90744549146712,BGD,ADM2,hospitals,TIME,5400,15863842,1094308,99.73,62,0.01,5045083,99.73,288,0.01,15210257,99.73,870,0.01,4760761,99.73,272,0.01,777683,99.72,45,0.01,99.73,907,0.01
Dhaka,,16705992B90744549146712,BGD,ADM2,hospitals,TIME,6000,15864041,1094322,99.73,14,0.0,5045146,99.74,63,0.0,15210447,99.74,190,0.0,4760821,99.74,60,0.0,777693,99.73,10,0.0,99.74,199,0.0
Dhaka,,16705992B90744549146712,BGD,ADM2,hospitals,TIME,6600,15864856,1094378,99.74,56,0.01,5045405,99.74,259,0.01,15211230,99.74,783,0.01,4761066,99.74,245,0.01,777732,99.73,39,0.01,99.74,815,0.01
Dhaka,,16705992B90744549146712,BGD,ADM2,hospitals,TIME,7200,15866341,1094480,99.75,102,0.01,5045877,99.75,472,0.01,15212653,99.75,1423,0.01,4761511,99.75,445,0.01,777805,99.74,73,0.01,99.75,1485,0.01
Sherpur,,16705992B90842308963557,BGD,ADM2,hospitals,TIME,600,313016,30222,22.86,30222,22.86,116127,22.86,116127,22.86,287820,22.86,287820,22.86,86785,22.86,86785,22.86,27645,22.86,27645,22.86,22.86,313016,22.86
Sherpur,,16705992B90842308963557,BGD,ADM2,hospitals,TIME,1200,635569,61359,46.41,31137,23.55,235776,46.41,119649,23.55,584410,46.41,296590,23.55,176226,46.42,89441,23.56,56130,46.41,28485,23.55,46.41,322553,23.55
Sherpur,,16705992B90842308963557,BGD,ADM2,hospitals,TIME,1800,1195893,115495,87.35,54136,40.95,443770,87.35,207994,40.94,1099616,87.33,515206,40.92,331501,87.31,155275,40.9,105632,87.34,49502,40.93,87.33,560324,40.92
Sherpur,,16705992B90842308963557,BGD,ADM2,hospitals,TIME,2400,1260228,121692,92.04,6197,4.69,467592,92.04,23822,4.69,1158778,92.03,59162,4.7,349372,92.02,17871,4.71,111308,92.03,5676,4.69,92.03,64335,4.7
Sherpur,,16705992B90842308963557,BGD,ADM2,hospitals,TIME,3000,1264792,122133,92.37,441,0.33,469284,92.37,1692,0.33,1162974,92.36,4196,0.33,350638,92.35,1266,0.33,111711,92.37,403,0.33,92.36,4564,0.33
Sherpur,,16705992B90842308963557,BGD,ADM2,hospitals,TIME,3600,1289000,124448,94.12,2315,1.75,478193,94.13,8909,1.75,1185243,94.13,22269,1.77,357400,94.13,6762,1.78,113840,94.13,2129,1.76,94.13,24208,1.77
Sherpur,,16705992B90842308963557,BGD,ADM2,hospitals,TIME,4200,1295603,125086,94.61,638,0.48,480645,94.61,2452,0.48,1191314,94.61,6071,0.48,359229,94.62,1829,0.48,114423,94.61,583,0.48,94.61,6603,0.48
Sherpur,,16705992B90842308963557,BGD,ADM2,hospitals,TIME,4800,1299437,125456,94.89,370,0.28,482068,94.89,1423,0.28,1194840,94.89,3526,0.28,360292,94.9,1063,0.28,114762,94.89,339,0.28,94.89,3834,0.28
Sherpur,,16705992B90842308963557,BGD,ADM2,hospitals,TIME,5400,1306648,126153,95.41,697,0.53,484745,95.41,2677,0.53,1201469,95.42,6629,0.53,362290,95.42,1998,0.53,115399,95.42,637,0.53,95.42,7211,0.53
Sherpur,,16705992B90842308963557,BGD,ADM2,hospitals,TIME,6000,1307052,126192,95.44,39,0.03,484895,95.44,150,0.03,1201841,95.45,372,0.03,362402,95.45,112,0.03,115435,95.45,36,0.03,95.45,404,0.03
Sherpur,,16705992B90842308963557,BGD,ADM2,hospitals,TIME,6600,1310749,126549,95.71,357,0.27,486268,95.71,1373,0.27,1205240,95.72,3399,0.27,363426,95.72,1024,0.27,115762,95.72,327,0.27,95.72,3697,0.27
Sherpur,,16705992B90842308963557,BGD,ADM2,hospitals,TIME,7200,1311466,126619,95.77,70,0.05,486534,95.77,266,0.05,1205899,95.77,659,0.05,363624,95.77,198,0.05,115825,95.77,63,0.05,95.77,717,0.05
Shariatpur,,16705992B92388810566131,BGD,ADM2,hospitals,TIME,600,263291,25293,21.63,25293,21.63,106402,21.61,106402,21.61,239558,21.6,239558,21.6,73000,21.57,73000,21.57,25793,21.61,25793,21.61,21.6,263291,21.6
Shariatpur,,16705992B92388810566131,BGD,ADM2,hospitals,TIME,1200,492600,47299,40.45,22006,18.82,199021,40.43,92619,18.81,448209,40.41,208651,18.81,136584,40.37,63584,18.79,48244,40.43,22451,18.81,40.41,229309,18.81
Shariatpur,,16705992B92388810566131,BGD,ADM2,hospitals,TIME,1800,747699,71758,61.37,24459,20.92,302009,61.35,102988,20.92,680340,61.34,232131,20.93,207327,61.27,70743,20.91,73208,61.35,24964,20.92,61.34,255099,20.93
Shariatpur,,16705992B92388810566131,BGD,ADM2,hospitals,TIME,2400,839725,80579,68.91,8821,7.54,339155,68.9,37146,7.55,764081,68.89,83741,7.55,232848,68.82,25521,7.54,82213,68.89,9005,7.55,68.89,92026,7.55
Shariatpur,,16705992B92388810566131,BGD,ADM2,hospitals,TIME,3000,943331,90533,77.43,9954,8.51,381026,77.4,41871,8.51,858347,77.38,94266,8.5,261573,77.31,28725,8.49,92363,77.4,10150,8.51,77.39,103606,8.5
Shariatpur,,16705992B92388810566131,BGD,ADM2,hospitals,TIME,3600,970527,93147,79.66,2614,2.24,392021,79.63,10995,2.23,883091,79.62,24744,2.23,269113,79.53,7540,2.23,95028,79.63,2665,2.23,79.62,27196,2.23
Shariatpur,,16705992B92388810566131,BGD,ADM2,hospitals,TIME,4200,982004,94251,80.61,1104,0.94,396661,80.58,4640,0.94,893533,80.56,10442,0.94,272295,80.48,3182,0.94,96153,80.57,1125,0.94,80.56,11477,0.94
Shariatpur,,16705992B92388810566131,BGD,ADM2,hospitals,TIME,4800,995297,95528,81.7,1277,1.09,402034,81.67,5373,1.09,905627,81.65,12094,1.09,275980,81.56,3685,1.09,97455,81.67,1302,1.09,81.65,13293,1.09
Shariatpur,,16705992B92388810566131,BGD,ADM2,hospitals,TIME,5400,1000142,95994,82.1,466,0.4,403993,82.07,1959,0.4,910035,82.04,4408,0.4,277323,81.96,1343,0.4,97930,82.06,475,0.4,82.05,4845,0.4
Shariatpur,,16705992B92388810566131,BGD,ADM2,hospitals,TIME,6000,1005645,96523,82.55,529,0.45,406218,82.52,2225,0.45,915042,82.5,5007,0.45,278849,82.41,1526,0.45,98469,82.51,539,0.45,82.5,5503,0.45
Shariatpur,,16705992B92388810566131,BGD,ADM2,hospitals,TIME,6600,1008444,96789,82.78,266,0.23,407342,82.75,1124,0.23,917590,82.73,2548,0.23,279626,82.64,777,0.23,98742,82.74,273,0.23,82.73,2799,0.23
Shariatpur,,16705992B92388810566131,BGD,ADM2,hospitals,TIME,7200,1014245,97347,83.26,558,0.48,409687,83.22,2345,0.48,922868,83.2,5278,0.48,281234,83.12,1608,0.48,99310,83.22,568,0.48,83.2,5801,0.48
Chittagong,,16705992B94200136889214,BGD,ADM2,hospitals,TIME,600,5650422,477563,66.88,477563,66.88,2169923,66.92,2169923,66.92,5323756,66.95,5323756,66.95,1700739,66.97,1700739,66.97,370866,66.93,370866,66.93,66.94,5650422,66.94
Chittagong,,16705992B94200136889214,BGD,ADM2,hospitals,TIME,1200,6812758,575842,80.64,98279,13.76,2616398,80.68,446475,13.77,6418878,80.72,1095122,13.77,2050554,80.74,349815,13.77,447174,80.7,76308,13.77,80.72,1162336,13.77
Chittagong,,16705992B94200136889214,BGD,ADM2,hospitals,TIME,1800,7131346,602889,84.43,27047,3.79,2739065,84.47,122667,3.78,6718936,84.49,300058,3.77,2146332,84.51,95778,3.77,468196,84.49,21022,3.79,84.49,318588,3.77
Chittagong,,16705992B94200136889214,BGD,ADM2,hospitals,TIME,2400,7436526,628857,88.07,25968,3.64,2856584,88.09,117519,3.62,7006525,88.11,287589,3.62,2237980,88.12,91648,3.61,488174,88.1,19978,3.61,88.11,305180,3.62
Chittagong,,16705992B94200136889214,BGD,ADM2,hospitals,TIME,3000,7686316,650208,91.06,21351,2.99,2952860,91.06,96276,2.97,7241941,91.07,235416,2.96,2312866,91.07,74886,2.95,504502,91.04,16328,2.95,91.07,249790,2.96
Chittagong,,16705992B94200136889214,BGD,ADM2,hospitals,TIME,3600,7811460,660786,92.54,10578,1.48,3000923,92.54,48063,1.48,7359852,92.55,117911,1.48,2350532,92.55,37666,1.48,512714,92.53,8212,1.48,92.55,125144,1.48
Chittagong,,16705992B94200136889214,BGD,ADM2,hospitals,TIME,4200,8040828,680179,95.25,19393,2.72,3088982,95.26,88059,2.72,7575959,95.27,216107,2.72,2419516,95.27,68984,2.72,527769,95.24,15055,2.72,95.27,229368,2.72
Chittagong,,16705992B94200136889214,BGD,ADM2,hospitals,TIME,4800,8046395,680649,95.32,470,0.07,3091121,95.32,2139,0.07,7581204,95.33,5245,0.07,2421192,95.33,1676,0.07,528134,95.31,365,0.07,95.33,5567,0.07
Chittagong,,16705992B94200136889214,BGD,ADM2,hospitals,TIME,5400,8049973,680952,95.36,303,0.04,3092495,95.37,1374,0.04,7584575,95.38,3371,0.04,2422269,95.38,1077,0.04,528369,95.35,235,0.04,95.37,3578,0.04
Chittagong,,16705992B94200136889214,BGD,ADM2,hospitals,TIME,6000,8068768,682540,95.58,1588,0.22,3099712,95.59,7217,0.22,7602285,95.6,17710,0.22,2427926,95.6,5657,0.22,529603,95.57,1234,0.22,95.6,18795,0.22
Chittagong,,16705992B94200136889214,BGD,ADM2,hospitals,TIME,6600,8071334,682757,95.61,217,0.03,3100698,95.62,986,0.03,7604702,95.63,2417,0.03,2428699,95.63,773,0.03,529771,95.6,168,0.03,95.63,2566,0.03
Chittagong,,16705992B94200136889214,BGD,ADM2,hospitals,TIME,7200,8072403,682847,95.63,90,0.01,3101108,95.63,410,0.01,7605709,95.64,1007,0.01,2429020,95.64,321,0.01,529841,95.62,70,0.01,95.64,1069,0.01
Narsingdi,,16705992B95243043657125,BGD,ADM2,hospitals,TIME,600,1227841,117113,47.59,117113,47.59,481974,47.6,481974,47.6,1142701,47.64,1142701,47.64,350455,47.65,350455,47.65,94745,47.59,94745,47.59,47.64,1227841,47.64
Narsingdi,,16705992B95243043657125,BGD,ADM2,hospitals,TIME,1200,2123193,202486,82.28,85373,34.69,833375,82.31,351401,34.71,1975997,82.38,833296,34.74,606044,82.4,255589,34.75,163805,82.28,69060,34.69,82.37,895352,34.74
Narsingdi,,16705992B95243043657125,BGD,ADM2,hospitals,TIME,1800,2208781,210643,85.59,8157,3.31,866959,85.63,33584,3.32,2055666,85.7,79669,3.32,630482,85.73,24438,3.32,170393,85.59,6588,3.31,85.69,85588,3.32
Narsingdi,,16705992B95243043657125,BGD,ADM2,hospitals,TIME,2400,2241599,213787,86.87,3144,1.28,879884,86.91,12925,1.28,2086191,86.98,30525,1.27,639830,87.0,9348,1.27,172943,86.87,2550,1.28,86.97,32818,1.27
Narsingdi,,16705992B95243043657125,BGD,ADM2,hospitals,TIME,3000,2254808,215052,87.38,1265,0.51,885085,87.42,5201,0.51,2098477,87.49,12286,0.51,643592,87.51,3762,0.51,173969,87.39,1026,0.52,87.48,13209,0.51
Narsingdi,,16705992B95243043657125,BGD,ADM2,hospitals,TIME,3600,2265464,216071,87.8,1019,0.41,889279,87.83,4194,0.41,2108390,87.9,9913,0.41,646630,87.92,3038,0.41,174796,87.8,827,0.42,87.89,10656,0.41
Narsingdi,,16705992B95243043657125,BGD,ADM2,hospitals,TIME,4200,2274436,216931,88.14,860,0.35,892812,88.18,3533,0.35,2116735,88.25,8345,0.35,649185,88.27,2555,0.35,175493,88.16,697,0.35,88.24,8972,0.35
Narsingdi,,16705992B95243043657125,BGD,ADM2,hospitals,TIME,4800,2577503,246108,100.0,29177,11.86,1012459,100.0,119647,11.82,2398593,100.0,281858,11.75,735460,100.0,86275,11.73,199073,100.0,23580,11.84,100.0,303067,11.76
Narsingdi,,16705992B95243043657125,BGD,ADM2,hospitals,TIME,5400,2577503,246108,100.0,0,0.0,1012459,100.0,0,0.0,2398593,100.0,0,0.0,735460,100.0,0,0.0,199073,100.0,0,0.0,100.0,0,0.0
Narsingdi,,16705992B95243043657125,BGD,ADM2,hospitals,TIME,6000,2577503,246108,100.0,0,0.0,1012459,100.0,0,0.0,2398593,100.0,0,0.0,735460,100.0,0,0.0,199073,100.0,0,0.0,100.0,0,0.0
Narsingdi,,16705992B95243043657125,BGD,ADM2,hospitals,TIME,6600,2577503,246108,100.0,0,0.0,1012459,100.0,0,0.0,2398593,100.0,0,0.0,735460,100.0,0,0.0,199073,100.0,0,0.0,100.0,0,0.0
Narsingdi,,16705992B95243043657125,BGD,ADM2,hospitals,TIME,7200,2577503,246108,100.0,0,0.0,1012459,100.0,0,0.0,2398593,100.0,0,0.0,735460,100.0,0,0.0,199073,100.0,0,0.0,100.0,0,0.0
Noakhali,,16705992B96773862439533,BGD,ADM2,hospitals,TIME,600,865910,91807,24.02,91807,24.02,378507,24.02,378507,24.02,800933,24.01,800933,24.01,250286,24.01,250286,24.01,71750,24.01,71750,24.01,24.01,865910,24.01
Noakhali,,16705992B96773862439533,BGD,ADM2,hospitals,TIME,1200,2014781,213550,55.87,121743,31.85,880534,55.88,502027,31.86,1863561,55.88,1062628,31.86,582399,55.88,332113,31.86,166981,55.87,95231,31.86,55.88,1148871,31.86
Noakhali,,16705992B96773862439533,BGD,ADM2,hospitals,TIME,1800,2717382,288043,75.37,74493,19.49,1187635,75.37,307101,19.49,2513433,75.36,649872,19.49,785480,75.36,203081,19.48,225205,75.36,58224,19.48,75.36,702601,19.49
Noakhali,,16705992B96773862439533,BGD,ADM2,hospitals,TIME,2400,2911537,308564,80.73,20521,5.37,1272305,80.74,84670,5.37,2692984,80.74,179551,5.38,841631,80.75,56151,5.39,241329,80.75,16124,5.4,80.75,194155,5.38
Noakhali,,16705992B96773862439533,BGD,ADM2,hospitals,TIME,3000,3037921,321970,84.24,13406,3.51,1327566,84.25,55261,3.51,2809887,84.25,116903,3.51,878158,84.25,36527,3.5,251798,84.25,10469,3.5,84.25,126384,3.5
Noakhali,,16705992B96773862439533,BGD,ADM2,hospitals,TIME,3600,3047773,323015,84.52,1045,0.27,1331874,84.52,4308,0.27,2819000,84.52,9113,0.27,881005,84.53,2847,0.27,252614,84.53,816,0.27,84.52,9852,0.27
Noakhali,,16705992B96773862439533,BGD,ADM2,hospitals,TIME,4200,3091729,327660,85.73,4645,1.22,1351022,85.73,19148,1.22,2859642,85.74,40642,1.22,893719,85.74,12714,1.22,256272,85.75,3658,1.22,85.74,43956,1.22
Noakhali,,16705992B96773862439533,BGD,ADM2,hospitals,TIME,4800,3091729,327660,85.73,0,0.0,1351022,85.73,0,0.0,2859642,85.74,0,0.0,893719,85.74,0,0.0,256272,85.75,0,0.0,85.74,0,0.0
Noakhali,,16705992B96773862439533,BGD,ADM2,hospitals,TIME,5400,3093170,327813,85.77,153,0.04,1351652,85.77,630,0.04,2860975,85.78,1333,0.04,894135,85.78,416,0.04,256392,85.79,120,0.04,85.78,1441,0.04
Noakhali,,16705992B96773862439533,BGD,ADM2,hospitals,TIME,6000,3093200,327816,85.77,3,0.0,1351665,85.78,13,0.0,2861003,85.78,28,0.0,894144,85.79,9,0.0,256394,85.79,2,0.0,85.78,30,0.0
Noakhali,,16705992B96773862439533,BGD,ADM2,hospitals,TIME,6600,3095610,328072,85.84,256,0.07,1352719,85.84,1054,0.07,2863232,85.85,2229,0.07,894841,85.85,697,0.07,256594,85.86,200,0.07,85.85,2410,0.07
Noakhali,,16705992B96773862439533,BGD,ADM2,hospitals,TIME,7200,3095610,328072,85.84,0,0.0,1352719,85.84,0,0.0,2863232,85.85,0,0.0,894841,85.85,0,0.0,256594,85.86,0,0.0,85.85,0,0.0
Kurigram,,16705992B97164497642406,BGD,ADM2,hospitals,TIME,600,776244,73022,35.81,73022,35.81,279713,35.81,279713,35.81,715688,35.81,715688,35.81,226355,35.81,226355,35.81,66628,35.82,66628,35.82,35.81,776244,35.81
Kurigram,,16705992B97164497642406,BGD,ADM2,hospitals,TIME,1200,1497211,140836,69.08,67814,33.26,539554,69.08,259841,33.27,1380439,69.07,664751,33.26,436551,69.07,210196,33.26,128483,69.07,61855,33.25,69.07,720967,33.26
Kurigram,,16705992B97164497642406,BGD,ADM2,hospitals,TIME,1800,1674142,157481,77.24,16645,8.16,603309,77.24,63755,8.16,1543567,77.23,163128,8.16,488147,77.23,51596,8.16,143671,77.24,15188,8.17,77.23,176931,8.16
Kurigram,,16705992B97164497642406,BGD,ADM2,hospitals,TIME,2400,1797891,169122,82.95,11641,5.71,647901,82.95,44592,5.71,1657663,82.94,114096,5.71,524233,82.94,36086,5.71,154292,82.95,10621,5.71,82.94,123749,5.71
Kurigram,,16705992B97164497642406,BGD,ADM2,hospitals,TIME,3000,1877675,176626,86.63,7504,3.68,676640,86.63,28739,3.68,1731225,86.62,73562,3.68,547497,86.62,23264,3.68,161138,86.63,6846,3.68,86.62,79784,3.68
Kurigram,,16705992B97164497642406,BGD,ADM2,hospitals,TIME,3600,2000872,188216,92.31,11590,5.68,721032,92.31,44392,5.68,1844810,92.31,113585,5.68,583423,92.31,35926,5.68,171713,92.31,10575,5.69,92.31,123197,5.68
Kurigram,,16705992B97164497642406,BGD,ADM2,hospitals,TIME,4200,2008062,188892,92.64,676,0.33,723623,92.65,2591,0.33,1851440,92.64,6630,0.33,585520,92.64,2097,0.33,172330,92.65,617,0.33,92.64,7190,0.33
Kurigram,,16705992B97164497642406,BGD,ADM2,hospitals,TIME,4800,2029769,190930,93.64,2038,1.0,731429,93.65,7806,1.0,1871457,93.64,20017,1.0,591848,93.64,6328,1.0,174190,93.64,1860,1.0,93.64,21707,1.0
Kurigram,,16705992B97164497642406,BGD,ADM2,hospitals,TIME,5400,2032809,191216,93.78,286,0.14,732524,93.79,1095,0.14,1874260,93.78,2803,0.14,592734,93.78,886,0.14,174450,93.78,260,0.14,93.78,3040,0.14
Kurigram,,16705992B97164497642406,BGD,ADM2,hospitals,TIME,6000,2042296,192099,94.22,883,0.43,735915,94.22,3391,0.43,1883014,94.22,8754,0.44,595496,94.22,2762,0.44,175257,94.22,807,0.43,94.22,9487,0.44
Kurigram,,16705992B97164497642406,BGD,ADM2,hospitals,TIME,6600,2046170,192464,94.4,365,0.18,737311,94.4,1396,0.18,1886587,94.4,3573,0.18,596626,94.4,1130,0.18,175590,94.4,333,0.18,94.4,3874,0.18
Kurigram,,16705992B97164497642406,BGD,ADM2,hospitals,TIME,7200,2053801,193182,94.75,718,0.35,740061,94.75,2750,0.35,1893622,94.75,7035,0.35,598851,94.75,2225,0.35,176245,94.75,655,0.35,94.75,7631,0.35
Munshiganj,,16705992B99884694518333,BGD,ADM2,hospitals,TIME,600,567775,46784,36.52,46784,36.52,203258,36.51,203258,36.51,521354,36.46,521354,36.46,167535,36.47,167535,36.47,50862,36.67,50862,36.67,36.48,567775,36.48
Munshiganj,,16705992B99884694518333,BGD,ADM2,hospitals,TIME,1200,1212513,99829,77.92,53045,41.41,433832,77.92,230574,41.41,1113771,77.89,592417,41.43,357833,77.9,190298,41.43,108227,78.04,57365,41.36,77.9,644738,41.42
Munshiganj,,16705992B99884694518333,BGD,ADM2,hospitals,TIME,1800,1361625,112094,87.5,12265,9.57,487138,87.49,53306,9.57,1250878,87.48,137107,9.59,401872,87.49,44039,9.59,121398,87.53,13171,9.5,87.49,149112,9.58
Munshiganj,,16705992B99884694518333,BGD,ADM2,hospitals,TIME,2400,1468192,120821,94.31,8727,6.81,525128,94.31,37990,6.82,1348892,94.34,98014,6.85,433336,94.34,31464,6.85,130784,94.3,9386,6.77,94.33,106567,6.85
Munshiganj,,16705992B99884694518333,BGD,ADM2,hospitals,TIME,3000,1490495,122659,95.74,1838,1.43,533113,95.75,7985,1.43,1369370,95.77,20478,1.43,439916,95.77,6580,1.43,132783,95.74,1999,1.44,95.77,22303,1.43
Munshiganj,,16705992B99884694518333,BGD,ADM2,hospitals,TIME,3600,1498316,123304,96.25,645,0.5,535913,96.25,2800,0.5,1376552,96.27,7182,0.5,442224,96.27,2308,0.5,133484,96.25,701,0.51,96.27,7821,0.5
Munshiganj,,16705992B99884694518333,BGD,ADM2,hospitals,TIME,4200,1509623,124236,96.98,932,0.73,539964,96.98,4051,0.73,1386934,97.0,10382,0.73,445560,97.0,3336,0.73,134498,96.98,1014,0.73,96.99,11307,0.73
Munshiganj,,16705992B99884694518333,BGD,ADM2,hospitals,TIME,4800,1513352,124562,97.23,326,0.25,541363,97.23,1399,0.25,1390360,97.24,3426,0.24,446656,97.23,1096,0.24,134829,97.22,331,0.24,97.23,3729,0.24
Munshiganj,,16705992B99884694518333,BGD,ADM2,hospitals,TIME,5400,1516481,124820,97.43,258,0.2,542483,97.43,1120,0.2,1393234,97.44,2874,0.2,447580,97.44,924,0.2,135110,97.42,281,0.2,97.43,3129,0.2
Munshiganj,,16705992B99884694518333,BGD,ADM2,hospitals,TIME,6000,1518802,125011,97.58,191,0.15,543314,97.58,831,0.15,1395365,97.59,2131,0.15,448265,97.59,685,0.15,135318,97.57,208,0.15,97.58,2321,0.15
Munshiganj,,16705992B99884694518333,BGD,ADM2,hospitals,TIME,6600,1520799,125176,97.71,165,0.13,544029,97.71,715,0.13,1397198,97.71,1833,0.13,448854,97.71,589,0.13,135497,97.7,179,0.13,97.71,1997,0.13
Munshiganj,,16705992B99884694518333,BGD,ADM2,hospitals,TIME,7200,1523542,125402,97.89,226,0.18,545011,97.89,982,0.18,1399717,97.89,2519,0.18,449663,97.89,809,0.18,135743,97.88,246,0.18,97.89,2743,0.18
Rajshani,BD-E,32408957B27409320841034,BGD,ADM1,hospitals,TIME,600,4923628,397711,24.44,397711,24.44,1664405,24.4,1664405,24.4,4566990,24.23,4566990,24.23,1471030,24.18,1471030,24.18,395153,24.07,395153,24.07,24.22,4923628,24.22
Rajshani,BD-E,32408957B27409320841034,BGD,ADM1,hospitals,TIME,1200,8988016,728506,44.76,330795,20.33,3035485,44.5,1371080,20.1,8333307,44.21,3766317,19.98,2680783,44.06,1209753,19.88,725018,44.17,329865,20.1,44.21,4064388,19.99
Rajshani,BD-E,32408957B27409320841034,BGD,ADM1,hospitals,TIME,1800,12698011,1026489,63.07,297983,18.31,4282813,62.79,1247328,18.29,11773374,62.47,3440067,18.25,3790366,62.3,1109583,18.24,1023970,62.38,298952,18.21,62.46,3709995,18.25
Rajshani,BD-E,32408957B27409320841034,BGD,ADM1,hospitals,TIME,2400,16084899,1292416,79.41,265927,16.34,5400897,79.18,1118084,16.39,14910674,79.11,3137300,16.65,4808549,79.03,1018183,16.73,1300052,79.2,276082,16.82,79.12,3386888,16.66
Rajshani,BD-E,32408957B27409320841034,BGD,ADM1,hospitals,TIME,3000,17607951,1413937,86.88,121521,7.47,5911310,86.66,510413,7.48,16322102,86.6,1411428,7.49,5264857,86.53,456308,7.5,1423590,86.73,123538,7.53,86.61,1523052,7.49
Rajshani,BD-E,32408957B27409320841034,BGD,ADM1,hospitals,TIME,3600,18374356,1472364,90.47,58427,3.59,6161623,90.33,250313,3.67,17032543,90.37,710441,3.77,5496893,90.35,232036,3.81,1485550,90.5,61960,3.77,90.38,766405,3.77
Rajshani,BD-E,32408957B27409320841034,BGD,ADM1,hospitals,TIME,4200,18911123,1510806,92.83,38442,2.36,6332565,92.84,170942,2.51,17530653,93.01,498110,2.64,5661377,93.05,164484,2.7,1528405,93.11,42855,2.61,93.02,536767,2.64
Rajshani,BD-E,32408957B27409320841034,BGD,ADM1,hospitals,TIME,4800,19124627,1526382,93.79,15576,0.96,6402128,93.86,69563,1.02,17729149,94.07,198496,1.05,5726554,94.12,65177,1.07,1545084,94.13,16679,1.02,94.07,213504,1.05
Rajshani,BD-E,32408957B27409320841034,BGD,ADM1,hospitals,TIME,5400,19171393,1530377,94.03,3995,0.25,6418676,94.1,16548,0.24,17772588,94.3,43439,0.23,5740433,94.35,13879,0.23,1548777,94.35,3693,0.22,94.3,46766,0.23
Rajshani,BD-E,32408957B27409320841034,BGD,ADM1,hospitals,TIME,6000,19326325,1543669,94.85,13292,0.82,6473086,94.9,54410,0.8,17915946,95.06,143358,0.76,5785914,95.1,45481,0.75,1561562,95.13,12785,0.78,95.06,154932,0.76
Rajshani,BD-E,32408957B27409320841034,BGD,ADM1,hospitals,TIME,6600,19360250,1546573,95.03,2904,0.18,6485131,95.08,12045,0.18,17947494,95.23,31548,0.17,5795963,95.26,10049,0.17,1564205,95.29,2643,0.16,95.23,33925,0.17
Rajshani,BD-E,32408957B27409320841034,BGD,ADM1,hospitals,TIME,7200,19390545,1549067,95.18,2494,0.15,6495572,95.23,10441,0.15,17975571,95.37,28077,0.15,5804967,95.41,9004,0.15,1566660,95.44,2455,0.15,95.38,30295,0.15
Barisal,BD-A,32408957B31852228482374,BGD,ADM1,hospitals,TIME,600,2685934,238233,34.06,238233,34.06,1016189,33.94,1016189,33.94,2451638,33.67,2451638,33.67,755204,33.55,755204,33.55,255307,33.38,255307,33.38,33.64,2685934,33.64
Barisal,BD-A,32408957B31852228482374,BGD,ADM1,hospitals,TIME,1200,3811728,334379,47.81,96146,13.75,1430146,47.77,413957,13.83,3475922,47.74,1024284,14.07,1074469,47.73,319265,14.18,365624,47.8,110317,14.42,47.75,1125794,14.1
Barisal,BD-A,32408957B31852228482374,BGD,ADM1,hospitals,TIME,1800,4755381,419035,59.91,84656,12.1,1785522,59.64,355376,11.87,4337811,59.58,861889,11.84,1339430,59.5,264961,11.77,454770,59.46,89146,11.66,59.57,943653,11.82
Barisal,BD-A,32408957B31852228482374,BGD,ADM1,hospitals,TIME,2400,5550982,487043,69.63,68008,9.72,2076692,69.36,291170,9.73,5062124,69.52,724313,9.95,1565151,69.53,225721,10.03,532282,69.59,77512,10.13,69.53,795601,9.97
Barisal,BD-A,32408957B31852228482374,BGD,ADM1,hospitals,TIME,3000,5842801,512097,73.21,25054,3.58,2185141,72.99,108449,3.62,5327964,73.18,265840,3.65,1647768,73.2,82617,3.67,560543,73.29,28261,3.7,73.19,291819,3.66
Barisal,BD-A,32408957B31852228482374,BGD,ADM1,hospitals,TIME,3600,6241338,545602,78.0,33505,4.79,2331799,77.89,146658,4.9,5690344,78.15,362380,4.98,1761325,78.25,113557,5.04,599818,78.43,39275,5.14,78.18,398537,4.99
Barisal,BD-A,32408957B31852228482374,BGD,ADM1,hospitals,TIME,4200,6358564,556048,79.5,10446,1.49,2375210,79.34,43411,1.45,5797406,79.62,107062,1.47,1794365,79.71,33040,1.47,610899,79.87,11081,1.45,79.65,117226,1.47
Barisal,BD-A,32408957B31852228482374,BGD,ADM1,hospitals,TIME,4800,6431874,562371,80.4,6323,0.9,2401869,80.23,26659,0.89,5864195,80.54,66789,0.92,1815171,80.64,20806,0.92,617993,80.8,7094,0.93,80.56,73310,0.92
Barisal,BD-A,32408957B31852228482374,BGD,ADM1,hospitals,TIME,5400,6834929,595602,85.15,33231,4.75,2547283,85.08,145414,4.86,6229799,85.56,365604,5.02,1929894,85.74,114723,5.1,658597,86.11,40604,5.31,85.61,403055,5.05
Barisal,BD-A,32408957B31852228482374,BGD,ADM1,hospitals,TIME,6000,6857932,597685,85.45,2083,0.3,2555970,85.37,8687,0.29,6250841,85.85,21042,0.29,1936346,86.02,6452,0.29,660738,86.39,2141,0.28,85.9,23003,0.29
Barisal,BD-A,32408957B31852228482374,BGD,ADM1,hospitals,TIME,6600,6880285,599699,85.74,2014,0.29,2564607,85.66,8637,0.29,6271295,86.13,20454,0.28,1942600,86.3,6254,0.28,662812,86.66,2074,0.27,86.18,22353,0.28
Barisal,BD-A,32408957B31852228482374,BGD,ADM1,hospitals,TIME,7200,6895605,601051,85.93,1352,0.19,2570394,85.85,5787,0.19,6285293,86.32,13998,0.19,1946922,86.49,4322,0.19,664254,86.85,1442,0.19,86.37,15320,0.19
Khulna,BD-D,32408957B3859287816056,BGD,ADM1,hospitals,TIME,600,5675273,416943,34.74,416943,34.74,1859526,34.95,1859526,34.95,5221424,35.13,5221424,35.13,1696483,35.2,1696483,35.2,498244,34.86,498244,34.86,35.11,5675273,35.11
Khulna,BD-D,32408957B3859287816056,BGD,ADM1,hospitals,TIME,1200,10072960,745270,62.09,328327,27.35,3310841,62.22,1451315,27.27,9263136,62.33,4041712,27.19,3007212,62.39,1310729,27.2,888622,62.18,390378,27.32,62.31,4397687,27.21
Khulna,BD-D,32408957B3859287816056,BGD,ADM1,hospitals,TIME,1800,12598266,934010,77.81,188740,15.72,4143465,77.87,832624,15.65,11585361,77.95,2322225,15.63,3760448,78.02,753236,15.63,1111457,77.77,222835,15.59,77.94,2525306,15.62
Khulna,BD-D,32408957B3859287816056,BGD,ADM1,hospitals,TIME,2400,14017122,1041241,86.75,107231,8.93,4614777,86.73,471312,8.86,12887727,86.71,1302366,8.76,4180135,86.73,419687,8.71,1239046,86.7,127589,8.93,86.71,1418856,8.78
Khulna,BD-D,32408957B3859287816056,BGD,ADM1,hospitals,TIME,3000,14724928,1093971,91.14,52730,4.39,4848836,91.13,234059,4.4,13538303,91.09,650576,4.38,4391134,91.11,210999,4.38,1301813,91.09,62767,4.39,91.09,707806,4.38
Khulna,BD-D,32408957B3859287816056,BGD,ADM1,hospitals,TIME,3600,15354414,1140894,95.05,46923,3.91,5055004,95.0,206168,3.87,14117283,94.99,578980,3.9,4578198,94.99,187064,3.88,1357243,94.97,55430,3.88,94.99,629486,3.89
Khulna,BD-D,32408957B3859287816056,BGD,ADM1,hospitals,TIME,4200,15600518,1159534,96.6,18640,1.55,5137599,96.55,82595,1.55,14343298,96.51,226015,1.52,4651135,96.5,72937,1.51,1379257,96.51,22014,1.54,96.51,246104,1.52
Khulna,BD-D,32408957B3859287816056,BGD,ADM1,hospitals,TIME,4800,15745922,1169875,97.46,10341,0.86,5184856,97.44,47257,0.89,14477034,97.41,133736,0.9,4694947,97.41,43812,0.91,1392063,97.41,12806,0.9,97.41,145404,0.9
Khulna,BD-D,32408957B3859287816056,BGD,ADM1,hospitals,TIME,5400,15771574,1171759,97.62,1884,0.16,5193301,97.6,8445,0.16,14500566,97.57,23532,0.16,4702571,97.57,7624,0.16,1394383,97.57,2320,0.16,97.57,25652,0.16
Khulna,BD-D,32408957B3859287816056,BGD,ADM1,hospitals,TIME,6000,15830184,1176123,97.99,4364,0.36,5212387,97.96,19086,0.36,14554545,97.93,53979,0.36,4720039,97.93,17468,0.36,1399473,97.93,5090,0.36,97.93,58610,0.36
Khulna,BD-D,32408957B3859287816056,BGD,ADM1,hospitals,TIME,6600,15841282,1176939,98.05,816,0.07,5215994,98.03,3607,0.07,14564758,98.0,10213,0.07,4723355,98.0,3316,0.07,1400445,98.0,972,0.07,98.0,11098,0.07
Khulna,BD-D,32408957B3859287816056,BGD,ADM1,hospitals,TIME,7200,15850695,1177633,98.11,694,0.06,5219073,98.08,3079,0.06,14573393,98.06,8635,0.06,4726140,98.06,2785,0.06,1401297,98.06,852,0.06,98.06,9413,0.06
Sylhet,BD-G,32408957B58397560032916,BGD,ADM1,hospitals,TIME,600,3571508,385893,29.87,385893,29.87,1522919,30.53,1522919,30.53,3334355,30.56,3334355,30.56,988662,30.68,988662,30.68,265091,29.7,265091,29.7,30.5,3571508,30.5
Sylhet,BD-G,32408957B58397560032916,BGD,ADM1,hospitals,TIME,1200,7065041,772160,59.77,386267,29.9,3016072,60.45,1493153,29.93,6591122,60.41,3256767,29.85,1947558,60.44,958896,29.76,529186,59.29,264095,29.59,60.33,3493533,29.83
Sylhet,BD-G,32408957B58397560032916,BGD,ADM1,hospitals,TIME,1800,9049399,992981,76.87,220821,17.09,3859487,77.36,843415,16.91,8437189,77.33,1846067,16.92,2492225,77.34,544667,16.9,683000,76.52,153814,17.23,77.27,1984358,16.94
Sylhet,BD-G,32408957B58397560032916,BGD,ADM1,hospitals,TIME,2400,10191454,1122070,86.86,129089,9.99,4345267,87.1,485780,9.74,9498164,87.06,1060975,9.72,2804787,87.04,312562,9.7,773015,86.6,90015,10.08,87.02,1142055,9.75
Sylhet,BD-G,32408957B58397560032916,BGD,ADM1,hospitals,TIME,3000,10734758,1183857,91.65,61787,4.78,4577023,91.74,231756,4.65,10003085,91.68,504921,4.63,2952581,91.63,147794,4.59,815648,91.38,42633,4.78,91.66,543304,4.64
Sylhet,BD-G,32408957B58397560032916,BGD,ADM1,hospitals,TIME,3600,11051378,1219650,94.42,35793,2.77,4711586,94.44,134563,2.7,10297204,94.38,294119,2.7,3039101,94.32,86520,2.69,840625,94.18,24977,2.8,94.36,316620,2.7
Sylhet,BD-G,32408957B58397560032916,BGD,ADM1,hospitals,TIME,4200,11167437,1233578,95.49,13928,1.08,4761700,95.44,50114,1.0,10404852,95.37,107648,0.99,3069931,95.27,30830,0.96,849944,95.22,9319,1.04,95.36,116059,0.99
Sylhet,BD-G,32408957B58397560032916,BGD,ADM1,hospitals,TIME,4800,11228938,1240522,96.03,6944,0.54,4787754,95.97,26054,0.52,10461942,95.89,57090,0.52,3086760,95.8,16829,0.52,854835,95.77,4891,0.55,95.88,61501,0.53
Sylhet,BD-G,32408957B58397560032916,BGD,ADM1,hospitals,TIME,5400,11250629,1242866,96.21,2344,0.18,4796853,96.15,9099,0.18,10482107,96.07,20165,0.18,3092798,95.98,6038,0.19,856532,95.96,1697,0.19,96.07,21691,0.19
Sylhet,BD-G,32408957B58397560032916,BGD,ADM1,hospitals,TIME,6000,11261985,1244080,96.31,1214,0.09,4801606,96.24,4753,0.1,10492667,96.17,10560,0.1,3095978,96.08,3180,0.1,857416,96.06,884,0.1,96.16,11356,0.1
Sylhet,BD-G,32408957B58397560032916,BGD,ADM1,hospitals,TIME,6600,11275796,1245600,96.42,1520,0.12,4807413,96.36,5807,0.12,10505491,96.29,12824,0.12,3099806,96.2,3828,0.12,858511,96.18,1095,0.12,96.28,13811,0.12
Sylhet,BD-G,32408957B58397560032916,BGD,ADM1,hospitals,TIME,7200,11289688,1247117,96.54,1517,0.12,4813258,96.48,5845,0.12,10518403,96.41,12912,0.12,3103663,96.32,3857,0.12,859600,96.3,1089,0.12,96.4,13892,0.12
Rangpur,BD-F,32408957B77489436868882,BGD,ADM1,hospitals,TIME,600,5986358,530868,35.01,530868,35.01,2134464,35.14,2134464,35.14,5559490,35.15,5559490,35.15,1734046,35.15,1734046,35.15,473697,34.86,473697,34.86,35.12,5986358,35.12
Rangpur,BD-F,32408957B77489436868882,BGD,ADM1,hospitals,TIME,1200,11707288,1038586,68.49,507718,33.48,4171502,68.67,2037038,33.53,10869494,68.72,5310004,33.57,3390746,68.73,1656700,33.58,929376,68.4,455679,33.54,68.69,5720930,33.57
Rangpur,BD-F,32408957B77489436868882,BGD,ADM1,hospitals,TIME,1800,14305194,1268759,83.67,230173,15.18,5092872,83.84,921370,15.17,13279254,83.95,2409760,15.23,4142908,83.97,752162,15.25,1137845,83.74,208469,15.34,83.94,2597906,15.24
Rangpur,BD-F,32408957B77489436868882,BGD,ADM1,hospitals,TIME,2400,15390546,1366441,90.12,97682,6.44,5480668,90.23,387796,6.38,14285980,90.32,1006726,6.36,4456736,90.33,313828,6.36,1224961,90.15,87116,6.41,90.3,1085352,6.37
Rangpur,BD-F,32408957B77489436868882,BGD,ADM1,hospitals,TIME,3000,15985773,1419202,93.6,52761,3.48,5691314,93.69,210646,3.47,14837337,93.8,551357,3.49,4629032,93.82,172296,3.49,1273487,93.72,48526,3.57,93.8,595227,3.49
Rangpur,BD-F,32408957B77489436868882,BGD,ADM1,hospitals,TIME,3600,16163147,1435537,94.67,16335,1.08,5755049,94.74,63735,1.05,15001306,94.84,163969,1.04,4680458,94.87,51426,1.04,1288280,94.81,14793,1.09,94.84,177374,1.04
Rangpur,BD-F,32408957B77489436868882,BGD,ADM1,hospitals,TIME,4200,16289091,1447143,95.44,11606,0.77,5801303,95.5,46254,0.76,15118296,95.58,116990,0.74,4716405,95.6,35947,0.73,1298220,95.55,9940,0.73,95.58,125944,0.74
Rangpur,BD-F,32408957B77489436868882,BGD,ADM1,hospitals,TIME,4800,16404929,1457854,96.15,10711,0.71,5843643,96.2,42340,0.7,15225666,96.26,107370,0.68,4749531,96.27,33126,0.67,1307593,96.23,9373,0.69,96.26,115838,0.68
Rangpur,BD-F,32408957B77489436868882,BGD,ADM1,hospitals,TIME,5400,16420617,1459283,96.24,1429,0.09,5849226,96.29,5583,0.09,15240177,96.35,14511,0.09,4754073,96.36,4542,0.09,1308893,96.33,1300,0.1,96.35,15688,0.09
Rangpur,BD-F,32408957B77489436868882,BGD,ADM1,hospitals,TIME,6000,16620224,1477170,97.42,17887,1.18,5921932,97.49,72706,1.2,15426469,97.53,186292,1.18,4811739,97.53,57666,1.17,1323769,97.43,14876,1.09,97.52,199607,1.17
Rangpur,BD-F,32408957B77489436868882,BGD,ADM1,hospitals,TIME,6600,16633937,1478433,97.5,1263,0.08,5926874,97.57,4942,0.08,15439172,97.61,12703,0.08,4815701,97.61,3962,0.08,1324887,97.51,1118,0.08,97.6,13713,0.08
Rangpur,BD-F,32408957B77489436868882,BGD,ADM1,hospitals,TIME,7200,16683355,1482904,97.8,4471,0.29,5944831,97.87,17957,0.3,15485186,97.9,46014,0.29,4829988,97.9,14287,0.29,1328677,97.79,3790,0.28,97.89,49418,0.29
Dhaka,BD-C,32408957B77718829177955,BGD,ADM1,hospitals,TIME,600,26844443,2020660,55.52,2020660,55.52,8937509,57.05,8937509,57.05,25474086,59.72,25474086,59.72,8044745,59.78,8044745,59.78,1580352,50.41,1580352,50.41,59.08,26844443,59.08
Dhaka,BD-C,32408957B77718829177955,BGD,ADM1,hospitals,TIME,1200,35239711,2737081,75.21,716421,19.69,11930969,76.16,2993460,19.11,33279465,78.01,7805379,18.3,10520111,78.17,2475366,18.39,2235915,71.32,655563,20.91,77.55,8395268,18.48
Dhaka,BD-C,32408957B77718829177955,BGD,ADM1,hospitals,TIME,1800,39039108,3064732,84.21,327651,9.0,13295667,84.87,1364698,8.71,36783579,86.23,3504114,8.21,11625451,86.39,1105340,8.21,2560920,81.68,325005,10.37,85.92,3799397,8.36
Dhaka,BD-C,32408957B77718829177955,BGD,ADM1,hospitals,TIME,2400,41197558,3251083,89.33,186351,5.12,14078837,89.87,783170,5.0,38765429,90.87,1981850,4.65,12248511,91.02,623060,4.63,2754404,87.85,193484,6.17,90.67,2158450,4.75
Dhaka,BD-C,32408957B77718829177955,BGD,ADM1,hospitals,TIME,3000,42456256,3361123,92.36,110040,3.02,14542247,92.83,463410,2.96,39919552,93.58,1154123,2.71,12608825,93.69,360314,2.68,2868826,91.5,114422,3.65,93.44,1258698,2.77
Dhaka,BD-C,32408957B77718829177955,BGD,ADM1,hospitals,TIME,3600,42727409,3385041,93.01,23918,0.66,14642025,93.46,99778,0.64,40168883,94.16,249331,0.58,12686510,94.27,77685,0.58,2892769,92.27,23943,0.76,94.03,271153,0.6
Dhaka,BD-C,32408957B77718829177955,BGD,ADM1,hospitals,TIME,4200,43109149,3418472,93.93,33431,0.92,14780169,94.35,138144,0.88,40518543,94.98,349660,0.82,12796808,95.09,110298,0.82,2927835,93.39,35066,1.12,94.87,381740,0.84
Dhaka,BD-C,32408957B77718829177955,BGD,ADM1,hospitals,TIME,4800,43564914,3462187,95.13,43715,1.2,14958592,95.48,178423,1.14,40941319,95.97,422776,0.99,12926907,96.06,130099,0.97,2964390,94.55,36555,1.17,95.88,455765,1.0
Dhaka,BD-C,32408957B77718829177955,BGD,ADM1,hospitals,TIME,5400,43759640,3479759,95.62,17572,0.48,15029111,95.93,70519,0.45,41119040,96.39,177721,0.42,12982608,96.47,55701,0.41,2982918,95.14,18528,0.59,96.3,194726,0.43
Dhaka,BD-C,32408957B77718829177955,BGD,ADM1,hospitals,TIME,6000,43940518,3495052,96.04,15293,0.42,15092599,96.34,63488,0.41,41284635,96.78,165595,0.39,13035151,96.86,52543,0.39,2999616,95.68,16698,0.53,96.7,180878,0.4
Dhaka,BD-C,32408957B77718829177955,BGD,ADM1,hospitals,TIME,6600,43988234,3499453,96.16,4401,0.12,15110374,96.45,17775,0.11,41328361,96.88,43726,0.1,13048734,96.96,13583,0.1,3003978,95.82,4362,0.14,96.81,47716,0.11
Dhaka,BD-C,32408957B77718829177955,BGD,ADM1,hospitals,TIME,7200,44040528,3504180,96.29,4727,0.13,15129635,96.58,19261,0.12,41376350,96.99,47989,0.11,13063720,97.07,14986,0.11,3008694,95.97,4716,0.15,96.92,52294,0.12
Mymensingh,BD-H,32408957B83626866084602,BGD,ADM1,hospitals,TIME,600,3453803,348817,29.49,348817,29.49,1324829,29.5,1324829,29.5,3171271,29.53,3171271,29.53,945264,29.55,945264,29.55,309550,29.5,309550,29.5,29.53,3453803,29.53
Mymensingh,BD-H,32408957B83626866084602,BGD,ADM1,hospitals,TIME,1200,6993669,706702,59.75,357885,30.26,2682716,59.74,1357887,30.24,6421249,59.79,3249978,30.26,1913305,59.82,968041,30.27,627129,59.77,317579,30.27,59.79,3539866,30.26
Mymensingh,BD-H,32408957B83626866084602,BGD,ADM1,hospitals,TIME,1800,9820956,992692,83.93,285990,24.18,3769129,83.93,1086413,24.19,9017172,83.96,2595923,24.17,2685736,83.97,772431,24.15,880609,83.93,253480,24.16,83.96,2827287,24.17
Mymensingh,BD-H,32408957B83626866084602,BGD,ADM1,hospitals,TIME,2400,11054871,1117694,94.5,125002,10.57,4244612,94.52,475483,10.59,10149788,94.51,1132616,10.55,3022867,94.51,337131,10.54,991561,94.5,110952,10.57,94.5,1233915,10.55
Mymensingh,BD-H,32408957B83626866084602,BGD,ADM1,hospitals,TIME,3000,11263560,1139462,96.34,21768,1.84,4326181,96.33,81569,1.82,10341192,96.29,191404,1.78,3079041,96.27,56174,1.76,1010479,96.31,18918,1.8,96.29,208689,1.78
Mymensingh,BD-H,32408957B83626866084602,BGD,ADM1,hospitals,TIME,3600,11383155,1151315,97.35,11853,1.0,4371183,97.33,45002,1.0,10451090,97.31,109898,1.02,3112061,97.3,33020,1.03,1021111,97.32,10632,1.01,97.31,119595,1.02
Mymensingh,BD-H,32408957B83626866084602,BGD,ADM1,hospitals,TIME,4200,11512728,1164384,98.45,13069,1.11,4421129,98.45,49946,1.11,10570034,98.42,118944,1.11,3147528,98.41,35467,1.11,1032754,98.43,11643,1.11,98.42,129573,1.11
Mymensingh,BD-H,32408957B83626866084602,BGD,ADM1,hospitals,TIME,4800,11529894,1166045,98.59,1661,0.14,4427485,98.59,6356,0.14,10585823,98.56,15789,0.15,3152322,98.56,4794,0.15,1034266,98.57,1512,0.14,98.57,17166,0.15
Mymensingh,BD-H,32408957B83626866084602,BGD,ADM1,hospitals,TIME,5400,11550108,1168078,98.76,2033,0.17,4435212,98.76,7727,0.17,10604395,98.74,18572,0.17,3157860,98.73,5538,0.17,1036066,98.75,1800,0.17,98.74,20214,0.17
Mymensingh,BD-H,32408957B83626866084602,BGD,ADM1,hospitals,TIME,6000,11554257,1168492,98.8,414,0.04,4436794,98.79,1582,0.04,10608205,98.77,3810,0.04,3159002,98.77,1142,0.04,1036437,98.78,371,0.04,98.77,4149,0.04
Mymensingh,BD-H,32408957B83626866084602,BGD,ADM1,hospitals,TIME,6600,11562526,1169296,98.87,804,0.07,4439877,98.86,3083,0.07,10615806,98.84,7601,0.07,3161296,98.84,2294,0.07,1037169,98.85,732,0.07,98.84,8269,0.07
Mymensingh,BD-H,32408957B83626866084602,BGD,ADM1,hospitals,TIME,7200,11569061,1169974,98.92,678,0.06,4442416,98.92,2539,0.06,10621799,98.9,5993,0.06,3163057,98.89,1761,0.06,1037763,98.91,594,0.06,98.9,6535,0.06
Chittagong,BD-B,32408957B94023193097291,BGD,ADM1,hospitals,TIME,600,13343560,1265798,42.23,1265798,42.23,5415285,43.04,5415285,43.04,12441690,43.76,12441690,43.76,3908425,44.09,3908425,44.09,1006253,42.41,1006253,42.41,43.65,13343560,43.65
Chittagong,BD-B,32408957B94023193097291,BGD,ADM1,hospitals,TIME,1200,20645008,1992834,66.49,727036,24.26,8455181,67.2,3039896,24.16,19210447,67.56,6768757,23.81,6024767,67.96,2116342,23.87,1596061,67.27,589808,24.86,67.54,7301448,23.89
Chittagong,BD-B,32408957B94023193097291,BGD,ADM1,hospitals,TIME,1800,24398646,2373644,79.19,380810,12.71,10026450,79.69,1571269,12.49,22681393,79.77,3470946,12.21,7109206,80.2,1084439,12.23,1908115,80.42,312054,13.15,79.82,3753638,12.28
Chittagong,BD-B,32408957B94023193097291,BGD,ADM1,hospitals,TIME,2400,26276322,2567291,85.65,193647,6.46,10811483,85.93,785033,6.24,24423293,85.9,1741900,6.13,7646491,86.26,537285,6.06,2058579,86.77,150464,6.34,85.96,1877676,6.14
Chittagong,BD-B,32408957B94023193097291,BGD,ADM1,hospitals,TIME,3000,27519430,2694489,89.9,127198,4.24,11327710,90.04,516227,4.1,25584724,89.98,1161431,4.08,7996256,90.2,349765,3.95,2149981,90.62,91402,3.85,90.03,1243108,4.07
Chittagong,BD-B,32408957B94023193097291,BGD,ADM1,hospitals,TIME,3600,27852257,2728591,91.03,34102,1.14,11467496,91.15,139786,1.11,25897433,91.08,312709,1.1,8090264,91.26,94008,1.06,2172703,91.58,22722,0.96,91.12,332827,1.09
Chittagong,BD-B,32408957B94023193097291,BGD,ADM1,hospitals,TIME,4200,28404728,2781481,92.8,52890,1.76,11691831,92.93,224335,1.78,26412646,92.89,515213,1.81,8251378,93.08,161114,1.82,2214283,93.33,41580,1.75,92.93,552471,1.81
Chittagong,BD-B,32408957B94023193097291,BGD,ADM1,hospitals,TIME,4800,28633930,2805998,93.62,24517,0.82,11788644,93.7,96813,0.77,26625342,93.64,212696,0.75,8316005,93.81,64627,0.73,2232582,94.1,18299,0.77,93.68,229202,0.75
Chittagong,BD-B,32408957B94023193097291,BGD,ADM1,hospitals,TIME,5400,28726158,2815458,93.93,9460,0.32,11826834,94.0,38190,0.3,26711033,93.94,85691,0.3,8342229,94.11,26224,0.3,2239840,94.41,7258,0.31,93.98,92228,0.3
Chittagong,BD-B,32408957B94023193097291,BGD,ADM1,hospitals,TIME,6000,28832355,2826204,94.29,10746,0.36,11870761,94.35,43927,0.35,26810258,94.29,99225,0.35,8372490,94.45,30261,0.34,2247644,94.74,7804,0.33,94.33,106197,0.35
Chittagong,BD-B,32408957B94023193097291,BGD,ADM1,hospitals,TIME,6600,28889561,2832267,94.49,6063,0.2,11895492,94.55,24731,0.2,26864078,94.48,53820,0.19,8388267,94.62,15777,0.18,2251477,94.9,3833,0.16,94.51,57206,0.19
Chittagong,BD-B,32408957B94023193097291,BGD,ADM1,hospitals,TIME,7200,28910257,2834333,94.56,2066,0.07,11903897,94.62,8405,0.07,26883385,94.55,19307,0.07,8394052,94.69,5785,0.07,2253028,94.96,1551,0.07,94.58,20696,0.07
Bangledesh,BGD,71232402B16306086515200,BGD,ADM0,hospitals,TIME,600,66484510,5604927,39.6,5604927,39.6,23875129,40.51,23875129,40.51,62220946,41.6,62220946,41.6,19543862,41.73,19543862,41.73,4783652,37.83,4783652,37.83,41.31,66484510,41.31
Bangledesh,BGD,71232402B16306086515200,BGD,ADM0,hospitals,TIME,1200,104523426,9055522,63.98,3450595,24.38,38032914,64.53,14157785,24.02,97444145,65.16,35223199,23.55,30558954,65.25,11015092,23.52,7896935,62.46,3113283,24.62,64.95,38038916,23.64
Bangledesh,BGD,71232402B16306086515200,BGD,ADM0,hospitals,TIME,1800,126664965,11072345,78.22,2016823,14.25,46255407,78.48,8222493,13.95,117895136,78.83,20450991,13.67,36945773,78.89,6386819,13.64,9760690,77.2,1863755,14.74,78.7,22141539,13.76
Bangledesh,BGD,71232402B16306086515200,BGD,ADM0,hospitals,TIME,2400,139763758,12245280,86.51,1172935,8.29,51053237,86.62,4797830,8.14,129983183,86.92,12088047,8.08,40733229,86.98,3787456,8.09,10873904,86.0,1113214,8.8,86.84,13098793,8.14
Bangledesh,BGD,71232402B16306086515200,BGD,ADM0,hospitals,TIME,3000,146135461,12818141,90.56,572861,4.05,53409766,90.62,2356529,4.0,135874262,90.85,5891079,3.94,42569497,90.9,1836268,3.92,11404371,90.2,530467,4.2,90.8,6371703,3.96
Bangledesh,BGD,71232402B16306086515200,BGD,ADM0,hospitals,TIME,3600,149147457,13078997,92.4,260856,1.84,54495768,92.46,1086002,1.84,138656089,92.71,2781827,1.86,43444814,92.77,875317,1.87,11658103,92.21,253732,2.01,92.67,3011996,1.87
Bangledesh,BGD,71232402B16306086515200,BGD,ADM0,hospitals,TIME,4200,151353340,13271449,93.76,192452,1.36,55301510,93.83,805742,1.37,140695731,94.08,2039642,1.36,44088931,94.14,644117,1.38,11841600,93.66,183497,1.45,94.05,2205883,1.37
Bangledesh,BGD,71232402B16306086515200,BGD,ADM0,hospitals,TIME,4800,152665032,13391237,94.61,119788,0.85,55794975,94.67,493465,0.84,141910475,94.89,1214744,0.81,44468201,94.95,379270,0.81,11948809,94.5,107209,0.85,94.86,1311692,0.82
Bangledesh,BGD,71232402B16306086515200,BGD,ADM0,hospitals,TIME,5400,153485052,13463187,95.11,71950,0.51,56096500,95.18,301525,0.51,142659710,95.39,749235,0.5,44702471,95.45,234270,0.5,12026008,95.11,77199,0.61,95.37,820020,0.51
Bangledesh,BGD,71232402B16306086515200,BGD,ADM0,hospitals,TIME,6000,154223784,13528479,95.58,65292,0.46,56365137,95.64,268637,0.46,143343570,95.85,683860,0.46,44916663,95.91,214192,0.46,12086659,95.59,60651,0.48,95.83,738732,0.46
Bangledesh,BGD,71232402B16306086515200,BGD,ADM0,hospitals,TIME,6600,154431873,13548265,95.72,19786,0.14,56445767,95.77,80630,0.14,143536460,95.98,192890,0.13,44975725,96.04,59062,0.13,12103487,95.73,16828,0.13,95.96,208089,0.13
Bangledesh,BGD,71232402B16306086515200,BGD,ADM0,hospitals,TIME,7200,154629737,13566262,95.84,17997,0.13,56519080,95.9,73313,0.12,143719383,96.1,182923,0.12,45032514,96.16,56789,0.12,12119975,95.86,16488,0.13,96.08,197864,0.12
